"run","first_frame_us","fonts_to_frame_us","forced_cleanup","close_ms","exit_code","descendants"
"1","164198","145610","False","109.35",,"2"
"2","144352","126152","False","97.38",,"2"
"3","141799","121626","False","104.66",,"2"
"4","146569","128529","False","106.07",,"2"
"5","142782","124072","False","100.5",,"2"
"6","142804","123836","False","102.96",,"2"
"7","142628","124184","False","107.65",,"2"
"8","148443","129505","False","99.49",,"2"
"9","142858","124524","False","95.7",,"2"
"10","143484","122327","False","92.52",,"2"
"11","149734","128777","False","92.86",,"2"
"12","161951","140412","False","105.08",,"2"
"13","148804","130519","False","97.98",,"2"
"14","146301","125347","False","96.77",,"2"
"15","148258","131150","False","104.56",,"2"
