"run","first_frame_us","fonts_to_frame_us","CPU font preparation + metrics","Instance + adapter + device/queue","Surface creation + capabilities + configure","Shader/layout + both pipelines","Atlas + frame view + buffers","Initial grid/layout/projection + instances","Acquire + encode + submit + notify + present","Non-overlapping measured scopes","Glyph pipeline + atlas + glyph layout (defer upper bound)","unscoped_us"
"1","157516","137803","31022","84926","5373","11883","1925","198","1837","137164","7454","639"
"2","155609","135040","27397","85818","5031","12114","2078","169","1744","134351","7963","689"
"3","149475","128920","29118","79509","4212","11744","2181","131","1486","128381","7619","539"
"4","147633","125185","28588","76712","4701","11537","1788","176","1185","124687","7644","498"
"5","158659","134172","31034","80669","5325","12413","2113","183","1850","133587","8394","585"
"6","165384","140833","31365","87990","4675","12017","2430","171","1516","140164","8274","669"
"7","157489","135769","29685","85579","5150","11764","1813","157","1109","135257","7435","512"
"8","157672","135166","27724","82929","4741","13072","2425","163","3290","134344","8178","822"
"9","182911","151663","42588","87587","4648","12699","2057","153","1210","150942","8040","721"
"10","169459","146363","30656","91618","6228","13313","1864","173","1808","145660","8439","703"
"11","162037","141233","31183","87665","5332","12356","2134","166","1844","140680","8236","553"
"12","162577","141734","29892","85882","5458","15913","2099","191","1617","141052","7858","682"
"13","172733","147451","32983","89717","5299","14021","2717","218","1602","146557","9512","894"
"14","169133","147345","32697","85726","7905","15251","2636","152","2043","146410","10887","935"
"15","169219","146826","33815","90787","5653","12477","2215","153","1197","146297","8821","529"
