cohort,run,stage,duration_us
native-1m,1,dxgi-enumerate,305
native-1m,1,d3d12-create-device,109751
native-1m,1,dx12-adapter-expose,118171
native-1m,1,d3d12-create-device,3353
native-1m,1,dx12-adapter-expose,12260
native-1m,1,d3d12-create-queue,6153
native-1m,1,d3d12-create-idle-fence,55
native-1m,1,d3d12-zero-buffer,339
native-1m,1,d3d12-shader-visible-descriptor-heap,29371
native-1m,1,dx12-device-resources,145562
native-1m,2,dxgi-enumerate,287
native-1m,2,d3d12-create-device,38106
native-1m,2,dx12-adapter-expose,47092
native-1m,2,d3d12-create-device,3667
native-1m,2,dx12-adapter-expose,11697
native-1m,2,d3d12-create-queue,5973
native-1m,2,d3d12-create-idle-fence,46
native-1m,2,d3d12-zero-buffer,333
native-1m,2,d3d12-shader-visible-descriptor-heap,38440
native-1m,2,dx12-device-resources,57752
native-1m,3,dxgi-enumerate,302
native-1m,3,d3d12-create-device,46730
native-1m,3,dx12-adapter-expose,56172
native-1m,3,d3d12-create-device,4202
native-1m,3,dx12-adapter-expose,12560
native-1m,3,d3d12-create-queue,5945
native-1m,3,d3d12-create-idle-fence,45
native-1m,3,d3d12-zero-buffer,389
native-1m,3,d3d12-shader-visible-descriptor-heap,33293
native-1m,3,dx12-device-resources,54050
native-1m,4,dxgi-enumerate,284
native-1m,4,d3d12-create-device,52350
native-1m,4,dx12-adapter-expose,61935
native-1m,4,d3d12-create-device,5584
native-1m,4,dx12-adapter-expose,14798
native-1m,4,d3d12-create-queue,8958
native-1m,4,d3d12-create-idle-fence,51
native-1m,4,d3d12-zero-buffer,444
native-1m,4,d3d12-shader-visible-descriptor-heap,47429
native-1m,4,dx12-device-resources,68531
native-1m,5,dxgi-enumerate,407
native-1m,5,d3d12-create-device,58119
native-1m,5,dx12-adapter-expose,67949
native-1m,5,d3d12-create-device,9698
native-1m,5,dx12-adapter-expose,18999
native-1m,5,d3d12-create-queue,12175
native-1m,5,d3d12-create-idle-fence,82
native-1m,5,d3d12-zero-buffer,675
native-1m,5,d3d12-shader-visible-descriptor-heap,47255
native-1m,5,dx12-device-resources,72000
native-1m,6,dxgi-enumerate,287
native-1m,6,d3d12-create-device,34682
native-1m,6,dx12-adapter-expose,43770
native-1m,6,d3d12-create-device,4780
native-1m,6,dx12-adapter-expose,13924
native-1m,6,d3d12-create-queue,5331
native-1m,6,d3d12-create-idle-fence,47
native-1m,6,d3d12-zero-buffer,1068
native-1m,6,d3d12-shader-visible-descriptor-heap,28320
native-1m,6,dx12-device-resources,49428
native-1m,7,dxgi-enumerate,434
native-1m,7,d3d12-create-device,34270
native-1m,7,dx12-adapter-expose,43287
native-1m,7,d3d12-create-device,3254
native-1m,7,dx12-adapter-expose,13289
native-1m,7,d3d12-create-queue,5412
native-1m,7,d3d12-create-idle-fence,45
native-1m,7,d3d12-zero-buffer,287
native-1m,7,d3d12-shader-visible-descriptor-heap,29243
native-1m,7,dx12-device-resources,48191
native-1m,8,dxgi-enumerate,396
native-1m,8,d3d12-create-device,50753
native-1m,8,dx12-adapter-expose,60719
native-1m,8,d3d12-create-device,7227
native-1m,8,dx12-adapter-expose,17364
native-1m,8,d3d12-create-queue,10758
native-1m,8,d3d12-create-idle-fence,75
native-1m,8,d3d12-zero-buffer,1057
native-1m,8,d3d12-shader-visible-descriptor-heap,45480
native-1m,8,dx12-device-resources,71486
native-1m,9,dxgi-enumerate,319
native-1m,9,d3d12-create-device,41866
native-1m,9,dx12-adapter-expose,51446
native-1m,9,d3d12-create-device,7490
native-1m,9,dx12-adapter-expose,33899
native-1m,9,d3d12-create-queue,7812
native-1m,9,d3d12-create-idle-fence,51
native-1m,9,d3d12-zero-buffer,636
native-1m,9,d3d12-shader-visible-descriptor-heap,43304
native-1m,9,dx12-device-resources,64221
native-1m,10,dxgi-enumerate,279
native-1m,10,d3d12-create-device,34793
native-1m,10,dx12-adapter-expose,44535
native-1m,10,d3d12-create-device,3526
native-1m,10,dx12-adapter-expose,12318
native-1m,10,d3d12-create-queue,5424
native-1m,10,d3d12-create-idle-fence,160
native-1m,10,d3d12-zero-buffer,288
native-1m,10,d3d12-shader-visible-descriptor-heap,28116
native-1m,10,dx12-device-resources,47760
native-1m,11,dxgi-enumerate,290
native-1m,11,d3d12-create-device,32873
native-1m,11,dx12-adapter-expose,42104
native-1m,11,d3d12-create-device,3740
native-1m,11,dx12-adapter-expose,12685
native-1m,11,d3d12-create-queue,6204
native-1m,11,d3d12-create-idle-fence,89
native-1m,11,d3d12-zero-buffer,353
native-1m,11,d3d12-shader-visible-descriptor-heap,31343
native-1m,11,dx12-device-resources,50961
native-1m,12,dxgi-enumerate,288
native-1m,12,d3d12-create-device,35028
native-1m,12,dx12-adapter-expose,43742
native-1m,12,d3d12-create-device,4549
native-1m,12,dx12-adapter-expose,13616
native-1m,12,d3d12-create-queue,7711
native-1m,12,d3d12-create-idle-fence,50
native-1m,12,d3d12-zero-buffer,773
native-1m,12,d3d12-shader-visible-descriptor-heap,40339
native-1m,12,dx12-device-resources,62181
native-1m,13,dxgi-enumerate,393
native-1m,13,d3d12-create-device,46307
native-1m,13,dx12-adapter-expose,55289
native-1m,13,d3d12-create-device,4941
native-1m,13,dx12-adapter-expose,14131
native-1m,13,d3d12-create-queue,6076
native-1m,13,d3d12-create-idle-fence,60
native-1m,13,d3d12-zero-buffer,636
native-1m,13,d3d12-shader-visible-descriptor-heap,47639
native-1m,13,dx12-device-resources,69522
native-1m,14,dxgi-enumerate,525
native-1m,14,d3d12-create-device,48982
native-1m,14,dx12-adapter-expose,57225
native-1m,14,d3d12-create-device,6384
native-1m,14,dx12-adapter-expose,16138
native-1m,14,d3d12-create-queue,7941
native-1m,14,d3d12-create-idle-fence,64
native-1m,14,d3d12-zero-buffer,960
native-1m,14,d3d12-shader-visible-descriptor-heap,44700
native-1m,14,dx12-device-resources,70296
native-1m,15,dxgi-enumerate,283
native-1m,15,d3d12-create-device,34375
native-1m,15,dx12-adapter-expose,42388
native-1m,15,d3d12-create-device,3617
native-1m,15,dx12-adapter-expose,11841
native-1m,15,d3d12-create-queue,6154
native-1m,15,d3d12-create-idle-fence,43
native-1m,15,d3d12-zero-buffer,332
native-1m,15,d3d12-shader-visible-descriptor-heap,35694
native-1m,15,dx12-device-resources,54588
native-16k,1,dxgi-enumerate,278
native-16k,1,d3d12-create-device,129509
native-16k,1,dx12-adapter-expose,137763
native-16k,1,d3d12-create-device,12084
native-16k,1,dx12-adapter-expose,19988
native-16k,1,d3d12-create-queue,17432
native-16k,1,d3d12-create-idle-fence,65
native-16k,1,d3d12-zero-buffer,686
native-16k,1,d3d12-shader-visible-descriptor-heap,14359
native-16k,1,dx12-device-resources,141044
native-16k,2,dxgi-enumerate,417
native-16k,2,d3d12-create-device,54030
native-16k,2,dx12-adapter-expose,63939
native-16k,2,d3d12-create-device,5437
native-16k,2,dx12-adapter-expose,14483
native-16k,2,d3d12-create-queue,9148
native-16k,2,d3d12-create-idle-fence,94
native-16k,2,d3d12-zero-buffer,873
native-16k,2,d3d12-shader-visible-descriptor-heap,15880
native-16k,2,dx12-device-resources,45200
native-16k,3,dxgi-enumerate,287
native-16k,3,d3d12-create-device,41319
native-16k,3,dx12-adapter-expose,50340
native-16k,3,d3d12-create-device,5047
native-16k,3,dx12-adapter-expose,13425
native-16k,3,d3d12-create-queue,5154
native-16k,3,d3d12-create-idle-fence,191
native-16k,3,d3d12-zero-buffer,947
native-16k,3,d3d12-shader-visible-descriptor-heap,15112
native-16k,3,dx12-device-resources,40014
native-16k,4,dxgi-enumerate,591
native-16k,4,d3d12-create-device,57279
native-16k,4,dx12-adapter-expose,66803
native-16k,4,d3d12-create-device,5618
native-16k,4,dx12-adapter-expose,14396
native-16k,4,d3d12-create-queue,7663
native-16k,4,d3d12-create-idle-fence,110
native-16k,4,d3d12-zero-buffer,720
native-16k,4,d3d12-shader-visible-descriptor-heap,14138
native-16k,4,dx12-device-resources,33399
native-16k,5,dxgi-enumerate,331
native-16k,5,d3d12-create-device,40081
native-16k,5,dx12-adapter-expose,50047
native-16k,5,d3d12-create-device,5457
native-16k,5,dx12-adapter-expose,13773
native-16k,5,d3d12-create-queue,6116
native-16k,5,d3d12-create-idle-fence,55
native-16k,5,d3d12-zero-buffer,370
native-16k,5,d3d12-shader-visible-descriptor-heap,16533
native-16k,5,dx12-device-resources,38663
native-16k,6,dxgi-enumerate,936
native-16k,6,d3d12-create-device,77922
native-16k,6,dx12-adapter-expose,89244
native-16k,6,d3d12-create-device,10502
native-16k,6,dx12-adapter-expose,20561
native-16k,6,d3d12-create-queue,10532
native-16k,6,d3d12-create-idle-fence,86
native-16k,6,d3d12-zero-buffer,752
native-16k,6,d3d12-shader-visible-descriptor-heap,15928
native-16k,6,dx12-device-resources,40199
native-16k,7,dxgi-enumerate,666
native-16k,7,d3d12-create-device,45298
native-16k,7,dx12-adapter-expose,53944
native-16k,7,d3d12-create-device,4217
native-16k,7,dx12-adapter-expose,12433
native-16k,7,d3d12-create-queue,5628
native-16k,7,d3d12-create-idle-fence,70
native-16k,7,d3d12-zero-buffer,469
native-16k,7,d3d12-shader-visible-descriptor-heap,14897
native-16k,7,dx12-device-resources,33932
native-16k,8,dxgi-enumerate,414
native-16k,8,d3d12-create-device,76091
native-16k,8,dx12-adapter-expose,85512
native-16k,8,d3d12-create-device,8051
native-16k,8,dx12-adapter-expose,18191
native-16k,8,d3d12-create-queue,10975
native-16k,8,d3d12-create-idle-fence,85
native-16k,8,d3d12-zero-buffer,1005
native-16k,8,d3d12-shader-visible-descriptor-heap,15324
native-16k,8,dx12-device-resources,38071
native-16k,9,dxgi-enumerate,639
native-16k,9,d3d12-create-device,73011
native-16k,9,dx12-adapter-expose,83513
native-16k,9,d3d12-create-device,8225
native-16k,9,dx12-adapter-expose,17866
native-16k,9,d3d12-create-queue,7367
native-16k,9,d3d12-create-idle-fence,72
native-16k,9,d3d12-zero-buffer,667
native-16k,9,d3d12-shader-visible-descriptor-heap,17093
native-16k,9,dx12-device-resources,40063
native-16k,10,dxgi-enumerate,277
native-16k,10,d3d12-create-device,37157
native-16k,10,dx12-adapter-expose,46684
native-16k,10,d3d12-create-device,3231
native-16k,10,dx12-adapter-expose,12258
native-16k,10,d3d12-create-queue,10232
native-16k,10,d3d12-create-idle-fence,36
native-16k,10,d3d12-zero-buffer,452
native-16k,10,d3d12-shader-visible-descriptor-heap,14745
native-16k,10,dx12-device-resources,33668
native-16k,11,dxgi-enumerate,404
native-16k,11,d3d12-create-device,48632
native-16k,11,dx12-adapter-expose,57822
native-16k,11,d3d12-create-device,5052
native-16k,11,dx12-adapter-expose,14062
native-16k,11,d3d12-create-queue,7944
native-16k,11,d3d12-create-idle-fence,56
native-16k,11,d3d12-zero-buffer,411
native-16k,11,d3d12-shader-visible-descriptor-heap,16639
native-16k,11,dx12-device-resources,38310
native-16k,12,dxgi-enumerate,287
native-16k,12,d3d12-create-device,46009
native-16k,12,dx12-adapter-expose,55297
native-16k,12,d3d12-create-device,6996
native-16k,12,dx12-adapter-expose,17059
native-16k,12,d3d12-create-queue,10937
native-16k,12,d3d12-create-idle-fence,61
native-16k,12,d3d12-zero-buffer,1196
native-16k,12,d3d12-shader-visible-descriptor-heap,15720
native-16k,12,dx12-device-resources,42430
native-16k,13,dxgi-enumerate,293
native-16k,13,d3d12-create-device,64248
native-16k,13,dx12-adapter-expose,73590
native-16k,13,d3d12-create-device,5780
native-16k,13,dx12-adapter-expose,15039
native-16k,13,d3d12-create-queue,7768
native-16k,13,d3d12-create-idle-fence,133
native-16k,13,d3d12-zero-buffer,806
native-16k,13,d3d12-shader-visible-descriptor-heap,16115
native-16k,13,dx12-device-resources,43795
native-16k,14,dxgi-enumerate,413
native-16k,14,d3d12-create-device,81550
native-16k,14,dx12-adapter-expose,91858
native-16k,14,d3d12-create-device,8533
native-16k,14,dx12-adapter-expose,18919
native-16k,14,d3d12-create-queue,11087
native-16k,14,d3d12-create-idle-fence,79
native-16k,14,d3d12-zero-buffer,848
native-16k,14,d3d12-shader-visible-descriptor-heap,16683
native-16k,14,dx12-device-resources,41601
native-16k,15,dxgi-enumerate,283
native-16k,15,d3d12-create-device,45256
native-16k,15,dx12-adapter-expose,54810
native-16k,15,d3d12-create-device,4209
native-16k,15,dx12-adapter-expose,13214
native-16k,15,d3d12-create-queue,5360
native-16k,15,d3d12-create-idle-fence,50
native-16k,15,d3d12-zero-buffer,603
native-16k,15,d3d12-shader-visible-descriptor-heap,16074
native-16k,15,dx12-device-resources,36842
detailed-16k,1,d3d12-library-load,361
detailed-16k,1,dxgi-library-factory,6753
detailed-16k,1,dxgi-enumerate,265
detailed-16k,1,d3d12-create-device,100217
detailed-16k,1,dx12-adapter-expose,108303
detailed-16k,1,d3d12-create-device,3719
detailed-16k,1,dx12-adapter-expose,12243
detailed-16k,1,core-adapter-selection-and-discard,43195
detailed-16k,1,d3d12-create-queue,4871
detailed-16k,1,d3d12-create-idle-fence,28
detailed-16k,1,d3d12-zero-buffer,440
detailed-16k,1,d3d12-command-signature,20546
detailed-16k,1,d3d12-command-signature,21039
detailed-16k,1,d3d12-command-signature,35216
detailed-16k,1,d3d12-shader-visible-descriptor-heap,1071
detailed-16k,1,dx12-sampler-heap,144
detailed-16k,1,dx12-device-resources,83473
detailed-16k,1,d3d12-command-signature,110210
detailed-16k,1,d3d12-command-signature,109996
detailed-16k,1,d3d12-command-signature,37006
detailed-16k,1,d3d12-command-signature,104699
detailed-16k,1,d3d12-command-signature,108780
detailed-16k,1,d3d12-command-signature,37341
detailed-16k,2,d3d12-library-load,461
detailed-16k,2,dxgi-library-factory,7010
detailed-16k,2,dxgi-enumerate,532
detailed-16k,2,d3d12-create-device,38323
detailed-16k,2,dx12-adapter-expose,47408
detailed-16k,2,d3d12-create-device,5052
detailed-16k,2,dx12-adapter-expose,13052
detailed-16k,2,core-adapter-selection-and-discard,47632
detailed-16k,2,d3d12-create-queue,7252
detailed-16k,2,d3d12-create-idle-fence,63
detailed-16k,2,d3d12-zero-buffer,630
detailed-16k,2,d3d12-command-signature,346
detailed-16k,2,d3d12-command-signature,252
detailed-16k,2,d3d12-command-signature,252
detailed-16k,2,d3d12-shader-visible-descriptor-heap,2765
detailed-16k,2,dx12-sampler-heap,399
detailed-16k,2,dx12-device-resources,17331
detailed-16k,2,d3d12-command-signature,194
detailed-16k,2,d3d12-command-signature,150
detailed-16k,2,d3d12-command-signature,136
detailed-16k,2,d3d12-command-signature,102
detailed-16k,2,d3d12-command-signature,142
detailed-16k,2,d3d12-command-signature,101
detailed-16k,3,d3d12-library-load,699
detailed-16k,3,dxgi-library-factory,6664
detailed-16k,3,dxgi-enumerate,265
detailed-16k,3,d3d12-create-device,33616
detailed-16k,3,dx12-adapter-expose,42438
detailed-16k,3,d3d12-create-device,3663
detailed-16k,3,dx12-adapter-expose,12420
detailed-16k,3,core-adapter-selection-and-discard,45713
detailed-16k,3,d3d12-create-queue,6695
detailed-16k,3,d3d12-create-idle-fence,43
detailed-16k,3,d3d12-zero-buffer,314
detailed-16k,3,d3d12-command-signature,224
detailed-16k,3,d3d12-command-signature,145
detailed-16k,3,d3d12-command-signature,178
detailed-16k,3,d3d12-shader-visible-descriptor-heap,1371
detailed-16k,3,dx12-sampler-heap,183
detailed-16k,3,dx12-device-resources,6812
detailed-16k,3,d3d12-command-signature,204
detailed-16k,3,d3d12-command-signature,194
detailed-16k,3,d3d12-command-signature,130
detailed-16k,3,d3d12-command-signature,100
detailed-16k,3,d3d12-command-signature,134
detailed-16k,3,d3d12-command-signature,92
detailed-16k,4,d3d12-library-load,350
detailed-16k,4,dxgi-library-factory,7127
detailed-16k,4,dxgi-enumerate,375
detailed-16k,4,d3d12-create-device,35691
detailed-16k,4,dx12-adapter-expose,44387
detailed-16k,4,d3d12-create-device,3775
detailed-16k,4,dx12-adapter-expose,16371
detailed-16k,4,core-adapter-selection-and-discard,41286
detailed-16k,4,d3d12-create-queue,4995
detailed-16k,4,d3d12-create-idle-fence,34
detailed-16k,4,d3d12-zero-buffer,264
detailed-16k,4,d3d12-command-signature,152
detailed-16k,4,d3d12-command-signature,144
detailed-16k,4,d3d12-command-signature,120
detailed-16k,4,d3d12-shader-visible-descriptor-heap,1672
detailed-16k,4,dx12-sampler-heap,185
detailed-16k,4,dx12-device-resources,5872
detailed-16k,4,d3d12-command-signature,207
detailed-16k,4,d3d12-command-signature,171
detailed-16k,4,d3d12-command-signature,128
detailed-16k,4,d3d12-command-signature,218
detailed-16k,4,d3d12-command-signature,195
detailed-16k,4,d3d12-command-signature,158
detailed-16k,5,d3d12-library-load,448
detailed-16k,5,dxgi-library-factory,6698
detailed-16k,5,dxgi-enumerate,262
detailed-16k,5,d3d12-create-device,31773
detailed-16k,5,dx12-adapter-expose,40292
detailed-16k,5,d3d12-create-device,3248
detailed-16k,5,dx12-adapter-expose,12021
detailed-16k,5,core-adapter-selection-and-discard,48273
detailed-16k,5,d3d12-create-queue,5052
detailed-16k,5,d3d12-create-idle-fence,73
detailed-16k,5,d3d12-zero-buffer,353
detailed-16k,5,d3d12-command-signature,168
detailed-16k,5,d3d12-command-signature,139
detailed-16k,5,d3d12-command-signature,165
detailed-16k,5,d3d12-shader-visible-descriptor-heap,1137
detailed-16k,5,dx12-sampler-heap,116
detailed-16k,5,dx12-device-resources,6439
detailed-16k,5,d3d12-command-signature,244
detailed-16k,5,d3d12-command-signature,235
detailed-16k,5,d3d12-command-signature,174
detailed-16k,5,d3d12-command-signature,111
detailed-16k,5,d3d12-command-signature,170
detailed-16k,5,d3d12-command-signature,320
detailed-16k,6,d3d12-library-load,447
detailed-16k,6,dxgi-library-factory,6000
detailed-16k,6,dxgi-enumerate,279
detailed-16k,6,d3d12-create-device,30765
detailed-16k,6,dx12-adapter-expose,39851
detailed-16k,6,d3d12-create-device,3642
detailed-16k,6,dx12-adapter-expose,11684
detailed-16k,6,core-adapter-selection-and-discard,44086
detailed-16k,6,d3d12-create-queue,6016
detailed-16k,6,d3d12-create-idle-fence,37
detailed-16k,6,d3d12-zero-buffer,342
detailed-16k,6,d3d12-command-signature,151
detailed-16k,6,d3d12-command-signature,115
detailed-16k,6,d3d12-command-signature,118
detailed-16k,6,d3d12-shader-visible-descriptor-heap,2019
detailed-16k,6,dx12-sampler-heap,186
detailed-16k,6,dx12-device-resources,6423
detailed-16k,6,d3d12-command-signature,329
detailed-16k,6,d3d12-command-signature,361
detailed-16k,6,d3d12-command-signature,205
detailed-16k,6,d3d12-command-signature,103
detailed-16k,6,d3d12-command-signature,136
detailed-16k,6,d3d12-command-signature,153
detailed-16k,7,d3d12-library-load,399
detailed-16k,7,dxgi-library-factory,8283
detailed-16k,7,dxgi-enumerate,256
detailed-16k,7,d3d12-create-device,34196
detailed-16k,7,dx12-adapter-expose,42987
detailed-16k,7,d3d12-create-device,4335
detailed-16k,7,dx12-adapter-expose,12431
detailed-16k,7,core-adapter-selection-and-discard,49877
detailed-16k,7,d3d12-create-queue,5472
detailed-16k,7,d3d12-create-idle-fence,38
detailed-16k,7,d3d12-zero-buffer,348
detailed-16k,7,d3d12-command-signature,188
detailed-16k,7,d3d12-command-signature,160
detailed-16k,7,d3d12-command-signature,189
detailed-16k,7,d3d12-shader-visible-descriptor-heap,1483
detailed-16k,7,dx12-sampler-heap,121
detailed-16k,7,dx12-device-resources,6432
detailed-16k,7,d3d12-command-signature,188
detailed-16k,7,d3d12-command-signature,178
detailed-16k,7,d3d12-command-signature,132
detailed-16k,7,d3d12-command-signature,142
detailed-16k,7,d3d12-command-signature,232
detailed-16k,7,d3d12-command-signature,164
detailed-16k,8,d3d12-library-load,586
detailed-16k,8,dxgi-library-factory,7858
detailed-16k,8,dxgi-enumerate,262
detailed-16k,8,d3d12-create-device,34819
detailed-16k,8,dx12-adapter-expose,43437
detailed-16k,8,d3d12-create-device,3591
detailed-16k,8,dx12-adapter-expose,11825
detailed-16k,8,core-adapter-selection-and-discard,42544
detailed-16k,8,d3d12-create-queue,5498
detailed-16k,8,d3d12-create-idle-fence,33
detailed-16k,8,d3d12-zero-buffer,282
detailed-16k,8,d3d12-command-signature,158
detailed-16k,8,d3d12-command-signature,305
detailed-16k,8,d3d12-command-signature,160
detailed-16k,8,d3d12-shader-visible-descriptor-heap,1158
detailed-16k,8,dx12-sampler-heap,127
detailed-16k,8,dx12-device-resources,6190
detailed-16k,8,d3d12-command-signature,198
detailed-16k,8,d3d12-command-signature,153
detailed-16k,8,d3d12-command-signature,185
detailed-16k,8,d3d12-command-signature,104
detailed-16k,8,d3d12-command-signature,193
detailed-16k,8,d3d12-command-signature,146
detailed-16k,9,d3d12-library-load,382
detailed-16k,9,dxgi-library-factory,6012
detailed-16k,9,dxgi-enumerate,255
detailed-16k,9,d3d12-create-device,32761
detailed-16k,9,dx12-adapter-expose,42144
detailed-16k,9,d3d12-create-device,5912
detailed-16k,9,dx12-adapter-expose,14451
detailed-16k,9,core-adapter-selection-and-discard,48664
detailed-16k,9,d3d12-create-queue,6438
detailed-16k,9,d3d12-create-idle-fence,63
detailed-16k,9,d3d12-zero-buffer,672
detailed-16k,9,d3d12-command-signature,241
detailed-16k,9,d3d12-command-signature,149
detailed-16k,9,d3d12-command-signature,127
detailed-16k,9,d3d12-shader-visible-descriptor-heap,1177
detailed-16k,9,dx12-sampler-heap,112
detailed-16k,9,dx12-device-resources,8359
detailed-16k,9,d3d12-command-signature,247
detailed-16k,9,d3d12-command-signature,397
detailed-16k,9,d3d12-command-signature,273
detailed-16k,9,d3d12-command-signature,149
detailed-16k,9,d3d12-command-signature,157
detailed-16k,9,d3d12-command-signature,119
detailed-16k,10,d3d12-library-load,381
detailed-16k,10,dxgi-library-factory,6167
detailed-16k,10,dxgi-enumerate,364
detailed-16k,10,d3d12-create-device,33713
detailed-16k,10,dx12-adapter-expose,42537
detailed-16k,10,d3d12-create-device,3573
detailed-16k,10,dx12-adapter-expose,11737
detailed-16k,10,core-adapter-selection-and-discard,39890
detailed-16k,10,d3d12-create-queue,6499
detailed-16k,10,d3d12-create-idle-fence,38
detailed-16k,10,d3d12-zero-buffer,378
detailed-16k,10,d3d12-command-signature,158
detailed-16k,10,d3d12-command-signature,109
detailed-16k,10,d3d12-command-signature,148
detailed-16k,10,d3d12-shader-visible-descriptor-heap,1140
detailed-16k,10,dx12-sampler-heap,170
detailed-16k,10,dx12-device-resources,5831
detailed-16k,10,d3d12-command-signature,165
detailed-16k,10,d3d12-command-signature,150
detailed-16k,10,d3d12-command-signature,120
detailed-16k,10,d3d12-command-signature,139
detailed-16k,10,d3d12-command-signature,185
detailed-16k,10,d3d12-command-signature,121
detailed-16k,11,d3d12-library-load,373
detailed-16k,11,dxgi-library-factory,6892
detailed-16k,11,dxgi-enumerate,270
detailed-16k,11,d3d12-create-device,30668
detailed-16k,11,dx12-adapter-expose,39376
detailed-16k,11,d3d12-create-device,6532
detailed-16k,11,dx12-adapter-expose,16973
detailed-16k,11,core-adapter-selection-and-discard,61843
detailed-16k,11,d3d12-create-queue,7520
detailed-16k,11,d3d12-create-idle-fence,61
detailed-16k,11,d3d12-zero-buffer,391
detailed-16k,11,d3d12-command-signature,224
detailed-16k,11,d3d12-command-signature,160
detailed-16k,11,d3d12-command-signature,143
detailed-16k,11,d3d12-shader-visible-descriptor-heap,3505
detailed-16k,11,dx12-sampler-heap,341
detailed-16k,11,dx12-device-resources,12730
detailed-16k,11,d3d12-command-signature,157
detailed-16k,11,d3d12-command-signature,183
detailed-16k,11,d3d12-command-signature,132
detailed-16k,11,d3d12-command-signature,101
detailed-16k,11,d3d12-command-signature,317
detailed-16k,11,d3d12-command-signature,104
detailed-16k,12,d3d12-library-load,630
detailed-16k,12,dxgi-library-factory,7375
detailed-16k,12,dxgi-enumerate,264
detailed-16k,12,d3d12-create-device,36725
detailed-16k,12,dx12-adapter-expose,45788
detailed-16k,12,d3d12-create-device,3981
detailed-16k,12,dx12-adapter-expose,12808
detailed-16k,12,core-adapter-selection-and-discard,39539
detailed-16k,12,d3d12-create-queue,6214
detailed-16k,12,d3d12-create-idle-fence,33
detailed-16k,12,d3d12-zero-buffer,362
detailed-16k,12,d3d12-command-signature,163
detailed-16k,12,d3d12-command-signature,105
detailed-16k,12,d3d12-command-signature,104
detailed-16k,12,d3d12-shader-visible-descriptor-heap,1016
detailed-16k,12,dx12-sampler-heap,161
detailed-16k,12,dx12-device-resources,6063
detailed-16k,12,d3d12-command-signature,359
detailed-16k,12,d3d12-command-signature,512
detailed-16k,12,d3d12-command-signature,139
detailed-16k,12,d3d12-command-signature,139
detailed-16k,12,d3d12-command-signature,149
detailed-16k,12,d3d12-command-signature,103
detailed-16k,13,d3d12-library-load,459
detailed-16k,13,dxgi-library-factory,7074
detailed-16k,13,dxgi-enumerate,274
detailed-16k,13,d3d12-create-device,32506
detailed-16k,13,dx12-adapter-expose,40965
detailed-16k,13,d3d12-create-device,3477
detailed-16k,13,dx12-adapter-expose,11361
detailed-16k,13,core-adapter-selection-and-discard,42693
detailed-16k,13,d3d12-create-queue,7351
detailed-16k,13,d3d12-create-idle-fence,46
detailed-16k,13,d3d12-zero-buffer,427
detailed-16k,13,d3d12-command-signature,431
detailed-16k,13,d3d12-command-signature,164
detailed-16k,13,d3d12-command-signature,250
detailed-16k,13,d3d12-shader-visible-descriptor-heap,1521
detailed-16k,13,dx12-sampler-heap,200
detailed-16k,13,dx12-device-resources,8627
detailed-16k,13,d3d12-command-signature,274
detailed-16k,13,d3d12-command-signature,244
detailed-16k,13,d3d12-command-signature,246
detailed-16k,13,d3d12-command-signature,130
detailed-16k,13,d3d12-command-signature,168
detailed-16k,13,d3d12-command-signature,118
detailed-16k,14,d3d12-library-load,480
detailed-16k,14,dxgi-library-factory,7296
detailed-16k,14,dxgi-enumerate,269
detailed-16k,14,d3d12-create-device,32422
detailed-16k,14,dx12-adapter-expose,40688
detailed-16k,14,d3d12-create-device,3256
detailed-16k,14,dx12-adapter-expose,11634
detailed-16k,14,core-adapter-selection-and-discard,41246
detailed-16k,14,d3d12-create-queue,5169
detailed-16k,14,d3d12-create-idle-fence,35
detailed-16k,14,d3d12-zero-buffer,307
detailed-16k,14,d3d12-command-signature,167
detailed-16k,14,d3d12-command-signature,153
detailed-16k,14,d3d12-command-signature,180
detailed-16k,14,d3d12-shader-visible-descriptor-heap,1567
detailed-16k,14,dx12-sampler-heap,185
detailed-16k,14,dx12-device-resources,7793
detailed-16k,14,d3d12-command-signature,160
detailed-16k,14,d3d12-command-signature,180
detailed-16k,14,d3d12-command-signature,147
detailed-16k,14,d3d12-command-signature,110
detailed-16k,14,d3d12-command-signature,158
detailed-16k,14,d3d12-command-signature,132
detailed-16k,15,d3d12-library-load,435
detailed-16k,15,dxgi-library-factory,6454
detailed-16k,15,dxgi-enumerate,262
detailed-16k,15,d3d12-create-device,31015
detailed-16k,15,dx12-adapter-expose,39943
detailed-16k,15,d3d12-create-device,4014
detailed-16k,15,dx12-adapter-expose,12654
detailed-16k,15,core-adapter-selection-and-discard,41504
detailed-16k,15,d3d12-create-queue,7731
detailed-16k,15,d3d12-create-idle-fence,40
detailed-16k,15,d3d12-zero-buffer,395
detailed-16k,15,d3d12-command-signature,191
detailed-16k,15,d3d12-command-signature,214
detailed-16k,15,d3d12-command-signature,168
detailed-16k,15,d3d12-shader-visible-descriptor-heap,977
detailed-16k,15,dx12-sampler-heap,136
detailed-16k,15,dx12-device-resources,5801
detailed-16k,15,d3d12-command-signature,207
detailed-16k,15,d3d12-command-signature,165
detailed-16k,15,d3d12-command-signature,118
detailed-16k,15,d3d12-command-signature,130
detailed-16k,15,d3d12-command-signature,355
detailed-16k,15,d3d12-command-signature,163
