cohort,batch,run,first_frame_us,fonts_to_frame_us,forced_cleanup,close_ms,exit_code,descendants
before,1,1,262624,232003,False,192.84,0,2
before,1,2,190974,156388,False,202.9,0,2
before,1,3,241527,190829,False,179.58,0,2
before,1,4,370983,303967,False,207.29,0,2
before,1,5,228161,176906,False,181.88,0,2
before,2,1,243398,189992,False,167.98,0,2
before,2,2,199811,167965,False,165.58,0,2
before,2,3,212590,179939,False,165.61,0,2
before,2,4,205281,178675,False,193.05,0,2
before,2,5,263471,214327,False,200.77,0,2
before,3,1,421386,361418,False,170.54,0,2
before,3,2,196155,158466,False,169.42,0,2
before,3,3,197699,156201,False,153.41,0,2
before,3,4,214551,175211,False,164.99,0,2
before,3,5,329824,270075,False,189.45,0,2
before,4,1,178821,149608,False,209.08,0,2
before,4,2,197308,160138,False,200.81,0,2
before,4,3,188107,148750,False,184.34,0,2
before,4,4,207683,177737,False,170.25,0,2
before,4,5,289744,240824,False,165.84,0,2
before,5,1,288000,223471,False,192.22,0,2
before,5,2,196732,172624,False,160.96,0,2
before,5,3,267449,230228,False,151.92,0,2
before,5,4,209214,161896,False,171.4,0,2
before,5,5,181763,151621,False,170.8,0,2
before,6,1,230989,183385,False,186.47,0,2
before,6,2,177418,148173,False,177.37,0,2
before,6,3,262828,231924,False,158.45,0,2
before,6,4,340623,302658,False,165.46,0,2
before,6,5,182687,151779,False,176.22,0,2
after,1,1,1218808,1154920,False,192.25,0,2
after,1,2,215877,164943,False,160.71,0,2
after,1,3,160935,134413,False,131.22,0,2
after,1,4,216242,178245,False,138.59,0,2
after,1,5,309479,228418,False,126.98,0,2
after,2,1,344365,275976,False,175.46,0,2
after,2,2,169555,141923,False,176.24,0,2
after,2,3,167842,136341,False,146.07,0,2
after,2,4,165703,134307,False,142.78,0,2
after,2,5,199708,166974,False,146.59,0,2
after,3,1,332349,271363,False,168.98,0,2
after,3,2,171888,145577,False,174.85,0,2
after,3,3,160104,129408,False,150.31,0,2
after,3,4,171852,141695,False,149.45,0,2
after,3,5,163742,128447,False,163.06,0,2
after,4,1,176280,150419,False,118.47,0,2
after,4,2,153685,130956,False,125.27,0,2
after,4,3,158446,136718,False,116.02,0,2
after,4,4,157436,134318,False,101.87,0,2
after,4,5,225067,188878,False,100.24,0,2
after,5,1,290940,229053,False,145.33,0,2
after,5,2,296090,241177,False,157.15,0,2
after,5,3,177871,148814,False,166.06,0,2
after,5,4,276906,221168,False,132.2,0,2
after,5,5,252440,217197,False,141.18,0,2
after,6,1,382720,316140,False,177.23,0,2
after,6,2,185218,140683,False,183.8,0,2
after,6,3,185488,151713,False,152.99,0,2
after,6,4,151890,129633,False,142.04,0,2
after,6,5,175621,132843,False,169.46,0,2
