"run","first_frame_us","fonts_to_frame_us","first_text_us","show_to_text_us","processed_to_text_us","text_frame_us","forced_cleanup","close_ms","exit_code","descendants","variant","batch","pair","sequence"
"1","1437997","1417050","1529024","67282","8674","8438","False","133.43","","2","baseline","baseline-b","0","1"
"2","167696","146258","240669","49034","6914","6821","False","150.45","","2","baseline","baseline-b","0","2"
"3","157188","139441","240598","52163","9703","9618","False","115.79","","2","baseline","baseline-b","0","3"
"4","146775","127625","228936","55509","7790","7668","False","141.71","","2","baseline","baseline-b","0","4"
"5","153137","134806","232610","59103","6398","6305","False","103.44","","2","baseline","baseline-b","0","5"
"6","141721","124022","210779","49783","7302","7216","False","111.54","","2","baseline","baseline-b","0","6"
"7","161062","138837","270061","49518","6810","6720","False","103.71","","2","baseline","baseline-b","0","7"
"8","145477","128712","218863","51199","6756","6680","False","103.16","","2","baseline","baseline-b","0","8"
"9","158279","139354","235269","57217","8491","7838","False","101.8","","2","baseline","baseline-b","0","9"
"10","150172","130499","229890","56492","7670","7499","False","111.32","","2","baseline","baseline-b","0","10"
"11","157270","136304","249329","56888","8552","8419","False","110.9","","2","baseline","baseline-b","0","11"
"12","142496","124772","213969","54069","7374","7289","False","103.32","","2","baseline","baseline-b","0","12"
"13","158849","136665","304101","57754","11800","11694","False","116.38","","2","baseline","baseline-b","0","13"
"14","155426","132522","257512","66865","8083","7928","False","115.23","","2","baseline","baseline-b","0","14"
"15","182294","151779","251741","52094","9853","9427","False","113.99","","2","baseline","baseline-b","0","15"
"1","523680","503935","837619","291039","235912","235819","False","139.21","","2","candidate","candidate-a","0","16"
"2","141100","120685","227723","63517","15066","14980","False","104.66","","2","candidate","candidate-a","0","17"
"3","136433","118688","223502","65089","14801","14698","False","107.73","","2","candidate","candidate-a","0","18"
"4","137077","118918","216202","60082","13883","13794","False","111.87","","2","candidate","candidate-a","0","19"
"5","134698","116928","217318","62119","16003","15830","False","115.81","","2","candidate","candidate-a","0","20"
"6","135721","118520","224716","66178","14269","14177","False","109.65","","2","candidate","candidate-a","0","21"
"7","138913","118147","218534","60498","15256","15166","False","120.16","","2","candidate","candidate-a","0","22"
"8","133654","116395","222042","70095","15524","15232","False","113.7","","2","candidate","candidate-a","0","23"
"9","161103","138591","259329","66645","15933","15237","False","124.69","","2","candidate","candidate-a","0","24"
"10","134149","116602","201576","48200","13844","13761","False","169.25","","2","candidate","candidate-a","0","25"
"11","186748","164376","312148","59584","16760","16365","False","115.43","","2","candidate","candidate-a","0","26"
"12","151467","127461","269652","68278","16607","16031","False","120.91","","2","candidate","candidate-a","0","27"
"13","158029","138927","333974","61728","17437","16835","False","102.83","","2","candidate","candidate-a","0","28"
"14","140378","119907","266438","76796","15109","14870","False","112.5","","2","candidate","candidate-a","0","29"
"15","137438","114857","250198","78699","16248","15572","False","114.8","","2","candidate","candidate-a","0","30"
"1","139493","122322","220140","61704","7793","7708","False","114.88","","2","baseline","baseline-c","0","31"
"2","139056","118801","214997","53714","7806","7699","False","106.69","","2","baseline","baseline-c","0","32"
"3","137477","120160","215298","53078","6535","6427","False","118.39","","2","baseline","baseline-c","0","33"
"4","140687","122560","211627","50388","7731","7428","False","117.61","","2","baseline","baseline-c","0","34"
"5","136553","119070","212391","48878","7548","7463","False","103.62","","2","baseline","baseline-c","0","35"
"6","137632","118229","202403","47298","8271","8107","False","115.72","","2","baseline","baseline-c","0","36"
"7","142209","123685","221705","59742","8829","8394","False","128.33","","2","baseline","baseline-c","0","37"
"8","143199","124029","217259","54047","7323","7104","False","123.3","","2","baseline","baseline-c","0","38"
"9","138234","118921","216991","56824","6672","6519","False","116.19","","2","baseline","baseline-c","0","39"
"10","139239","120852","219369","56630","7245","7153","False","126.85","","2","baseline","baseline-c","0","40"
"11","138654","120133","218860","60761","8797","8040","False","124.41","","2","baseline","baseline-c","0","41"
"12","135083","117329","216172","58467","7472","7308","False","116.19","","2","baseline","baseline-c","0","42"
"13","139839","120760","215052","54641","8506","8116","False","117.11","","2","baseline","baseline-c","0","43"
"14","134767","117633","204369","49743","7165","6978","False","113.48","","2","baseline","baseline-c","0","44"
"15","140740","123257","208563","47083","7184","7076","False","108.6","","2","baseline","baseline-c","0","45"
"1","142404","123929","231904","65001","16034","15935","False","116.55","","2","candidate","candidate-b","0","46"
"2","132295","112975","204152","52672","14783","14707","False","104.81","","2","candidate","candidate-b","0","47"
"3","131893","114429","212364","60493","13807","13721","False","115.1","","2","candidate","candidate-b","0","48"
"4","131895","113423","221820","65380","14023","13915","False","117.46","","2","candidate","candidate-b","0","49"
"5","143292","119001","219130","52915","16035","15850","False","124.23","","2","candidate","candidate-b","0","50"
"6","174046","139161","256387","61524","14156","14075","False","120.1","","2","candidate","candidate-b","0","51"
"7","130574","112677","219371","67305","16302","16015","False","114.74","","2","candidate","candidate-b","0","52"
"8","132239","112250","213519","60418","15192","15102","False","110.08","","2","candidate","candidate-b","0","53"
"9","138930","120493","222756","56948","15672","15422","False","108.69","","2","candidate","candidate-b","0","54"
"10","139671","120817","218243","55800","16272","16077","False","111.27","","2","candidate","candidate-b","0","55"
"11","136402","119299","223239","65112","15868","15729","False","115.77","","2","candidate","candidate-b","0","56"
"12","130009","112071","203929","53452","15331","15171","False","113.23","","2","candidate","candidate-b","0","57"
"13","138851","119318","225930","64712","14823","14733","False","111.42","","2","candidate","candidate-b","0","58"
"14","133935","116225","222154","54644","16027","15938","False","113.72","","2","candidate","candidate-b","0","59"
"15","137878","119988","233728","65665","14897","14772","False","102.17","","2","candidate","candidate-b","0","60"
"1","164033","141050","243429","55937","8023","7842","False","121.21","","2","baseline","paired-1-baseline","1","61"
"1","147053","127546","247116","68468","17651","17298","False","108.68","","2","candidate","paired-1-candidate","1","62"
"1","136873","118431","222129","62796","15341","15243","False","120.07","","2","candidate","paired-2-candidate","2","63"
"1","150558","130841","221457","50500","10169","10085","False","110.65","","2","baseline","paired-2-baseline","2","64"
"1","150336","131561","229913","52893","7723","7548","False","124.26","","2","baseline","paired-3-baseline","3","65"
"1","147603","126643","241929","67409","20730","19844","False","117.53","","2","candidate","paired-3-candidate","3","66"
"1","176777","151344","270236","67260","18028","17832","False","123.14","","2","candidate","paired-4-candidate","4","67"
"1","150391","127046","219565","49458","7285","7163","False","113.85","","2","baseline","paired-4-baseline","4","68"
"1","178237","151968","270960","59812","9810","9718","False","120.9","","2","baseline","paired-5-baseline","5","69"
"1","144197","123458","223991","57516","17646","17502","False","121.5","","2","candidate","paired-5-candidate","5","70"
"1","131638","111784","269714","108442","30783","30509","False","129.35","","2","candidate","paired-6-candidate","6","71"
"1","140305","122453","215321","51727","7132","7008","False","115","","2","baseline","paired-6-baseline","6","72"
"1","141779","122766","210630","50359","6664","6480","False","125.52","","2","baseline","paired-7-baseline","7","73"
"1","133721","114507","214754","58856","13898","13818","False","123.44","","2","candidate","paired-7-candidate","7","74"
"1","127336","108991","203295","53942","14040","13955","False","118.63","","2","candidate","paired-8-candidate","8","75"
"1","143968","125062","241459","62819","8188","7868","False","128.66","","2","baseline","paired-8-baseline","8","76"
"1","145213","127563","236169","60101","9088","8907","False","128.17","","2","baseline","paired-9-baseline","9","77"
"1","139405","119917","236373","69924","14924","14774","False","122.14","","2","candidate","paired-9-candidate","9","78"
"1","132261","112980","216313","62478","14495","14404","False","126.66","","2","candidate","paired-10-candidate","10","79"
"1","139323","120105","206296","49381","6899","6770","False","136.52","","2","baseline","paired-10-baseline","10","80"
