adapter-request,application-default-state,application-state-and-paths,atlas-texture-create,atlas-view-sampler-bind-group,batch,buffer-create-upload,cli-parse,close_ms,config-read-parse,count-discovery,count-entry-type-canonicalize,count-face-metadata-parse,count-file-map,count-file-open,count-file-open-map,count-file-total,count-file-unmap-close,count-read-dir-open,dep-directory-other,dep-discovery,dep-entry-type-canonicalize,dep-face-metadata-parse,dep-file-map,dep-file-open,dep-file-open-map,dep-file-other,dep-file-total,dep-file-unmap-close,dep-read-dir-open,descendants,device-request,event-loop-create,exit_code,fallback-candidate-collection,fallback-candidate-ordering,fallback-candidate-sort,first-present,first_frame_us,font-cache-setup,font-configured-family-query,font-database-create,font-family-preparation,font-family-resolution,font-generic-family-query,font-metrics,font-preparation-plus-metrics,font-primary-monospace-validation,fonts_to_frame_us,forced_cleanup,frame-texture-view,glyph-atlas,glyph-bind-group-layout,glyph-pipeline,initial-grid-resize,initial-projection,initial-ui-and-pane-layout,instance-buffer-allocation,instance-buffer-writes,instance-generation,pre-present-notify,queue-submit,rectangle-pipeline,render-encoding,run,shader-and-layout,shader-module-create,surface-acquire,surface-capabilities-and-config,surface-configure,surface-create,system-font-discovery,wgpu-core-init,wgpu-instance,window-create-and-branding,workspace-model-and-runtimes
37620,167,206,2140,304,baseline-b,663,560,116.62,124,1,852,724,657,657,657,657,657,3,1166,28337,30,2725,6774,8268,15115,1316,27004,7848,137,2,44609,3363,,8,1328,1297,515,178520,10,,3,30139,41,12,112,30251,0,148976,False,12,2497,67,5777,140,29,4,300,300,2,0,453,5513,708,1,457,365,67,15,11479,59,28695,89671,7442,14524,18
33358,146,184,1699,180,baseline-b,310,403,102.62,182,1,852,724,657,657,657,657,657,3,1013,24313,27,2407,6040,6979,13086,1195,23128,6440,145,2,38310,3285,,8,1263,1233,350,142474,5,,1,26038,34,12,109,26147,0,123474,False,11,1943,39,5885,116,37,2,126,148,1,0,425,4645,472,2,366,307,43,8,4786,25,24676,77412,5744,13810,12
34010,152,195,1791,267,baseline-b,309,402,108.49,185,1,852,724,657,657,657,657,657,3,1237,27410,27,2854,6635,8133,14835,1340,25963,6934,183,2,37785,7129,,10,1221,1188,553,154184,4,,2,29091,37,12,126,29217,0,129805,False,10,2105,38,5373,112,24,3,112,171,1,0,516,4690,780,3,331,274,45,9,5119,30,27768,80030,8235,15277,13
32093,127,158,1314,157,baseline-b,163,382,106.7,122,1,852,724,657,657,657,657,657,3,991,25251,24,2462,6365,7261,13698,1207,24130,6763,106,2,38731,3413,,16,1070,1037,275,140341,4,,1,26963,66,14,96,27059,0,122854,False,8,1503,35,5158,110,39,2,65,77,1,0,293,5488,395,4,381,323,38,9,4318,25,25755,77116,6292,12227,10
31833,146,181,1357,154,baseline-b,205,388,122.41,133,1,852,724,657,657,657,657,657,3,1070,25460,26,2478,6251,7270,13590,1341,24249,6840,115,2,38257,3563,,7,1143,1117,298,140016,4,,1,27029,34,12,87,27116,0,122301,False,7,1550,36,6324,124,27,2,83,97,1,0,300,4469,424,5,359,304,37,9,4624,25,25789,75908,5818,12377,10
31283,126,157,1249,230,baseline-b,259,375,122.6,146,1,852,724,657,657,657,657,657,3,1055,26027,24,2448,6384,7354,13805,1540,24806,7013,142,2,36827,3312,,7,1075,1050,341,138814,4,,1,27523,34,11,76,27599,0,120590,False,10,1529,37,5900,130,32,4,100,129,1,0,361,4697,717,6,364,308,88,8,4408,25,26354,73457,5347,13021,10
31047,137,173,1569,198,baseline-b,171,383,97.7,297,1,852,724,657,657,657,657,657,3,1048,25543,27,2512,6332,7304,13705,1259,24322,6846,146,2,37842,3332,,11,1300,1268,285,140414,4,,1,27425,202,24,93,27518,0,121780,False,10,1805,43,5361,116,27,2,72,77,1,0,350,4742,439,7,371,307,44,9,5286,25,25859,74763,5874,13329,13
31223,128,159,1280,141,baseline-b,174,353,113.05,145,1,852,724,657,657,657,657,657,3,1366,26274,26,2548,6463,7722,14258,1252,24733,6675,149,2,38401,3595,,15,1261,1220,337,146156,5,,1,27986,44,21,112,28098,0,122331,False,8,1460,40,5577,170,26,2,75,77,1,0,343,4957,395,8,360,296,41,10,4735,25,26617,75132,5508,18317,10
32489,127,173,1579,275,baseline-b,236,394,112.49,153,1,852,724,657,657,657,657,657,3,1200,26171,26,2397,6796,7459,14342,1350,24834,6745,111,2,38976,3094,,10,1122,1094,343,142618,4,,0,27856,49,25,105,27961,0,124921,False,10,1908,40,6104,113,22,2,100,109,1,0,510,4814,548,9,381,321,37,8,4248,24,26620,77179,5714,12880,11
30524,137,170,1397,132,baseline-b,156,396,107.4,151,1,852,724,657,657,657,657,657,3,1126,25208,25,2480,6215,7293,13581,1227,23942,6654,115,2,38112,4018,,6,1211,1186,737,139834,4,,1,26817,31,10,112,26929,0,120782,False,7,1559,48,4952,119,25,2,63,71,1,0,309,5319,405,10,610,529,54,8,4247,25,25514,74806,6170,13060,12
31165,139,171,1792,224,baseline-b,256,395,116.2,145,1,852,724,657,657,657,657,657,3,1016,25214,28,2503,6146,7370,13585,1256,24063,6719,107,2,40347,3763,,7,1118,1093,415,143194,4,,1,26769,32,10,91,26860,0,125825,False,12,2060,53,5207,134,64,2,96,127,1,0,426,5091,623,11,409,334,54,8,6227,24,25561,77464,5952,11944,11
33100,133,165,1299,151,baseline-b,170,333,121.96,143,1,852,724,657,657,657,657,657,3,1022,25075,27,2564,6218,7220,13507,1195,23866,6600,160,2,37120,3845,,9,1228,1198,341,140714,5,,1,26724,34,12,117,26841,0,123469,False,8,1483,55,5449,139,25,2,71,78,1,0,426,4786,381,12,381,306,54,10,4847,39,25400,77287,7067,11801,10
29990,133,169,2190,248,baseline-b,234,380,113.58,152,1,852,724,657,657,657,657,657,3,1029,25029,27,2496,6212,7109,13393,1214,23827,6724,146,2,37371,4679,,7,1084,1057,318,138111,4,,1,26665,32,10,85,26750,0,119636,False,12,2497,44,5185,112,38,2,92,104,1,0,351,4787,488,13,368,306,38,9,4444,26,25490,73475,6114,12063,11
33854,139,178,1625,354,baseline-b,229,346,119.99,156,1,852,724,657,657,657,657,657,3,1180,27975,26,2463,6548,7537,14153,1896,26639,8127,130,2,37799,4540,,10,1317,1285,312,145542,5,,1,29769,41,15,107,29876,0,126725,False,9,2045,44,4797,140,35,4,103,101,1,0,481,5025,466,14,380,315,47,8,3967,27,28343,78264,6611,12369,11
31490,130,163,1455,160,baseline-b,219,498,116.43,144,1,852,724,657,657,657,657,657,3,1031,25034,27,2514,6184,7124,13381,1249,23863,6719,113,2,37285,3462,,6,1322,1293,288,138338,4,,1,26772,33,11,104,26876,0,120522,False,9,1651,46,5216,131,29,2,73,108,1,0,343,4828,565,15,373,307,44,8,4973,25,25348,74317,5542,12527,11
31276,156,188,1087,167,baseline-consolas,221,16656,109.54,154,1,852,724,657,657,657,657,657,3,1010,26573,24,2519,6248,7207,13522,2649,25427,6737,112,2,34179,4975,,9,1090,1062,329,153779,4,9,0,28058,32,,80,28138,0,116962,False,8,1298,37,5501,96,47,2,96,100,1,0,382,4283,559,1,362,306,44,8,3678,26,26876,71378,5923,12972,12
32022,133,164,1000,155,baseline-consolas,197,410,107.91,121,1,852,724,657,657,657,657,657,3,968,24432,24,2402,6056,7268,13385,1181,23323,6355,117,2,35797,3700,,7,1130,1105,391,136127,4,9,0,26145,34,,99,26244,0,118837,False,8,1203,40,4796,120,33,3,70,81,1,0,533,5072,533,2,335,277,45,8,4705,25,24888,73860,6041,11698,10
31607,118,149,1332,260,baseline-consolas,242,569,106.3,151,1,852,724,657,657,657,657,657,3,911,24116,27,2416,6089,6982,13136,1154,23062,6356,116,2,35484,3465,,7,1082,1057,304,134758,4,10,0,25620,32,,83,25703,0,116971,False,9,1640,36,5477,118,40,2,113,103,1,0,315,4323,372,3,360,305,40,8,4452,25,24445,73091,6000,12060,11
29823,133,164,1396,222,baseline-consolas,208,436,123.65,155,1,852,724,657,657,657,657,657,3,1007,26553,25,2585,6258,7437,13764,1606,25405,7450,116,2,34723,3269,,10,1267,1235,334,134055,5,9,0,28258,35,,130,28388,0,117524,False,10,1659,62,5133,140,35,4,75,107,1,0,437,4893,622,4,397,312,49,8,4262,44,26890,70058,5512,11479,11
29826,136,172,1025,155,baseline-consolas,206,476,114.23,170,1,852,724,657,657,657,657,657,3,989,26119,27,2570,6540,7138,13751,1618,24990,7051,113,2,35897,4462,,10,1061,1033,304,135748,4,10,0,27735,33,,88,27823,0,117577,False,8,1211,40,5152,131,29,2,71,112,1,0,429,4696,839,5,472,404,44,8,3989,25,26583,71724,6001,11609,11
30291,129,161,1229,152,baseline-consolas,201,396,110.22,151,1,852,724,657,657,657,657,657,3,972,25354,25,2434,6309,7226,13613,1351,24249,6851,108,2,37503,3578,,7,1159,1133,423,135867,4,9,0,26965,33,,83,27048,0,118819,False,8,1435,37,5266,154,28,2,67,96,1,0,389,4623,366,6,370,314,42,8,4638,25,25715,73242,5448,11756,11
31113,122,158,1108,146,baseline-consolas,192,471,100.61,133,1,852,724,657,657,657,657,657,3,1047,25247,27,2395,6312,7128,13512,1442,24062,6713,111,2,35693,3417,,7,1163,1137,297,135330,3,11,0,26928,33,,85,27013,0,117420,False,7,1286,39,4783,109,34,7,60,95,1,0,592,4405,929,7,382,324,47,9,4382,26,25674,72284,5478,12698,10
29442,129,161,1246,180,baseline-consolas,330,415,116.17,135,1,852,724,657,657,657,657,657,3,886,24156,23,2300,6040,6925,13031,1368,23134,6435,113,2,35332,3514,,6,1515,1475,345,134030,8,9,0,26090,32,,110,26200,0,116305,False,9,1463,37,5033,117,31,3,83,190,1,0,336,4614,591,8,444,385,57,9,4084,25,24478,72049,7275,12493,10
30685,144,193,1506,178,baseline-consolas,225,428,114.23,148,1,852,724,657,657,657,657,657,3,979,25134,35,2467,6424,7126,13618,1250,24010,6675,110,2,35689,2962,,7,1114,1089,385,134745,4,10,0,26703,34,,96,26799,0,117708,False,13,1721,45,5001,136,79,4,85,115,1,0,474,4950,464,9,588,500,57,8,3991,24,25490,72189,5815,12083,12
31254,138,170,1161,144,baseline-consolas,172,525,128.17,169,1,852,724,657,657,657,657,657,3,1001,26432,25,2649,6222,7551,13836,1535,25234,7214,172,2,35348,3696,,8,1117,1089,332,137608,4,10,0,27951,34,,94,28045,0,118064,False,8,1350,44,4928,322,27,2,63,87,1,0,304,4680,351,10,378,311,47,9,4031,31,26741,72569,5967,13617,15
30834,130,162,1221,167,baseline-consolas,740,385,108.28,158,1,852,724,657,657,657,657,657,3,1011,26146,26,2514,6583,7616,14272,1277,24955,6892,154,2,35708,3364,,12,1256,1222,446,136604,5,11,1,27856,37,,107,27963,0,119843,False,8,1422,52,4972,131,53,3,320,371,1,0,458,5114,481,11,365,294,49,8,4542,27,26500,72440,5898,11257,11
31237,226,278,1422,179,baseline-consolas,281,437,106.78,160,1,852,724,657,657,657,657,657,3,1008,26638,29,2643,6442,7389,13901,1630,25480,7306,121,2,36802,2993,,7,1291,1264,353,137563,5,11,0,28401,93,,248,28649,0,120564,False,10,1639,36,5388,118,28,2,112,130,1,0,394,4821,508,12,408,350,50,8,3768,24,26955,73612,5573,11801,11
30264,126,157,1166,197,baseline-consolas,208,435,112.13,126,1,852,724,657,657,657,657,657,3,930,24246,25,2420,6109,6926,13110,1196,23165,6439,126,2,35639,3464,,13,1120,1089,355,135266,4,9,0,25888,32,,74,25962,0,117210,False,14,1403,39,5963,128,37,3,84,99,1,0,360,4686,597,13,355,298,46,9,4122,25,24678,72349,6446,12670,10
30443,124,155,1028,133,baseline-consolas,158,401,117.22,153,1,852,724,657,657,657,657,657,3,964,24549,22,2409,5992,7161,13217,1195,23456,6635,107,2,37008,3094,,8,1101,1075,303,133723,4,10,0,26062,32,,74,26136,0,117029,False,8,1193,40,4984,169,42,2,61,76,1,0,305,5372,422,14,410,347,38,8,3767,25,24873,73247,5796,11906,62
31366,135,175,1117,214,baseline-consolas,185,556,107.54,143,1,852,724,657,657,657,657,657,3,941,24219,24,2359,6011,7014,13095,1182,23134,6498,120,2,35749,3485,,8,1089,1063,313,135760,4,10,0,25715,33,,72,25787,0,117756,False,9,1362,42,5876,145,33,3,80,82,1,0,275,4952,398,15,376,313,44,8,4509,25,24535,72926,5811,12398,11
94014,162,205,1240,218,candidate-b,236,526,138.48,138,1,852,724,657,657,657,657,657,3,1144,28605,28,2725,6743,7779,14592,2680,27302,7305,131,2,36629,3456,,7,135,109,314,204676,6,,1,29205,37,10,89,29294,0,185744,False,14,1500,63,5989,139,28,3,94,114,2,0,349,5370,529,1,445,360,56,29,4184,44,28969,136706,6063,13393,16
32609,137,173,1383,238,candidate-b,415,375,98.08,149,1,852,724,657,657,657,657,657,3,1250,29595,28,2885,7042,7863,14979,2865,28063,7334,254,2,36118,3307,,7,132,105,366,141934,4,,1,30242,36,12,110,30352,0,124679,False,9,1666,92,5461,121,32,4,204,175,1,0,396,5099,634,2,475,345,52,8,4654,23,30013,74332,5605,12035,14
31343,133,166,1272,170,candidate-b,212,434,102.34,145,1,852,724,657,657,657,657,657,3,1215,30091,34,2866,6849,8141,15063,2968,28721,7824,121,2,35988,3624,,6,129,104,342,140242,3,,1,30658,33,11,86,30744,0,122448,False,8,1487,35,5575,113,45,2,71,113,1,0,540,4426,493,3,378,317,40,8,4068,26,30434,73470,6139,12155,10
32826,145,178,1157,194,candidate-b,259,405,116.01,149,1,852,724,657,657,657,657,657,3,1119,28589,28,2773,6737,7795,14607,2674,27306,7252,136,2,36496,3042,,6,129,103,333,141143,3,,1,29184,33,10,90,29274,0,123876,False,8,1388,54,5366,117,23,2,129,104,1,0,364,5220,527,4,399,323,41,10,4630,25,28961,75388,6066,12173,11
31046,172,211,1180,185,candidate-b,247,433,111.8,146,1,852,724,657,657,657,657,657,3,1141,29240,27,3010,6773,7854,14704,2713,27944,7517,128,2,36104,3404,,7,137,103,334,140551,3,,1,29792,33,11,90,29882,0,122399,False,9,1405,44,5913,120,35,1,112,109,1,0,359,4985,525,5,677,588,39,8,4274,25,29560,73098,5948,12475,11
30753,127,161,1183,355,candidate-b,343,407,104.71,131,1,852,724,657,657,657,657,657,3,1169,29142,29,2761,7024,7691,14788,2825,27805,7431,139,2,35122,4195,,11,138,106,326,140194,4,,1,29818,39,13,117,29935,0,122200,False,73,1580,43,5635,123,38,2,167,141,1,0,340,4620,553,6,402,338,41,9,5184,26,29579,72498,6623,11893,9
32529,329,402,979,171,candidate-b,189,377,104.87,166,1,852,724,657,657,657,657,657,3,1213,29929,30,2861,6860,8206,15143,2838,28533,7691,153,2,35910,4101,,7,137,112,310,141916,3,,1,30474,33,11,80,30554,0,123706,False,8,1192,38,5420,152,30,3,88,78,1,0,349,4540,408,7,361,305,58,8,4807,26,30244,74741,6302,12123,12
32511,129,161,1623,185,candidate-b,222,401,105.35,122,1,852,724,657,657,657,657,657,3,1289,30396,30,2851,6876,8204,15155,3135,28940,7799,137,2,37582,3303,,8,132,105,358,144430,3,,1,30971,36,12,97,31068,0,126592,False,10,1862,43,5186,138,38,2,96,100,1,0,320,4540,460,8,383,321,49,9,5278,25,30741,76186,6093,12755,9
31804,138,174,1341,203,candidate-b,194,431,114.88,198,1,852,724,657,657,657,657,657,3,1123,28515,29,2746,6641,7756,14470,2705,27181,7260,182,2,35642,4067,,6,130,104,306,140246,3,,1,29055,34,11,91,29146,0,122192,False,9,1582,38,5347,102,46,2,80,89,1,0,335,5161,521,9,393,334,38,13,4329,27,28830,74164,6718,12013,10
32537,129,161,1278,152,candidate-b,226,450,99.15,124,1,852,724,657,657,657,657,657,3,1210,29324,26,2809,6766,7872,14709,2812,27944,7614,144,2,34896,3586,,7,137,110,302,140884,3,,2,29910,34,11,90,30000,0,123191,False,8,1470,46,5303,126,29,4,100,101,1,0,466,5152,459,10,378,311,49,8,3835,25,29677,74573,7140,11852,9
30005,137,173,1253,172,candidate-b,221,371,118.04,162,1,852,724,657,657,657,657,657,3,977,25648,26,2510,6523,7331,13923,1195,24524,6896,121,2,35947,3403,,7,122,96,294,134222,3,,1,26226,32,10,138,26364,0,116362,False,9,1461,36,5244,146,36,2,86,110,1,0,340,5204,436,11,383,328,37,8,3834,22,25965,71873,5921,12477,8
30497,129,160,1250,189,candidate-b,288,418,100.49,125,1,852,724,657,657,657,657,657,3,947,24332,26,2419,6066,7048,13181,1166,23226,6460,133,2,36051,3821,,7,131,104,322,135138,3,,1,25003,35,11,130,25133,0,116106,False,11,1484,45,5038,132,35,2,101,126,1,0,363,4686,572,12,414,339,41,8,4539,22,24773,72571,6023,13200,9
31914,130,161,1449,167,candidate-b,206,401,117.42,117,1,852,724,657,657,657,657,657,3,1144,27942,28,2590,6770,7761,14605,1760,26651,7696,119,2,36296,3457,,8,131,105,361,139653,4,,1,28766,35,12,113,28879,0,121427,False,9,1652,44,5216,113,29,3,83,98,1,0,358,4683,510,13,421,354,42,9,4277,22,28538,74070,5860,12905,8
31968,132,163,1535,224,candidate-b,297,403,123.61,130,1,852,724,657,657,657,657,657,3,966,25052,27,2514,6177,7124,13374,1233,23939,6818,120,2,35985,3551,,7,137,105,363,136305,3,,1,25632,32,11,94,25726,0,118636,False,12,1811,40,5473,134,48,2,126,138,1,0,416,4791,519,14,366,307,46,8,4662,22,25365,73478,5525,12213,9
31176,140,173,1240,203,candidate-b,232,390,126.16,154,1,852,724,657,657,657,657,657,3,1000,25279,29,2542,6345,7283,13699,1249,24129,6639,121,2,37121,3355,,10,136,108,344,137948,3,,1,25809,32,11,75,25884,0,120236,False,9,1479,42,5542,101,23,2,84,123,2,0,339,5322,509,15,378,315,41,15,5494,22,25585,73995,5698,12414,17
28745,137,173,1424,210,candidate-consolas,298,414,120.83,150,1,852,724,657,657,657,657,657,3,936,24395,26,2472,6059,6993,13117,1196,23319,6534,114,2,38903,3437,,7,131,103,293,136343,3,9,0,25059,32,,79,25138,0,118824,False,10,1680,40,5402,132,26,3,127,137,1,0,353,5176,425,1,368,306,41,9,4795,22,24839,74115,6467,11815,10
30919,129,161,1437,166,candidate-consolas,245,475,116.99,158,1,852,724,657,657,657,657,657,3,941,24602,26,2442,6168,7140,13372,1236,23499,6449,136,2,35647,3247,,8,123,98,308,133398,3,10,0,25165,45,,76,25241,8,116841,False,9,1639,41,5222,129,34,3,77,135,1,0,393,4983,937,2,419,356,41,8,4428,32,24941,72135,5569,11259,10
29667,124,155,1501,204,candidate-consolas,253,408,107.25,159,1,852,724,657,657,657,657,657,3,949,25215,26,2518,6270,7363,13706,1190,24115,6701,125,2,35345,4012,,8,131,104,336,132340,3,10,0,25777,32,,91,25868,0,115158,False,10,1759,33,4903,117,22,2,116,107,1,0,350,4850,654,3,377,325,38,9,4557,22,25555,70572,5560,11472,9
31701,123,155,1177,152,candidate-consolas,189,400,110.2,135,1,852,724,657,657,657,657,657,3,1022,24686,25,2444,6145,7036,13254,1206,23501,6597,138,2,35464,3762,,10,133,105,537,133601,3,10,0,25289,33,,87,25376,0,116760,False,7,1367,39,4890,150,32,2,68,83,1,0,350,4914,506,4,338,282,45,8,4723,23,25062,72725,5560,11375,9
30639,138,174,1416,325,candidate-consolas,272,395,112.94,157,1,852,724,657,657,657,657,657,3,952,25050,28,2505,6203,7255,13543,1230,23952,6674,118,2,36131,3465,,8,124,98,337,135067,3,11,0,25622,36,,97,25719,0,117080,False,10,1784,36,5087,117,25,2,127,111,1,0,376,4893,553,5,367,312,40,8,4408,22,25403,72592,5822,12595,11
33160,152,190,1742,188,candidate-consolas,359,445,115.44,171,1,852,724,657,657,657,657,657,3,1070,27175,27,2833,6678,7999,14748,1344,25930,7005,148,2,37531,3702,,10,125,97,440,146455,3,11,0,27718,33,,69,27787,0,126892,False,10,1974,50,5419,109,24,2,142,173,1,0,385,5069,365,6,465,385,44,9,5218,33,27503,78670,7979,13960,11
32715,157,198,1763,210,candidate-consolas,304,440,109.51,187,1,852,724,657,657,657,657,657,3,1130,28059,28,2615,6787,8562,15426,1304,26761,7416,140,2,43441,3364,,8,124,98,303,153238,3,11,1,28730,34,,88,28818,0,133650,False,8,2014,40,5473,150,25,2,107,165,1,0,403,4844,502,7,367,306,44,8,7541,23,28514,82348,6192,14267,11
32847,145,182,1790,216,candidate-consolas,240,447,109.47,164,1,852,724,657,657,657,657,657,3,1105,26701,29,2804,6640,7522,14237,1356,25438,7041,129,2,38804,3747,,7,130,105,446,146310,3,11,0,27228,34,,72,27300,0,128050,False,8,2047,55,5173,138,29,2,100,115,1,0,298,5114,534,8,381,306,86,8,8359,22,27008,77364,5713,12660,10
31451,134,166,3383,394,candidate-consolas,645,466,118.61,146,1,852,724,657,657,657,657,657,3,973,24954,27,2443,6264,7352,13684,1219,23821,6475,133,2,41376,4105,,23,146,104,359,150850,3,14,0,25515,34,,67,25582,0,132507,False,13,3825,51,6164,141,25,2,218,385,1,0,710,4891,490,9,509,398,42,8,9634,24,25278,78961,6134,12440,9
31801,128,160,2166,250,candidate-consolas,401,377,107.28,158,1,852,724,657,657,657,657,657,3,932,24156,26,2423,6203,6886,13157,1196,23059,6283,139,2,39490,4251,,6,131,104,316,139693,3,11,0,24717,33,,96,24813,0,121894,False,13,2465,37,4912,160,44,3,141,233,1,0,543,4622,520,10,348,293,52,8,4765,24,24495,77247,5956,11622,10
31237,120,156,1466,253,candidate-consolas,226,418,110.23,139,1,852,724,657,657,657,657,657,3,967,24647,25,2426,6230,7155,13454,1194,23530,6456,125,2,38850,3048,,10,132,103,347,137639,3,10,0,25171,33,,73,25244,0,120976,False,13,1770,45,5713,151,22,2,102,101,1,0,312,5482,418,11,435,367,39,8,4483,23,24951,75784,5697,11918,9
31746,126,159,1230,218,candidate-consolas,320,439,108.63,154,1,852,724,657,657,657,657,657,3,952,24755,26,2443,6220,7141,13433,1206,23643,6561,134,2,35881,3282,,10,136,108,362,136384,3,10,0,25349,35,,97,25446,0,118102,False,9,1510,38,5795,107,35,2,141,137,1,0,285,4883,394,12,390,328,46,11,4311,23,25118,73710,6083,13155,8
30052,130,160,1508,213,candidate-consolas,212,391,99.6,150,1,852,724,657,657,657,657,657,3,929,24396,24,2368,6106,7093,13272,1183,23313,6490,130,2,35986,3690,,10,156,96,375,132340,3,12,0,25288,61,,113,25401,0,115524,False,10,1762,38,4826,124,22,2,98,90,1,0,703,4721,672,13,360,303,37,9,4344,23,25005,71451,5413,11433,10
31578,141,178,1057,131,candidate-consolas,152,424,100.74,151,1,852,724,657,657,657,657,657,3,968,24066,26,2412,5949,6938,12954,1160,22913,6387,159,2,35723,3040,,10,125,97,350,133397,3,10,0,24629,35,,192,24821,0,114791,False,7,1219,41,4782,110,36,2,61,71,1,0,331,4513,384,14,381,317,39,8,4119,22,24410,73074,5773,13772,10
30442,143,181,1510,251,candidate-consolas,211,400,126.51,157,1,852,724,657,657,657,657,657,3,968,24753,27,2455,6195,7063,13336,1234,23643,6618,115,2,36085,4397,,7,132,106,482,134302,3,20,0,25305,43,,81,25386,0,116170,False,10,1812,39,4628,127,26,2,109,80,1,0,416,4824,410,15,440,380,43,9,4636,24,25066,72180,5653,11802,10
32502,151,184,2348,264,coarse-1-baseline,319,452,116.41,155,,,,,,,,,,,,,,,,,,,,,2,44381,3643,,7,1248,1222,324,153853,4,,1,28447,31,10,66,28513,0,135430,False,10,2658,46,6246,159,33,19,142,150,1,0,314,5655,431,1,400,332,53,10,7376,26,27103,82320,5437,12874,12
33351,153,190,1931,233,coarse-1-candidate,473,427,123.13,170,,,,,,,,,,,,,,,,,,,,,2,38434,7464,,7,134,107,372,153135,3,,1,29867,30,9,65,29932,0,129438,False,12,2231,48,5780,136,24,3,216,212,1,0,425,5257,773,1,519,444,48,10,5265,26,29639,77541,5756,14408,10
32255,140,175,1942,229,coarse-10-baseline,298,454,116.96,171,,,,,,,,,,,,,,,,,,,,,2,40205,4467,,5,1166,1143,469,145461,4,,1,24750,26,8,61,24811,0,125384,False,11,2236,36,5114,140,37,2,109,156,1,0,401,6102,522,1,382,322,39,8,6570,26,23498,77755,5295,13119,11
31946,230,272,1928,252,coarse-10-candidate,234,447,114.42,177,,,,,,,,,,,,,,,,,,,,,2,37818,4028,,8,130,103,323,140751,3,,1,25428,31,12,78,25506,0,122311,False,11,2236,46,6086,140,36,3,96,113,1,0,411,5419,456,1,456,384,62,8,4621,25,25196,75571,5807,11931,11
33126,153,190,1951,227,coarse-2-baseline,259,485,125.17,172,,,,,,,,,,,,,,,,,,,,,2,47616,3619,,9,1272,1240,310,159120,6,,1,27743,32,12,120,27863,0,140094,False,12,2223,44,5659,136,28,14,113,120,1,0,418,5338,732,1,389,323,41,8,8353,29,26372,87790,7048,13408,13
30501,163,201,2018,192,coarse-2-candidate,302,401,125.15,163,,,,,,,,,,,,,,,,,,,,,2,39568,3982,,8,118,92,363,143738,3,,1,26753,30,12,65,26818,0,124888,False,10,2250,41,6025,140,33,12,132,142,1,0,392,6229,531,1,377,313,40,8,4798,26,26547,76072,6003,12813,12
31238,146,177,1177,135,coarse-3-baseline,165,433,112.44,149,,,,,,,,,,,,,,,,,,,,,2,36104,3429,,5,1174,1151,265,137212,4,,1,25831,26,8,56,25887,0,118986,False,8,1342,40,5067,125,36,36,62,80,1,0,344,5563,395,1,358,301,65,23,5092,26,24570,73339,5997,12938,11
32567,146,184,1175,135,coarse-3-candidate,165,384,123.55,265,,,,,,,,,,,,,,,,,,,,,2,37357,4234,,9,113,88,322,139653,3,,1,25924,26,9,54,25978,0,118948,False,7,1341,37,4792,95,23,3,70,73,1,0,493,4671,427,1,335,279,41,9,4506,27,25727,75191,5267,14527,13
32939,154,191,1866,244,coarse-4-baseline,284,452,107.86,166,,,,,,,,,,,,,,,,,,,,,2,38466,4294,,11,1148,1118,361,142561,6,,1,25408,26,9,79,25487,0,123393,False,10,2173,42,5699,114,27,14,136,113,1,0,444,5042,602,1,520,455,43,8,4750,40,24171,77292,5887,12756,13
32211,130,161,1243,210,coarse-4-candidate,198,468,112.36,146,,,,,,,,,,,,,,,,,,,,,2,39983,3152,,6,111,89,300,141130,3,,1,26598,26,9,60,26658,0,123393,False,9,1491,41,5338,89,21,5,81,90,1,0,359,5414,489,1,391,328,41,13,3993,23,26404,78087,5893,12818,10
34976,140,172,1243,211,coarse-5-baseline,246,373,113.43,129,,,,,,,,,,,,,,,,,,,,,2,37846,3548,,11,1090,1063,331,146293,4,,1,28107,30,12,58,28165,0,128336,False,9,1498,52,5563,172,36,4,136,87,1,0,335,5569,517,1,681,589,53,9,5709,28,26923,78671,5849,12476,10
32658,141,178,1313,210,coarse-5-candidate,294,412,119.34,161,,,,,,,,,,,,,,,,,,,,,2,36700,4049,,6,112,90,390,136397,3,,0,24119,26,8,45,24164,0,117435,False,13,1579,35,5590,123,27,6,112,144,1,0,350,4437,474,1,338,285,39,9,4199,23,23927,74762,5404,13024,11
30464,153,188,1712,208,coarse-6-baseline,258,474,107.4,191,,,,,,,,,,,,,,,,,,,,,2,44298,4017,,6,1116,1077,322,150481,4,,1,27540,28,10,65,27605,0,131379,False,9,1967,41,5991,126,29,8,109,123,1,0,373,5543,450,1,377,315,43,8,6899,31,26323,80775,6013,13143,14
31773,137,173,2133,246,coarse-6-candidate,310,394,126.12,158,,,,,,,,,,,,,,,,,,,,,2,39310,3347,,11,159,126,310,141046,4,,1,24560,144,114,85,24645,0,123555,False,12,2420,46,5972,160,35,34,114,158,6,0,668,5646,537,1,435,364,68,10,5110,23,24192,76487,5404,12288,10
31387,149,184,1634,212,coarse-7-baseline,293,450,118.98,151,,,,,,,,,,,,,,,,,,,,,2,46004,4189,,5,1228,1203,323,149773,5,,0,25944,26,9,90,26034,0,127570,False,10,1896,37,5079,115,26,3,103,158,1,0,409,4655,494,1,342,286,58,8,4525,26,24629,82776,5385,15964,12
31922,148,182,1538,152,coarse-7-candidate,207,569,120.72,177,,,,,,,,,,,,,,,,,,,,,2,43875,4615,,7,128,102,376,152218,3,,1,31835,30,10,79,31914,0,132745,False,9,1722,40,5668,119,23,3,99,85,1,0,341,4898,427,1,367,308,43,10,4450,22,31613,81605,5808,12631,11
30946,149,187,1460,164,coarse-8-baseline,239,407,127.14,162,,,,,,,,,,,,,,,,,,,,,2,39546,3546,,7,1123,1098,286,141828,4,,0,27048,30,10,51,27099,0,123544,False,8,1665,37,5624,133,24,2,98,115,1,0,520,5406,504,1,366,309,41,9,5280,25,25833,75830,5338,12897,13
30134,155,188,3233,232,coarse-8-candidate,293,574,101.22,132,,,,,,,,,,,,,,,,,,,,,2,36963,4458,,6,113,90,333,141065,3,,1,26498,27,10,53,26551,0,122803,False,10,3505,51,6203,133,39,6,103,155,1,0,374,5495,510,1,416,344,46,8,5909,23,26300,72408,5311,11922,9
41560,143,180,1643,183,coarse-9-baseline,244,470,106.6,150,,,,,,,,,,,,,,,,,,,,,2,47420,3480,,6,1244,1217,330,163854,5,,1,27506,34,12,81,27587,0,145400,False,11,1867,45,5935,133,23,15,86,132,1,0,427,5492,525,1,379,310,45,11,5728,32,26163,96072,7092,12771,12
30576,135,165,1698,356,coarse-9-candidate,300,516,123.38,125,,,,,,,,,,,,,,,,,,,,,2,41870,3739,,5,109,87,690,141001,3,,1,24531,26,9,60,24591,0,123300,False,10,2110,38,5171,117,27,9,150,121,1,0,489,4840,565,1,380,324,45,8,4659,23,24339,78725,6279,11807,8
30801,137,168,1527,135,overhead-1-off,172,385,120.66,144,,,,,,,,,,,,,,,,,,,,,2,34847,3184,,9,1082,1055,300,131642,4,,0,25061,28,10,86,25147,0,114104,False,7,1692,48,4882,142,27,70,73,76,1,0,307,4649,383,1,399,320,45,8,4239,26,23892,71069,5421,12643,12
31148,154,193,1624,169,overhead-1-on,218,456,113.78,173,1,852,724,657,657,657,657,657,3,918,24120,26,2449,5941,7131,13131,1181,23059,6298,117,2,41922,3841,,6,1113,1088,348,143075,4,,0,25616,32,10,85,25701,0,124999,False,8,1824,38,4901,132,31,3,97,100,1,0,322,4901,401,1,395,333,42,8,6259,25,24415,78873,5803,12178,15
28975,138,169,1413,168,overhead-10-off,243,413,121.89,144,,,,,,,,,,,,,,,,,,,,,2,37269,3707,,7,1099,1072,341,134175,4,,1,25574,30,10,71,25645,0,116358,False,8,1633,39,5540,115,29,15,86,126,1,0,526,4745,651,1,340,282,45,8,4099,25,24383,71750,5506,12082,12
29912,122,157,1243,156,overhead-10-on,277,389,121.59,196,1,852,724,657,657,657,657,657,3,1026,24327,25,2588,6013,6871,12951,1181,23165,6445,111,2,35486,3387,,7,1260,1234,318,131572,4,,1,25982,33,11,87,26069,0,115011,False,8,1438,36,4952,120,29,3,134,115,1,0,279,4291,494,1,353,299,42,8,4535,25,24629,71190,5792,11388,13
31035,144,176,1367,182,overhead-2-off,169,434,120.01,145,,,,,,,,,,,,,,,,,,,,,2,36177,3383,,5,1113,1090,285,133891,4,,0,24220,26,8,58,24278,0,116890,False,8,1592,38,5423,131,32,19,68,79,1,0,549,4767,669,1,418,360,43,8,4406,26,23020,73481,6269,11741,11
31706,145,180,1386,141,overhead-2-on,169,451,123.65,160,1,852,724,657,657,657,657,657,3,1032,27280,25,2671,6838,8038,14946,1313,26096,7166,127,2,37582,3723,,8,1250,1221,370,141399,5,,1,28950,34,11,101,29051,0,123110,False,7,1557,40,5265,136,29,2,71,76,1,0,288,4620,373,1,373,311,45,8,4509,27,27603,75797,6509,12774,15
29224,135,169,1588,155,overhead-3-off,290,394,123.44,132,,,,,,,,,,,,,,,,,,,,,2,38336,3482,,9,1177,1148,299,134107,4,,1,25299,33,12,72,25371,0,116808,False,9,1780,37,5050,129,46,27,166,97,1,0,362,4752,426,1,371,315,46,9,4549,25,24027,72806,5246,11874,10
36945,143,181,2041,193,overhead-3-on,339,512,124.2,172,1,852,724,657,657,657,657,657,3,1259,28947,30,2741,7179,8372,15626,1405,27522,7750,136,2,40622,3813,,7,1266,1239,430,161793,5,,1,30651,33,11,93,30744,0,138204,False,9,2272,39,6388,125,23,2,128,178,1,0,317,4849,540,1,386,322,42,9,5936,31,29288,85264,7697,17455,12
30171,138,170,1439,181,overhead-4-off,239,398,129.61,128,,,,,,,,,,,,,,,,,,,,,2,40011,4062,,7,1055,1031,339,139091,3,,1,26005,29,11,125,26130,0,121488,False,8,1659,36,5659,124,32,8,89,108,1,0,376,5193,390,1,373,318,74,8,4606,25,24863,75501,5319,11654,11
34407,148,186,1634,206,overhead-4-on,224,423,122.38,145,1,852,724,657,657,657,657,657,3,1422,29249,28,2738,7190,8513,15781,1383,27673,7771,126,2,39623,4364,,7,1277,1249,315,155706,5,,1,30952,32,11,92,31044,0,134820,False,10,1891,42,6304,132,26,3,101,97,1,0,371,5601,513,1,367,302,44,10,5433,28,29580,81874,7844,14333,11
29850,140,172,1898,205,overhead-5-off,254,446,121.69,145,,,,,,,,,,,,,,,,,,,,,2,38697,3357,,6,1066,1043,399,138640,4,,1,25704,26,9,51,25755,0,120239,False,10,2160,37,4896,111,24,16,120,109,1,0,342,5906,446,1,359,303,41,8,4652,26,24552,74370,5823,12885,14
33681,181,240,1656,195,overhead-5-on,214,407,113.32,199,1,852,724,657,657,657,657,657,3,1059,27239,27,2751,6986,7943,15007,1267,26016,6991,137,2,41384,3328,,6,1416,1386,319,150121,5,,2,29089,36,10,103,29192,0,130343,False,8,1885,44,5304,142,25,4,87,102,1,0,312,5430,369,1,392,326,45,9,5079,24,27567,81046,5981,14124,14
30905,183,219,1607,188,overhead-6-off,242,765,114.29,165,,,,,,,,,,,,,,,,,,,,,2,35266,3336,,6,1085,1062,306,134887,4,,1,25407,27,9,51,25458,0,116860,False,9,1846,41,5386,135,30,17,115,101,1,0,472,5128,654,1,379,316,46,8,4427,25,24237,71732,5561,12135,11
31645,128,161,1481,195,overhead-6-on,232,413,126.01,151,1,852,724,657,657,657,657,657,3,927,24649,26,2479,6228,6996,13294,1243,23568,6552,128,2,35635,3838,,12,1254,1220,298,136529,5,,1,26314,34,11,85,26399,0,118251,False,8,1715,49,4820,129,34,4,124,85,1,0,285,4868,366,1,605,523,40,9,4686,41,24964,73216,5936,12544,10
30656,127,160,1327,148,overhead-7-off,168,403,122.94,164,,,,,,,,,,,,,,,,,,,,,2,37106,5607,,7,1071,1046,305,141822,4,,1,28539,28,10,72,28611,0,121016,False,8,1511,36,5037,118,29,16,70,77,1,0,319,5112,423,1,340,286,40,8,4404,26,27377,73922,6160,13222,12
30868,133,165,1637,175,overhead-7-on,298,394,117.53,132,1,852,724,657,657,657,657,657,3,914,24307,25,2572,6124,6849,13040,1237,23224,6375,144,2,35840,4189,,7,1070,1044,347,136312,4,,1,25810,33,11,75,25885,0,117775,False,8,1863,36,5524,125,32,3,98,165,1,0,306,5159,650,1,384,330,40,8,4011,24,24649,72592,5884,12481,11
30724,143,179,1508,164,overhead-8-off,206,402,113.11,158,,,,,,,,,,,,,,,,,,,,,2,38169,3556,,5,1076,1053,353,135806,4,,1,24400,27,9,57,24457,0,118476,False,8,1707,36,4807,122,31,17,85,97,1,0,429,5053,516,1,493,438,41,8,4128,40,23239,75280,6387,12049,10
30294,149,185,1421,167,overhead-8-on,176,430,114.2,152,1,852,724,657,657,657,657,657,3,930,24302,24,2525,5990,7093,13145,1170,23226,6386,122,2,38805,4350,,7,1087,1062,356,137691,4,,1,25857,34,11,87,25944,0,119106,False,7,1620,36,4928,137,45,2,69,85,1,0,456,4813,497,1,347,291,42,8,4060,28,24678,75127,6028,12313,11
29939,150,188,1508,184,overhead-9-off,192,392,123.32,159,,,,,,,,,,,,,,,,,,,,,2,35117,3943,,6,1060,1036,492,132942,5,,1,24127,26,8,63,24190,0,114651,False,9,1736,37,5479,120,30,18,87,83,6,0,434,5230,525,1,357,299,43,9,4399,26,22978,70775,5719,12594,11
29648,144,180,1482,278,overhead-9-on,447,413,114.38,141,1,852,724,657,657,657,657,657,3,1001,26321,27,2427,6320,7114,13501,1193,25184,8063,109,2,35174,3702,,9,1246,1217,317,135319,4,,1,27965,33,11,87,28052,0,117815,False,22,1810,60,5101,127,33,4,164,235,1,0,519,4507,490,1,392,312,54,8,4590,25,26625,70494,5672,12081,12
30182,136,168,1222,167,pair-1-baseline,276,424,126.38,148,1,852,724,657,657,657,657,657,3,874,22965,22,2272,5774,6679,12517,1135,21961,6037,108,2,35364,3748,,9,1133,1104,293,133119,4,,0,24485,30,9,94,24579,0,115179,False,7,1443,37,5007,115,34,3,93,151,1,0,362,5494,477,1,336,282,40,8,4528,25,23262,71530,5984,12194,11
29818,147,183,1353,165,pair-1-candidate,192,379,122.66,142,1,852,724,657,657,657,657,657,3,1157,28424,26,2867,7083,8054,15228,1370,27090,7625,151,2,35909,3565,,7,138,114,297,138646,2,,1,29186,51,11,100,29286,0,120730,False,8,1574,36,5302,123,32,4,81,86,1,0,393,5301,563,1,374,320,40,8,4387,24,28924,72173,6446,12679,9
29662,140,172,1340,160,pair-10-baseline,275,413,120.79,127,1,852,724,657,657,657,657,657,3,1032,25824,23,2571,6495,7389,13952,1265,24633,6845,136,2,38218,3206,,15,1992,1937,410,139208,7,,0,28366,45,15,139,28505,0,121558,False,9,1534,37,5675,136,39,2,92,149,1,0,343,4705,826,1,363,306,40,9,4178,25,26240,74011,6131,12796,10
30427,126,157,1519,225,pair-10-candidate,257,421,111.89,126,1,852,724,657,657,657,657,657,3,943,23865,24,2533,5978,6840,12887,1155,22792,6217,106,2,36932,4255,,7,151,119,275,135161,4,,0,24403,31,9,112,24515,0,117289,False,9,1788,44,4959,143,26,3,125,106,1,0,344,4813,481,1,372,307,46,8,4494,25,24161,74102,6743,11938,8
30073,137,173,1476,167,pair-2-baseline,298,410,121.78,148,1,852,724,657,657,657,657,657,3,921,23940,25,2495,6068,6807,12942,1159,22882,6286,112,2,36250,4410,,7,1242,1215,345,134477,4,,1,25572,31,10,89,25661,0,116003,False,9,1680,49,5314,126,29,3,113,149,1,0,323,4294,461,1,363,294,40,8,4557,90,24238,71898,5575,12140,11
30373,133,168,1306,155,pair-2-candidate,247,440,113.71,127,1,852,724,657,657,657,657,657,3,878,23507,27,2387,5840,6594,12498,1320,22475,6270,127,2,34800,3810,,7,161,133,277,131543,3,,1,24134,33,10,115,24249,0,113574,False,8,1493,42,4800,138,27,3,70,143,1,0,340,4898,407,1,419,351,40,8,4283,23,23875,71366,6193,12474,9
30249,129,164,1419,170,pair-3-baseline,158,395,125.97,130,1,852,724,657,657,657,657,657,3,956,24707,32,2490,6113,6990,13169,1179,23596,6758,123,2,35202,4288,,7,1097,1071,460,134527,4,,1,26206,34,12,73,26279,0,116397,False,8,1636,41,4583,133,32,3,63,72,1,0,923,4716,352,1,347,288,45,8,5032,24,25017,71137,5686,11982,10
31904,142,174,1039,133,pair-3-candidate,194,377,118.01,130,1,852,724,657,657,657,657,657,3,844,23150,26,2336,5779,6665,12511,1137,22163,6179,117,2,35608,3435,,7,127,101,285,131142,3,,1,23718,32,11,80,23798,0,114845,False,8,1200,42,4959,135,69,4,64,106,1,0,313,5124,462,1,379,315,48,8,4268,22,23497,72988,5476,11192,9
30423,135,171,1406,184,pair-4-baseline,202,405,112.02,143,1,852,724,657,657,657,657,657,3,975,25113,27,2442,6275,7184,13526,1231,23988,6789,123,2,35264,4609,,8,1244,1216,316,134898,4,,1,26763,32,11,92,26855,0,115975,False,14,1634,37,5455,135,35,6,78,99,1,0,327,4590,413,1,344,289,42,8,3806,24,25427,71204,5517,12371,11
30260,140,177,1309,280,pair-4-candidate,345,389,118.98,150,1,852,724,657,657,657,657,657,3,937,24767,31,2487,6174,7064,13306,1200,23662,6669,137,2,35176,4164,,7,120,95,291,132976,3,,1,25359,34,10,92,25451,0,115900,False,10,1640,40,5599,122,28,3,192,119,1,0,423,4465,547,1,369,310,51,23,4343,25,25139,71527,6091,11101,11
30823,134,165,1553,168,pair-5-baseline,295,400,118.53,122,1,852,724,657,657,657,657,657,3,984,25218,27,2452,6479,7116,13667,1197,24096,6780,111,2,35564,3794,,6,1114,1089,710,137330,4,,1,26743,32,9,75,26818,0,118385,False,8,1754,37,4975,135,29,17,154,109,1,0,290,4734,558,1,345,288,42,8,4909,26,25538,72151,5764,13499,10
30242,137,169,1706,186,pair-5-candidate,286,409,122.09,127,1,852,724,657,657,657,657,657,3,893,24024,27,2468,5998,6805,12869,1309,22993,6347,111,2,36264,3566,,6,125,101,304,134106,3,,1,24548,31,10,67,24615,0,116695,False,9,1937,42,5246,140,32,4,116,138,1,0,322,4613,516,1,378,317,45,8,5156,24,24337,72443,5937,12171,9
31263,163,202,2750,378,pair-6-baseline,468,449,109.81,173,1,852,724,657,657,657,657,657,3,1028,26515,28,2522,6514,7382,13970,1520,25331,7319,128,2,41092,3960,,10,1130,1102,298,152404,4,,1,28056,32,10,79,28135,0,132960,False,10,3179,56,5159,167,24,2,198,231,1,0,357,4910,548,1,371,295,67,8,10541,25,26835,78203,5848,13393,15
32361,155,193,1304,198,pair-6-candidate,219,451,121.78,158,1,852,724,657,657,657,657,657,3,1081,27848,30,2685,6967,8218,15265,1282,26593,7361,144,2,37452,3382,,10,136,104,347,145454,3,,1,28402,35,10,87,28489,0,124121,False,12,1551,45,5515,125,24,4,91,103,1,0,289,5029,421,1,376,309,49,9,5402,25,28147,75661,5848,15861,16
29705,140,179,1363,139,pair-7-baseline,272,426,114.51,163,1,852,724,657,657,657,657,657,3,960,24437,23,2405,6095,7113,13273,1223,23353,6452,101,2,38893,3560,,12,1965,1919,321,138755,8,,0,26857,44,14,130,26987,0,121462,False,8,1532,37,4822,122,27,3,95,146,1,0,348,5017,534,1,361,304,42,9,4822,27,24770,75631,7033,11972,24
32841,147,184,1341,152,pair-7-candidate,166,415,107.92,155,1,852,724,657,657,657,657,657,3,922,24280,25,2532,6048,6921,13032,1211,23223,6448,110,2,37019,3786,,10,116,90,565,137550,3,,0,24918,36,10,95,25013,0,118969,False,7,1524,36,5220,143,187,3,69,75,1,0,400,4667,342,1,363,308,49,8,4133,22,24709,75528,5668,13075,10
28714,131,162,1183,179,pair-8-baseline,202,424,122.16,126,1,852,724,657,657,657,657,657,3,892,23560,25,2318,5976,6781,12832,1169,22528,6209,115,2,36020,3223,,8,1221,1183,335,130866,8,,0,25242,34,10,120,25362,0,113462,False,8,1394,36,5451,147,34,2,90,88,1,0,284,4826,379,1,342,285,40,8,3900,25,23919,70187,5453,12295,10
30170,147,184,1288,149,pair-8-candidate,205,446,118.01,162,1,852,724,657,657,657,657,657,3,945,24440,28,2457,6120,7057,13246,1201,23354,6450,113,2,37387,3136,,7,130,104,316,135481,3,,1,25037,32,11,81,25118,0,118454,False,8,1482,53,5600,135,32,5,98,85,1,0,304,5592,385,1,431,324,72,9,4365,22,24816,73660,6103,11864,10
30918,150,184,1425,165,pair-9-baseline,193,441,126.41,162,1,852,724,657,657,657,657,657,3,906,24198,25,2404,6123,6873,13064,1197,23126,6461,141,2,39367,3494,,6,1120,1095,295,138482,4,,1,25730,31,9,76,25806,0,120565,False,8,1626,38,4984,126,27,4,86,84,1,0,338,5038,446,1,375,317,43,9,4800,25,24521,75912,5627,12630,12
30552,139,170,1367,133,pair-9-candidate,164,390,106.38,128,1,852,724,657,657,657,657,657,3,901,23975,27,2427,6017,6859,12948,1188,22918,6355,129,2,36850,3511,,6,127,103,323,134539,4,,0,24514,31,10,79,24593,0,116406,False,8,1530,36,5009,130,25,2,67,76,1,0,267,5562,401,1,354,299,40,8,4507,22,24282,72999,5597,12960,9
