adapter-request,application-default-state,application-state-and-paths,atlas-texture-create,atlas-view-sampler-bind-group,batch,buffer-create-upload,cli-parse,close_ms,config-read-parse,cpu-font-preparation,descendants,device-request,event-loop-create,exit_code,fallback-candidate-collection,fallback-candidate-ordering,fallback-candidate-sort,file-operations.us,first-present,first_frame_us,font-cache-setup,font-configured-family-query,font-database-create,font-family-preparation,font-family-resolution,font-generic-family-query,font-metrics,font-primary-monospace-validation,fontdb.close-file.count,fontdb.close-file.us,fontdb.discovery.count,fontdb.discovery.us,fontdb.drop-map.count,fontdb.drop-map.us,fontdb.duplicate-paths.count,fontdb.duplicate-paths.us,fontdb.entry-type-canonicalize.count,fontdb.entry-type-canonicalize.us,fontdb.face-metadata-parse.count,fontdb.face-metadata-parse.us,fontdb.file-map.count,fontdb.file-map.us,fontdb.file-open-map.count,fontdb.file-open-map.us,fontdb.file-open.count,fontdb.file-open.us,fontdb.file-total.count,fontdb.file-total.us,fontdb.file-unmap-close.count,fontdb.file-unmap-close.us,fontdb.read-dir-open.count,fontdb.read-dir-open.us,fontdb.unique-paths.count,fontdb.unique-paths.us,fonts_to_frame_us,forced_cleanup,frame-texture-view,glyph-atlas,glyph-bind-group-layout,glyph-pipeline,gpu-preparation,initial-grid-resize,initial-projection,initial-ui-and-pane-layout,instance-buffer-allocation,instance-buffer-writes,instance-generation,memmap.close-duplicate.count,memmap.close-duplicate.us,memmap.close-mapping.count,memmap.close-mapping.us,memmap.create-mapping.count,memmap.create-mapping.us,memmap.duplicate-handle.count,memmap.duplicate-handle.us,memmap.file-length.count,memmap.file-length.us,memmap.map-view.count,memmap.map-view.us,memmap.probe-exec.count,memmap.probe-exec.us,memmap.probe-write.count,memmap.probe-write.us,memmap.unmap-view.count,memmap.unmap-view.us,memmap.virtual-protect.count,memmap.virtual-protect.us,pre-present-notify,queue-submit,rectangle-pipeline,render-encoding,run,shader-and-layout,shader-module-create,surface-acquire,surface-capabilities-and-config,surface-configure,surface-create,system-font-discovery,system-font-paths,user-font-paths,wgpu-instance,window-create-and-branding,workspace-model-and-runtimes
76319,344,403,4841,493,baseline,697,14643,118.68,230,49710,2,77108,4866,0,8,1969,1923,,533,301085,7,,2,49579,44,15,131,0,,,,,,,,,,,,,,,,,,,,,,,,,,,258106,False,17,5421,92,10034,164467,303,55,17,335,314,10,,,,,,,,,,,,,,,,,,,,,0,547,8995,964,1,629,502,93,16,14480,76,47456,,,11040,20959,27
36829,168,209,2781,443,baseline,600,806,101.49,169,33993,2,57194,3913,0,7,1516,1475,,742,192661,5,,1,33880,30,10,113,0,,,,,,,,,,,,,,,,,,,,,,,,,,,171586,False,19,3300,62,10588,100927,128,42,8,310,237,4,,,,,,,,,,,,,,,,,,,,,0,572,10563,1000,2,595,499,64,13,7677,30,32262,,,6904,14628,11
36620,155,193,1471,343,baseline,345,556,137.85,155,30534,2,45656,3233,0,6,1377,1345,,430,163306,4,,5,30444,31,10,90,0,,,,,,,,,,,,,,,,,,,,,,,,,,,142530,False,10,1869,44,6903,88492,181,50,6,164,148,2,,,,,,,,,,,,,,,,,,,,,0,373,5977,631,3,441,371,45,8,5522,30,28961,,,6216,15394,11
36459,162,201,2313,458,baseline,413,491,140.63,168,31103,2,47962,3884,0,6,1352,1314,,625,168343,3,,1,31029,30,10,74,0,,,,,,,,,,,,,,,,,,,,,,,,,,,148662,False,11,2858,41,6429,92492,125,31,5,137,233,4,,,,,,,,,,,,,,,,,,,,,0,797,6206,1258,4,402,338,40,15,5146,31,29566,,,8071,13636,12
36982,173,214,1623,228,baseline,388,453,115.81,171,36609,2,46453,4567,0,9,1408,1374,,672,181014,4,,3,36537,30,10,72,0,,,,,,,,,,,,,,,,,,,,,,,,,,,159071,False,10,1902,43,6810,90296,121,34,7,242,113,3,,,,,,,,,,,,,,,,,,,,,0,599,5769,496,5,392,325,49,9,5475,31,35015,,,6861,14883,12
53341,213,267,3412,404,baseline,685,733,106.51,218,49383,2,81403,5039,0,13,1929,1877,,519,264106,6,,1,49260,46,17,123,0,,,,,,,,,,,,,,,,,,,,,,,,,,,231995,False,20,3910,64,11269,143702,194,45,7,244,369,5,,,,,,,,,,,,,,,,,,,,,0,651,11027,1455,6,666,563,113,14,7440,46,47184,,,8958,24199,15
58767,243,302,2288,447,baseline,349,790,125.29,244,50062,2,64888,6449,0,7,3252,3172,,708,251911,20,,2,49778,45,17,284,0,,,,,,,,,,,,,,,,,,,,,,,,,,,217354,False,16,2810,81,9372,133349,273,60,10,158,154,4,,,,,,,,,,,,,,,,,,,,,0,776,8385,754,7,852,714,84,17,8475,44,46349,,,9694,24702,16
56389,218,275,2642,688,baseline,1051,723,113.58,251,50586,2,68309,5972,0,11,1964,1913,,619,255983,7,,1,50438,48,19,148,0,,,,,,,,,,,,,,,,,,,,,,,,,,,221952,False,28,3446,71,8814,134385,198,55,8,601,364,6,,,,,,,,,,,,,,,,,,,,,0,650,8510,1447,8,600,489,75,14,10512,45,48322,,,9687,24551,16
53115,285,343,2564,531,baseline,731,913,105.73,297,44475,2,70013,6580,0,13,2441,2379,,450,246562,11,,3,44332,50,18,143,0,,,,,,,,,,,,,,,,,,,,,,,,,,,212625,False,103,3205,66,10673,132644,233,44,7,353,310,11,,,,,,,,,,,,,,,,,,,,,0,662,8433,1241,9,598,499,65,12,8003,42,41722,,,9516,23330,19
40890,167,206,1997,350,baseline,441,494,116.18,239,33895,2,46816,5046,0,10,1422,1385,,370,176242,5,,1,33771,36,15,124,0,,,,,,,,,,,,,,,,,,,,,,,,,,,153632,False,13,2409,47,6580,95422,165,44,7,185,206,3,,,,,,,,,,,,,,,,,,,,,0,373,6365,1074,10,523,449,63,9,5252,34,32240,,,7716,14961,13
57917,306,364,3791,469,attribution-v1,491,1605,131.89,192,50543,2,74630,4538,0,8,1834,1783,36313,496,267946,11,,2,50384,45,17,159,0,,,1,47327,,,0,0,852,53,724,4268,657,11349,657,24211,657,12748,657,45045,657,12216,3,218,657,0,235147,False,16,4344,98,9427,142531,416,61,26,234,218,8,657,361,657,402,657,4496,657,348,657,3504,657,1232,657,220,657,340,657,5349,0,0,0,652,9390,849,1,760,615,133,20,13965,79,48402,656,1,9984,15448,25
42167,162,201,2213,384,attribution-v1,298,595,112.54,163,37038,2,49695,3934,0,7,1379,1344,27599,363,184759,3,,1,36925,32,11,113,0,,,1,34327,,,0,0,852,36,724,3238,657,8714,657,18713,657,9916,657,32633,657,8969,3,140,657,0,163550,False,13,2673,47,6833,99917,82,28,8,141,128,3,657,220,657,315,657,3545,657,257,657,2718,657,884,657,174,657,209,657,4000,0,0,0,567,7698,624,2,448,373,42,15,6302,31,35448,656,1,8055,14727,13
36087,157,194,1977,262,attribution-v1,330,590,130.1,151,35042,2,46820,3528,0,6,2823,2763,25073,446,168633,9,,14,34877,31,11,165,0,,,1,31198,,,0,0,852,34,724,2955,657,7778,657,16831,657,8968,657,29725,657,8327,3,141,657,0,148319,False,11,2294,41,6610,90608,78,27,5,141,157,3,657,211,657,283,657,3095,657,240,657,2433,657,815,657,159,657,187,657,3607,0,0,0,395,5387,538,3,471,406,37,12,5425,31,31933,656,1,7701,14445,12
44283,185,223,3688,433,attribution-v1,719,507,130.8,180,42945,2,62022,4501,0,14,2731,2650,30887,418,219745,12,,7,42729,88,12,216,0,,,1,38884,,,0,0,852,39,724,3506,657,9437,657,20980,657,11458,657,36693,657,9992,3,327,657,0,193292,False,14,4193,54,8339,117044,197,29,22,321,332,3,657,240,657,349,657,3723,657,267,657,3037,657,1000,657,171,657,232,657,4555,0,0,0,755,6038,1101,4,494,412,63,10,10176,33,39798,656,1,10739,18777,13
45160,246,321,1708,199,attribution-v1,220,512,131.74,185,36971,2,50005,4164,0,10,1696,1641,26867,323,192418,6,,2,36819,47,18,152,0,,,1,33831,,,0,0,852,39,724,3252,657,8398,657,18270,657,9789,657,31912,657,8680,3,354,657,0,166697,False,10,1949,45,6991,105951,130,27,5,91,102,2,657,223,657,308,657,3364,657,253,657,2634,657,863,657,158,657,213,657,3854,0,0,0,321,5641,520,5,400,330,43,8,6609,32,34993,656,1,10786,18673,17
38675,183,232,1663,206,attribution-v1,285,429,121.87,199,32349,2,45253,9358,0,6,1375,1340,24073,556,180181,4,,1,32226,37,12,123,0,,,1,29952,,,0,0,852,35,724,2902,657,7578,657,16254,657,8595,657,28600,657,7900,3,166,657,0,148252,False,12,1923,46,6413,93300,133,33,20,124,134,2,657,198,657,281,657,3094,657,235,657,2327,657,764,657,152,657,177,657,3570,0,0,0,535,5597,517,6,435,366,47,8,5451,30,30738,656,1,9372,20023,16
40725,161,199,3110,356,attribution-v1,440,507,125.37,165,35621,2,46799,3860,0,6,1426,1388,26582,380,178792,4,,1,35481,40,14,140,0,,,1,33137,,,0,0,852,36,724,3236,657,8267,657,18020,657,9667,657,31606,657,8648,3,153,657,0,155472,False,12,3538,45,6626,94627,129,30,16,207,194,3,657,210,657,289,657,3224,657,338,657,2562,657,910,657,155,657,212,657,3864,0,0,0,377,6803,525,7,444,372,42,8,5256,30,33945,656,1,7103,16990,13
39271,163,201,1836,263,attribution-v1,484,449,184.81,167,34147,2,46310,5197,0,7,1350,1316,25423,375,178391,4,,1,34034,56,33,113,0,,,1,31512,,,0,0,852,37,724,3017,657,8000,657,17190,657,9109,657,30045,657,8314,3,174,657,0,153714,False,14,2159,58,6740,93766,90,32,6,201,238,3,657,206,657,285,657,3270,657,241,657,2438,657,841,657,155,657,187,657,3514,0,0,0,576,6549,725,8,500,412,42,8,6891,34,32559,656,1,8185,17460,13
38392,160,199,1658,250,attribution-v1,376,466,146.63,161,35178,2,45207,7571,0,6,1343,1306,26283,323,178740,3,,1,35071,34,12,107,0,,,1,32855,,,0,0,852,36,724,3332,657,8171,657,17731,657,9473,657,31265,657,8639,3,144,657,0,153368,False,13,1984,61,7844,92742,145,32,9,185,159,3,657,213,657,301,657,3189,657,251,657,2504,657,972,657,159,657,198,657,3970,0,0,0,492,7533,710,9,443,355,41,9,4860,30,33627,656,1,9143,15711,12
52124,241,302,1894,283,attribution-v1,603,613,162.83,236,33366,2,49469,9069,0,6,1345,1310,25099,556,208390,3,,1,33270,50,27,96,0,,,1,31001,,,0,0,852,38,724,2925,657,7988,657,16881,657,8807,657,29630,657,8304,3,164,657,0,166660,False,15,2238,88,6174,108747,181,41,14,164,370,3,657,213,657,319,657,3179,657,246,657,2477,657,831,657,160,657,185,657,3782,0,0,0,762,5899,1285,10,504,388,61,8,5185,30,31805,656,1,7154,29465,22
42566,324,370,2487,471,consolas-attribution,389,20752,174.68,192,41135,2,49576,4425,0,10,1521,1480,30886,706,218446,5,13,1,41023,35,,112,0,657,4790,1,38385,657,5845,0,0,852,42,724,3773,657,9406,657,20253,657,10753,657,36577,657,10727,3,188,657,0,170506,False,16,3046,48,8695,99798,168,40,10,183,171,4,657,245,657,336,657,3585,657,276,657,2988,657,1000,657,342,657,229,657,4784,0,0,0,547,6184,961,1,433,360,51,10,7159,34,39386,656,1,7656,19658,14
42574,207,257,1892,221,consolas-attribution,310,476,127.63,374,33681,2,53833,4942,0,8,1777,1718,24608,713,196720,15,13,1,33456,38,,225,0,657,3619,1,30543,657,4556,0,0,852,35,724,2940,657,7722,657,16438,657,8632,657,29164,657,8254,3,166,657,0,168030,False,11,2161,56,8226,104136,210,40,6,113,149,3,657,225,657,286,657,3075,657,243,657,2370,657,818,657,160,657,220,657,3675,0,0,0,1620,7701,1398,2,530,441,53,11,6449,32,31539,656,1,7729,20841,23
50956,222,277,3070,401,consolas-attribution,524,766,135.04,243,46687,2,66119,7790,0,9,1864,1820,35083,485,250162,5,12,1,46544,40,,143,0,657,5269,1,43413,657,6428,0,0,852,53,724,3952,657,11102,657,23412,657,12166,657,41203,657,11815,3,226,657,0,216132,False,19,3558,68,13483,129605,192,51,8,181,293,6,657,296,657,410,657,4338,657,350,657,3538,657,1106,657,227,657,263,657,5160,0,0,0,631,11445,894,3,627,522,65,13,6919,40,44541,656,1,12530,22927,18
43856,182,223,1606,207,consolas-attribution,247,531,126.15,192,40563,2,48475,4099,0,6,2811,2755,29616,668,187327,11,13,1,40393,36,,170,0,657,4319,1,36617,657,5389,0,0,852,40,724,3351,657,9651,657,19909,657,10160,657,34860,657,9805,3,248,657,0,163780,False,10,1862,49,6554,99665,142,51,5,106,113,3,657,245,657,347,657,3994,657,288,657,2952,657,954,657,186,657,229,657,4365,0,0,0,405,5989,529,4,423,348,54,11,5874,32,37460,656,1,7334,16705,13
51649,424,534,3185,237,consolas-attribution,506,790,156.38,521,55217,2,62066,8248,0,7,2235,2164,41295,962,263560,16,12,0,54860,35,,357,0,657,6149,1,50869,657,7337,0,0,852,57,724,4427,657,13227,657,27815,657,14457,657,48383,657,13611,3,184,657,0,214828,False,10,3489,109,8541,123919,228,74,12,218,233,3,657,382,657,507,657,5276,657,397,657,4095,657,1354,657,241,657,335,657,5844,0,0,0,1100,9720,1243,5,975,800,125,10,7530,30,52469,656,1,10204,35958,32
41644,212,259,3465,422,final-registry,418,1804,124.98,170,36576,2,53666,3835,0,11,1722,1669,,348,203548,10,,4,36446,34,11,130,0,,,,,,,,,,,,,,,,,,,,,,,,,,,170124,False,15,3956,65,7006,102900,102,45,11,197,188,6,,,,,,,,,,,,,,,,,,,,,0,470,7274,678,1,496,405,60,16,8652,66,34575,,,7590,15953,20
39550,163,204,1861,300,final-registry,363,598,106.25,191,34691,2,48905,4796,0,6,1610,1571,,425,177823,5,,1,34588,31,11,103,0,,,,,,,,,,,,,,,,,,,,,,,,,,,154060,False,15,2225,47,6527,95414,131,29,6,167,152,3,,,,,,,,,,,,,,,,,,,,,0,739,6200,686,2,670,585,41,11,5208,31,32861,,,6959,16399,12
37945,216,285,1917,205,final-registry,327,508,136.47,241,31546,2,44602,3827,0,6,1542,1510,,418,171826,4,,1,31460,31,10,86,0,,,,,,,,,,,,,,,,,,,,,,,,,,,148404,False,11,2176,75,7427,91673,203,49,9,140,152,3,,,,,,,,,,,,,,,,,,,,,0,441,6050,642,3,677,553,99,9,5896,34,29814,,,9126,16971,20
43758,221,292,3977,708,final-registry,679,455,129.14,215,40339,2,51867,3777,0,11,1411,1372,,508,214162,4,,2,40240,32,12,99,0,,,,,,,,,,,,,,,,,,,,,,,,,,,191718,False,25,4798,65,10064,104575,143,45,10,318,292,5,,,,,,,,,,,,,,,,,,,,,0,621,9118,910,4,630,521,64,13,18269,40,38720,,,8950,16388,12
41773,202,249,2048,222,final-registry,339,504,125.62,398,33026,2,67980,4230,0,5,1450,1418,,289,201656,4,,0,32944,32,11,82,0,,,,,,,,,,,,,,,,,,,,,,,,,,,175983,False,11,2321,46,7429,117007,133,29,5,121,179,3,,,,,,,,,,,,,,,,,,,,,0,393,5587,529,5,437,368,48,14,7770,30,31387,,,7254,18885,17
39486,184,255,1595,211,final-registry,250,639,130.54,177,34534,2,44448,5874,0,7,1655,1620,,353,174120,5,,3,34431,32,12,103,0,,,,,,,,,,,,,,,,,,,,,,,,,,,148774,False,12,1854,62,6642,91462,162,33,6,105,116,3,,,,,,,,,,,,,,,,,,,,,0,389,5836,533,6,546,426,63,10,5456,33,32645,,,7528,16492,13
40758,185,226,1590,240,final-registry,280,467,123.32,187,33744,2,44807,5687,0,10,1580,1541,,344,173585,4,,2,33662,39,15,82,0,,,,,,,,,,,,,,,,,,,,,,,,,,,149721,False,16,1879,42,6859,92056,128,36,6,134,117,3,,,,,,,,,,,,,,,,,,,,,0,577,5680,536,7,414,349,43,10,6376,32,31961,,,6491,15569,11
37934,164,203,1446,212,final-registry,378,443,112.65,172,30275,2,44523,4037,0,6,1653,1612,,398,164289,6,,1,30118,32,11,157,0,,,,,,,,,,,,,,,,,,,,,,,,,,,142815,False,12,1709,44,6621,89710,134,42,6,177,159,3,,,,,,,,,,,,,,,,,,,,,0,426,5807,505,8,423,355,47,9,5707,33,28360,,,7253,15096,13
56672,231,286,2318,521,final-registry,459,600,129.5,257,50279,2,67762,6681,0,14,1821,1771,,722,271660,6,,2,50137,44,16,142,0,,,,,,,,,,,,,,,,,,,,,,,,,,,236919,False,18,2917,111,14876,133668,178,52,10,241,177,4,,,,,,,,,,,,,,,,,,,,,0,1098,13898,936,9,1064,861,77,17,9334,45,48170,,,9234,25257,16
54644,231,285,1890,361,final-registry,428,762,120.09,263,48418,2,63610,7227,0,8,2025,1981,,459,242642,6,,2,48303,46,17,115,0,,,,,,,,,,,,,,,,,,,,,,,,,,,210543,False,15,2314,94,9472,127753,238,65,10,137,234,4,,,,,,,,,,,,,,,,,,,,,0,769,9243,1121,10,834,693,69,13,8031,45,46128,,,9499,20473,17
39498,214,262,2711,297,paired-1-on,355,1615,147.87,172,39197,2,62869,4002,0,8,2105,2018,28705,319,228327,25,,4,38948,43,13,249,0,657,4271,1,35641,657,5031,0,0,852,40,724,3314,657,9144,657,19405,657,10169,657,33859,657,9392,3,183,657,0,196312,False,12,3062,120,10159,112128,252,52,18,168,155,6,657,242,657,348,657,3613,657,338,657,2881,657,914,657,176,657,215,657,4031,0,0,0,454,14014,684,1,780,615,95,21,13726,74,36664,656,1,9761,14830,22
54953,336,411,2593,290,paired-1-off,364,2855,117.94,339,51772,2,70254,7877,0,10,1934,1890,,468,267104,6,,2,51671,46,18,101,0,,,,,,,,,,,,,,,,,,,,,,,,,,,226151,False,14,2955,63,12355,134959,240,39,10,190,138,4,,,,,,,,,,,,,,,,,,,,,0,551,11685,699,1,575,480,68,13,8437,44,49580,,,9752,25655,36
40049,227,277,2760,592,paired-2-on,462,1647,119.12,207,38330,2,50997,5570,0,10,1543,1497,28750,348,194720,5,,15,38199,48,17,131,0,657,4197,1,35576,657,5402,0,0,852,37,724,3124,657,8982,657,19162,657,10077,657,33834,657,9691,3,197,657,0,165148,False,15,3435,50,7419,100293,92,37,26,191,221,3,657,236,657,348,657,3608,657,271,657,2760,657,937,657,196,657,215,657,4430,0,0,0,394,6580,594,1,427,351,45,9,5867,33,36506,656,1,9247,20256,15
54965,276,340,2688,348,paired-2-off,351,1795,128.78,260,49603,2,64067,7244,0,19,1998,1941,,726,252432,8,,2,49457,44,16,146,0,,,,,,,,,,,,,,,,,,,,,,,,,,,215318,False,16,3111,66,9744,128286,278,39,9,170,144,4,,,,,,,,,,,,,,,,,,,,,0,614,10085,741,1,596,497,70,13,10161,43,47301,,,9254,24002,19
54493,354,426,2907,356,paired-3-on,407,2618,117.15,323,55654,2,68144,6926,0,14,2410,2337,41735,556,263956,9,,2,55475,65,26,179,0,657,6093,1,51743,657,7486,0,0,852,57,724,4811,657,13126,657,28156,657,14905,657,49210,657,13704,3,216,657,0,224320,False,20,3340,69,11996,132748,233,38,13,161,202,5,657,351,657,473,657,5386,657,387,657,4033,657,1367,657,249,657,343,657,6045,0,0,0,781,8407,847,1,610,508,71,14,7638,43,52886,656,1,10111,26368,27
64982,346,431,2907,371,paired-3-off,656,2899,121.97,337,46449,2,69031,7708,0,7,2013,1956,,470,266329,11,,3,46256,46,17,193,0,,,,,,,,,,,,,,,,,,,,,,,,,,,229045,False,17,3360,66,13025,143302,161,57,11,229,367,4,,,,,,,,,,,,,,,,,,,,,0,561,9351,1134,1,577,478,77,13,8735,43,44085,,,9289,23250,44
55510,273,330,2552,384,paired-4-on,678,2239,130,417,54071,2,67932,6802,0,8,2458,2393,40462,416,252408,12,,1,53802,47,17,269,0,657,5978,1,50101,657,7265,0,0,852,52,724,4580,657,12390,657,27222,657,14711,657,47617,657,13361,3,218,657,0,219251,False,17,3015,60,9106,133138,194,54,9,293,323,4,657,310,657,506,657,5076,657,357,657,3760,657,1301,657,236,657,296,657,5954,0,0,0,498,8309,1159,1,559,466,62,16,6942,43,51186,656,1,9696,21082,21
57181,308,407,3368,352,paired-4-off,527,2018,139.35,386,49518,2,65384,7719,0,8,1900,1856,,665,257529,6,,2,49409,46,18,109,0,,,,,,,,,,,,,,,,,,,,,,,,,,,221833,False,16,3806,90,9614,134368,142,63,12,222,239,4,,,,,,,,,,,,,,,,,,,,,0,601,9214,1152,1,835,688,84,24,9936,45,47354,,,11803,22789,34
53545,272,346,3079,323,paired-5-on,360,2186,122.35,237,60872,2,70800,4881,0,20,3714,3615,44023,402,265678,15,,2,60551,67,25,321,0,657,6431,1,54956,657,8053,0,0,852,53,724,5183,657,13548,657,29541,657,15872,657,51974,657,14603,3,328,657,0,233576,False,18,3479,65,12036,137284,127,53,17,139,168,5,657,336,657,492,657,5569,657,384,657,4192,657,1390,657,257,657,336,657,6662,0,0,0,545,8415,843,1,564,466,68,13,7551,43,56628,656,1,12939,22489,23
44443,178,219,1855,244,paired-5-off,308,1722,107,197,41304,2,52119,3875,0,10,1856,1808,,322,195356,5,,2,41196,36,12,108,0,,,,,,,,,,,,,,,,,,,,,,,,,,,171134,False,11,2152,46,7176,104435,115,38,9,135,142,3,,,,,,,,,,,,,,,,,,,,,0,442,6250,580,1,418,345,59,10,6762,40,39221,,,7873,16558,13
40844,238,310,2006,229,paired-6-on,346,1307,108.26,268,40015,2,50255,4365,0,11,2032,1969,29605,411,194122,7,,2,39864,45,15,151,0,657,4354,1,36758,657,5446,0,0,852,40,724,3266,657,9240,657,19815,657,10476,657,34919,657,9889,3,199,657,0,166185,False,12,2279,50,7083,99697,193,46,19,143,168,3,657,245,657,342,657,3686,657,280,657,2861,657,1016,657,182,657,225,657,4425,0,0,0,522,6654,712,1,468,345,56,10,6746,41,37694,656,1,8598,20138,20
52740,345,435,3461,383,paired-6-off,541,2297,111.36,311,46750,2,76830,4962,0,14,1899,1850,,506,259216,6,,1,46595,49,19,155,0,,,,,,,,,,,,,,,,,,,,,,,,,,,227575,False,16,3906,63,9844,140463,258,39,10,242,259,4,,,,,,,,,,,,,,,,,,,,,0,697,9710,811,1,556,462,67,13,12466,44,44547,,,10893,22026,19
53912,253,307,2706,266,paired-7-on,289,2659,120.39,228,48887,2,67441,7721,0,13,3387,3305,35261,508,257119,13,,2,48658,64,22,229,0,657,5245,1,43975,657,6235,0,0,852,50,724,4307,657,11256,657,23783,657,12412,657,41915,657,11593,3,204,657,0,220552,False,13,3031,75,10548,131902,220,44,13,119,135,4,657,309,657,442,657,4681,657,340,657,3354,657,1160,657,218,657,265,657,5013,0,0,0,680,10033,1070,1,683,567,92,21,11599,42,45095,656,1,10549,23446,17
58196,332,387,2363,257,paired-7-off,334,1854,117.89,325,49911,2,76161,5535,0,12,2458,2357,,550,272831,21,,2,49601,45,18,310,0,,,,,,,,,,,,,,,,,,,,,,,,,,,235432,False,14,2679,94,10122,145134,249,118,10,148,151,4,,,,,,,,,,,,,,,,,,,,,0,522,12673,806,1,836,691,220,16,9684,53,46961,,,10777,26821,19
54948,244,295,2865,323,paired-8-on,320,2301,124.16,221,51985,2,59605,5350,0,10,1915,1861,38841,519,245750,8,,2,51788,47,19,197,0,657,5844,1,48240,657,7172,0,0,852,58,724,4622,657,12102,657,25826,657,13593,657,45992,657,13146,3,206,657,0,213305,False,17,3260,63,8645,128123,200,42,11,138,146,4,657,338,657,487,657,4795,657,419,657,3728,657,1239,657,253,657,294,657,5816,0,0,0,684,8830,1033,1,571,475,65,13,7987,53,49728,656,1,13570,22647,18
59552,226,276,2756,422,paired-8-off,570,1914,147.35,211,42965,2,81722,4865,0,11,1906,1861,,469,257763,6,,2,42871,45,17,94,0,,,,,,,,,,,,,,,,,,,,,,,,,,,226982,False,23,3273,81,8882,150731,181,62,11,284,231,5,,,,,,,,,,,,,,,,,,,,,0,572,8787,851,1,763,633,84,14,7822,44,40819,,,9457,21898,17
53296,256,314,3163,369,paired-9-on,313,2325,124.98,238,47032,2,62183,5394,0,15,3232,3146,33679,457,245392,13,,2,46742,48,17,290,0,657,4846,1,42221,657,6478,0,0,852,51,724,3939,657,10473,657,22344,657,11762,657,40303,657,11444,3,183,657,0,210469,False,18,3611,93,9729,126745,268,62,19,136,141,5,657,300,657,379,657,4205,657,323,657,3238,657,1114,657,210,657,246,657,5300,0,0,0,491,10824,769,1,847,696,101,13,8143,42,43348,656,1,11266,24602,18
70499,512,634,3738,381,paired-9-off,439,3148,119.49,355,45776,2,82499,9168,0,11,1899,1853,,845,293202,6,,4,45668,43,15,108,0,,,,,,,,,,,,,,,,,,,,,,,,,,,245851,False,20,4209,65,11052,163167,145,49,11,185,202,5,,,,,,,,,,,,,,,,,,,,,0,778,9273,1196,1,615,514,70,13,7109,58,43616,,,10169,29241,23
40354,307,399,1947,203,paired-10-on,385,1893,122.94,307,37362,2,51597,4859,0,7,1490,1454,28054,668,193524,5,,1,37242,41,19,120,0,657,4089,1,34796,657,5038,0,0,852,41,724,3154,657,9157,657,18946,657,9680,657,33193,657,9217,3,154,657,0,164113,False,11,2197,50,6534,101495,114,34,19,107,229,3,657,235,657,495,657,3458,657,267,657,2715,657,1036,657,172,657,204,657,4075,0,0,0,618,7649,514,1,475,397,49,10,5262,47,35633,656,1,9544,19837,22
43559,297,371,1690,202,paired-10-off,407,2235,131.52,235,35012,2,47577,5726,0,12,1970,1909,,547,187527,8,,1,34879,35,12,133,0,,,,,,,,,,,,,,,,,,,,,,,,,,,159166,False,10,1935,49,6908,97911,410,37,18,139,219,3,,,,,,,,,,,,,,,,,,,,,0,557,7354,560,1,433,358,51,9,6167,32,32787,,,6775,18061,16
