"App","Scenario","Run","Pid","Cache","LaunchUtc","StartReturnedMs","ProcessCreatedMs","WindowExistsMs","WindowVisibleMs","InputIdleMs","FocusMs","PromptFunctionMs","MaxPollGapMs","ExitedEarly","ObservedMs"
"terminal","cmd","1","16776","first-observed-uncontrolled-cache","2026-10-05T09:44:42.4336372Z","9.1926","2.5558","73.7712","229.5171","289.5851","260.0392",,"63.153299999999945","False","2560.119"
"alacritty","cmd","1","22208","first-observed-uncontrolled-cache","2026-10-05T09:44:45.1275741Z","9.2851","1.8424","64.0688","172.0464","220.3898","6366.2686",,"32.062700000000405","False","6523.793"
"terminal","no-profile","1","9860","first-observed-uncontrolled-cache","2026-10-05T09:44:51.7455270Z","12.1931","2.8438","88.2618","227.0913","274.8616","243.2726",,"31.257900000000063","False","2523.2876"
"alacritty","no-profile","1","10608","first-observed-uncontrolled-cache","2026-10-05T09:44:54.3878327Z","9.621","2.1016","52.5533","144.993","175.8487",,,"170.77250000000004","False","6546.5349"
"terminal","normal","1","17196","first-observed-uncontrolled-cache","2026-10-05T09:45:01.0414786Z","11.2586","2.1782","76.6661","215.2573","261.874","231.1249",,"31.046499999999924","False","2542.45"
"alacritty","normal","1","11384","first-observed-uncontrolled-cache","2026-10-05T09:45:03.6970256Z","6.3095","1.6072","40.566","133.8757","179.0523",,,"32.74799999999959","False","6519.8487"
"alacritty","cmd","2","22568","warm-fresh-process","2026-10-05T09:45:10.3081340Z","6.0599","2.0099","32.0656","124.4808","171.5698",,,"32.3100000000004","False","6529.3663"
"terminal","cmd","2","13344","warm-fresh-process","2026-10-05T09:45:16.9400178Z","4.4","1.7039","38.1728","194.4094","225.4937","1143.7941",,"31.670600000000007","False","2529.9057"
"alacritty","no-profile","2","7360","warm-fresh-process","2026-10-05T09:45:19.5874459Z","5.9938","2.0773","39.3355","146.2947","238.5207",,,"30.4033","False","6524.822"
"terminal","no-profile","2","22808","warm-fresh-process","2026-10-05T09:45:26.2220445Z","5.9904","1.7301","31.9616","156.3542","216.0183","185.8491",,"47.17099999999982","False","2529.3812"
"alacritty","normal","2","20108","warm-fresh-process","2026-10-05T09:45:28.8638752Z","4.1787","1.794","25.7941","120.2344","165.9484",,,"30.90210000000002","False","6522.1781"
"terminal","normal","2","9148","warm-fresh-process","2026-10-05T09:45:35.4934203Z","5.1063","1.7761","46.4251","185.2706","232.2381","201.3934",,"30.80009999999993","False","2536.5"
"terminal","cmd","3","15096","warm-fresh-process","2026-10-05T09:45:38.1473114Z","9.1593","2.998","53.2097","179.499","210.3724","194.5075",,"32.06209999999999","False","2526.7001"
"alacritty","cmd","3","19780","warm-fresh-process","2026-10-05T09:45:40.7736224Z","9.0519","2.1803","40.8099","133.7921","179.2924",,,"31.6903999999995","False","6516.5026"
"terminal","no-profile","3","4108","warm-fresh-process","2026-10-05T09:45:47.3875198Z","5.0553","1.6714","42.5467","153.0053","197.3727","182.2483",,"30.850999999999885","False","2534.1585"
"alacritty","no-profile","3","19728","warm-fresh-process","2026-10-05T09:45:50.0421993Z","9.1337","2.5027","50.9459","143.6107","190.1688",,,"32.61440000000039","False","6524.8811"
"terminal","normal","3","21828","warm-fresh-process","2026-10-05T09:45:56.6600390Z","5.3241","1.8842","47.5532","173.6331","221.922","189.9439",,"32.289000000000215","False","2521.9155"
"alacritty","normal","3","23176","warm-fresh-process","2026-10-05T09:45:59.2980898Z","5.4816","1.8148","38.5007","132.3142","179.8116",,,"37.89300000000003","False","6514.147"
