"App","Scenario","Run","Cache","cost-adapter-request","cost-application-default-state","cost-application-state-and-paths","cost-buffer-create-upload","cost-cli-parse","cost-config-read-parse","cost-device-request","cost-event-loop-create","cost-fallback-candidate-ordering","cost-first-present","cost-font-cache-setup","cost-font-family-resolution","cost-font-metrics","cost-glyph-atlas","cost-glyph-pipeline","cost-initial-grid-resize","cost-initial-projection","cost-initial-ui-and-pane-layout","cost-instance-generation","cost-queue-submit","cost-rectangle-pipeline","cost-render-encoding","cost-shader-and-layout","cost-surface-acquire","cost-surface-configure","cost-surface-create","cost-system-font-discovery","cost-wgpu-instance","cost-window-create-and-branding","cost-workspace-model-and-runtimes","external-FocusMs","external-InputIdleMs","external-MaxPollGapMs","external-ProcessCreatedMs","external-PromptFunctionMs","external-StartReturnedMs","external-WindowExistsMs","external-WindowVisibleMs","interval-child-spawn","interval-font","interval-font-surface-proxy","interval-font-through-renderer","interval-glyph-fill","interval-glyphs-to-pty","interval-gpu","interval-init-to-wakeup-proxy","interval-present-to-show","interval-pty-create","interval-pty-setup-proxy","interval-renderer-proxy","interval-renderer-to-present","interval-renderer-to-show","interval-spawn-to-bytes","interval-spawn-to-prompt","interval-spawn-to-text","interval-text-to-render","interval-window-context-proxy","interval-window-through-glyphs","stage-application-started","stage-child-spawn-requested","stage-child-spawned","stage-config-loaded","stage-conpty-api","stage-environment-build-begin","stage-environment-build-end","stage-first-frame-presented","stage-first-output-processed","stage-first-pty-bytes","stage-first-pty-wakeup-proxy","stage-first-redraw-request","stage-first-redraw-requested","stage-first-shell-output-rendered","stage-first-shell-text-processed","stage-fonts-ready","stage-fonts-started","stage-glyph-fill-done","stage-glyph-fill-start","stage-gpu-ready","stage-gpu-started","stage-initial-grid-ready","stage-initial-size-sent","stage-initialisation-complete","stage-loading-font","stage-prompt-ready","stage-pty-backend-created","stage-pty-config-ready","stage-pty-create-begin","stage-pty-created","stage-pty-dimensions","stage-pty-spawn-complete","stage-pty-spawned","stage-pty-started","stage-pty-worker-ready","stage-renderer-entered","stage-renderer-ready","stage-renderer-selected","stage-scale-factor","stage-session-config-ready","stage-session-preparation-begin","stage-shell-integration-begin","stage-shell-integration-end","stage-shell-ready","stage-terminal-state-created","stage-welcome","stage-wgl-selected","stage-window-created","stage-window-shown","stage-workspace-restore-begin","stage-workspace-restore-end"
"terminal","cmd","1","first-observed-uncontrolled-cache","89.048","0.123","0.155","0.24","1.101","0.156","35.678","3.522","1.261","0.257","0.001","0.011","0.081","1.404","5.079","0.112","0.021","0.002","0","0.293","4.889","0.518","0.321","0.037","4.257","0.01","26.278","5.567","12.1","0.004","232.6685","258.6041","61.53959999999984","2.3172",,"11.7568","46.2477","216.5693","6.663999999999987","27.707",,"162.423",,,"130.399",,"22.694999999999993","6.865000000000009",,,"13.52600000000001","36.221000000000004","10.596000000000004",,"26.326999999999998","22.399",,,"0.343","225.06","231.724","6.948",,"224.799","225.048","195.101","242.474","242.32",,,"181.82","280.45","258.051","46.859","19.152",,,"177.268","46.869","181.709","224.787",,,,"217.866","217.876","217.897","224.762",,"231.817","231.749","217.837","231.805",,"181.575",,,"217.885","217.855",,,,"5.335",,,"19.142","217.796","5.554","5.614"
"alacritty","cmd","1","first-observed-uncontrolled-cache",,,,,,,,,,,,,,,,,,,,,,,,,,,,,,,,"173.413","31.4041000000002","1.8558",,"5.9831","32.9081","125.9548",,,"2.2926999999999964",,"12.548599999999993","20.33340000000001",,"9.773500000000013",,,"19.964299999999994","5.991100000000003",,,,,,,"63.22110000000001","84.0535",,,,,"119.6631",,,,,,"148.08180000000002","139.1369",,,,,,"98.0106","85.462",,,,,"138.3083","77.1782",,,,,,"118.34400000000001",,,,,"79.4709",,"79.8088","13.9571",,,,,,,"0.0049","68.36699999999999",,,,
"terminal","no-profile","1","first-observed-uncontrolled-cache","31.756","0.127","0.16","0.178","1.403","0.163","36.324","3.364","1.256","0.38","0.001","0.009","0.085","1.387","5.376","0.106","0.023","0.001","0","0.615","4.758","0.386","0.292","0.028","4.309","0.011","23.885","5.781","15.472","0.004","185.1886","200.533","47.30720000000019","2.162",,"8.475","32.5669","169.6625","357.647","25.31",,"103.63799999999999",,,"73.962",,"22.628000000000014","6.496000000000009",,,"13.817999999999998","36.44600000000001","11.503000000000043",,"359.977","13.869000000000028",,,"0.28","168.483","526.13","5.881",,"168.18","168.471","138.921","537.773","537.633",,,"125.273","899.976","886.107","46.775","21.465",,,"120.745","46.783","125.228","168.168",,,,"161.618","161.628","161.648","168.144",,"526.239","526.153","161.589","526.227",,"125.103",,,"161.637","161.607",,,,"5.426",,,"21.454","161.549","5.651","5.713"
"alacritty","no-profile","1","first-observed-uncontrolled-cache",,,,,,,,,,,,,,,,,,,,,,,,,,,,,,,,"167.2764","31.240499999999884","1.8008",,"8.0365","41.7849","119.714",,,"2.4036999999999864",,"12.800900000000013","19.5942",,"10.405499999999961",,,"705.8507","5.817000000000007",,,,,,,"56.8334","77.855",,,,,"113.58980000000001",,,,,,"828.53","818.6470999999999",,,,,,"92.67960000000001","79.8787",,,,,"818.1245","71.658",,,,,,"112.27380000000001",,,,,"74.06169999999999",,"74.408","14.8246",,,,,,,"0.0049","64.8301",,,,
"terminal","normal","1","first-observed-uncontrolled-cache","30.613","0.122","0.166","0.166","11.829","0.154","36.932","3.674","1.154","0.29","0.001","0.012","0.057","1.356","6.17","0.15","0.033","0.001","0","0.325","5.04","0.424","0.306","0.03","3.995","0.01","23.73","5.762","12.432","0.004","191.763","222.5148","30.67470000000003","1.9886",,"10.1195","51.3381","175.9944","364.005","25.025000000000002",,"102.51800000000001",,,"73.422",,"22.310000000000002","8.028999999999996",,,"14.556999999999988","36.86699999999999","10.158000000000015",,"443.789","10.100000000000023",,,"0.248","178.332","542.337","17.846",,"178.053","178.32","147.506","552.618","552.495",,,"133.165","996.226","986.126","55.456","30.431",,,"128.888","55.466","133.12","178.043",,,,"169.909","169.924","169.989","178.018",,"542.448","542.364","169.868","542.436",,"132.949",,,"169.939","169.893",,,,"16.145",,,"30.421","169.816","16.36","16.414"
"alacritty","normal","1","first-observed-uncontrolled-cache",,,,,,,,,,,,,,,,,,,,,,,,,,,,,,,,"181.8352","31.998699999999985","1.7311",,"9.2382","58.2768","134.496",,,"2.2575999999999965",,"12.231999999999985","24.877800000000008",,"11.306800000000067",,,"795.6201","5.720399999999998",,,,,,,"59.53080000000001","79.7408",,,,,"121.57600000000001",,,,,,"927.1593","916.2785",,,,,,"95.35459999999999","83.1226",,,,,"915.8525","75.14460000000001",,,,,,"120.2324",,,,,"77.40220000000001",,"77.77199999999999","15.613800000000001",,,,,,,"0.0045000000000000005","58.0268",,,,
"terminal","no-profile-hook","1","first-observed-uncontrolled-cache","31.289","0.125","0.159","0.195","1.187","0.186","34.621","4.258","1.219","0.296","0.001","0.013","0.056","1.718","5.562","0.146","0.038","0.001","0","0.417","4.718","0.522","0.325","0.053","5.791","0.009","25.656","5.887","12.186","0.006","182.9335","212.7337","27.731899999999996","1.4092","737.3143","14.2613","42.4405","167.2927","132.756","27.016",,"104.781",,,"71.90599999999999",,"20.450999999999993","7.896999999999991",,,"14.310999999999993","34.761999999999986","9.725000000000023","414.69899999999996","435.31600000000003","13.627999999999929",,,"1.663","168.432","301.188","8.226",,"168.119","168.42","139.607","311.108","310.913",,,"125.518","750.132","736.504","47.531","20.515",,,"119.448","47.542","125.463","168.108",,,"715.887","160.155","160.166","160.186","168.083",,"301.292","301.213","160.11","301.28",,"125.296",,,"160.175","160.145","664.077","681.716","715.915","7.487",,,"20.505","160.058","7.736","7.8"
"alacritty","no-profile-hook","1","first-observed-uncontrolled-cache",,,,,,,,,,,,,,,,,,,,,,,,,,,,,,,,"185.321","30.74459999999999","1.9736","758.5268","6.2087","30.625","123.3912",,,"2.7602999999999867",,"12.804000000000016","20.284899999999993",,"9.65459999999996",,,"194.34040000000005","5.993499999999997",,,,,,,"64.1714","85.7292",,,,,"119.84440000000001",,,,,,"322.4527","313.80629999999996",,,,,,"98.17280000000001","85.3688",,,,,"312.79810000000003","76.61500000000001",,,,,,"118.4577",,,,,"79.3753",,"79.7605","12.4436",,,,,,,"0.0051","68.5506",,,,
"terminal","normal-hook","1","first-observed-uncontrolled-cache","30.91","0.116","0.143","0.272","1.134","0.201","36.545","3.539","1.127","0.322","0.001","0.009","0.067","1.596","6.196","0.106","0.023","0.002","0.001","0.365","4.958","0.533","0.312","0.031","4.076","0.01","25.659","6.32","11.908","0.005","174.5192","221.2635","31.966499999999996","1.7557","826.4612","8.2134","34.8407","159.709","145.52499999999998","26.930999999999997",,"104.942",,,"73.878",,"22.314999999999998","7.072999999999979",,,"15.067999999999998","37.382999999999996","9.634999999999991","497.576","516.038","10.95799999999997",,,"0.266","167.961","313.486","6.12",,"167.676","167.95","138.141","323.234","323.121",,,"123.293","840.482","829.524","45.062","18.131",,,"118.949","45.071","123.2","167.666",,,"811.062","160.534","160.545","160.567","167.64",,"313.627","313.509","160.502","313.615",,"123.073",,,"160.554","160.524","772.867","781.097","811.089","5.291",,,"18.121","160.456","5.552","5.617"
"alacritty","normal-hook","1","first-observed-uncontrolled-cache",,,,,,,,,,,,,,,,,,,,,,,,,,,,,,,,"186.2061","31.436099999999897","1.5534","743.511","10.7492","30.6296","123.507",,,"2.247399999999999",,"13.854799999999997","20.14030000000001",,"11.342000000000013",,,"122.54209999999998","5.9696",,,,,,,"55.5207","77.5925",,,,,"112.2555",,,,,,"244.8817","234.13709999999998",,,,,,"90.8573","77.0025",,,,,"233.53969999999998","68.7855",,,,,,"110.9976",,,,,"71.0329",,"71.3582","13.264800000000001",,,,,,,"0.0052","60.9616",,,,
"alacritty","cmd","2","warm-fresh-process",,,,,,,,,,,,,,,,,,,,,,,,,,,,,,,,"154.5488","31.499399999999696","1.4852",,"5.0632","30.8418","122.7079",,,"2.4099999999999966",,"13.565200000000004","19.2988",,"15.448899999999995",,,"16.527","6.0154",,,,,,,"52.407900000000005","74.3985",,,,,"110.5179",,,,,,"141.2714","131.195",,,,,,"89.9967","76.4315",,,,,"125.8225","68.0061",,,,,,"109.2955",,,,,"70.4161",,"70.7625","15.5982",,,,,,,"0.0052","60.1054",,,,
"terminal","cmd","2","warm-fresh-process","32.313","0.123","0.155","0.24","0.384","0.152","35.946","3.22","1.085","0.26","0.001","0.009","0.068","1.468","5.582","0.098","0.033","0.001","0","0.31","4.376","0.53","0.316","0.027","4.44","0.01","24.51","5.339","13.113","0.004","172.2485","187.4145","31.39689999999996","1.8048",,"3.9463","31.7395","156.7837","6.521999999999991","25.742",,"103.935",,,"73.701",,"20.388000000000005","7.420999999999992",,,"13.510000000000005","33.89800000000001","10.233000000000004",,"22.298000000000002","23.00999999999999",,,"0.294","163.71","170.232","4.816",,"163.428","163.698","135.477","180.601","180.465",,,"122.125","215.54","192.53","43.774","18.032",,,"117.484","43.783","122.082","163.416",,,,"155.937","155.947","155.969","163.39",,"170.314","170.255","155.907","170.302",,"121.967",,,"155.956","155.927",,,,"4.275",,,"18.023","155.865","4.491","4.614"
"alacritty","no-profile","2","warm-fresh-process",,,,,,,,,,,,,,,,,,,,,,,,,,,,,,,,"180.5409","32.1550000000002","1.8531",,"5.3693","24.797","132.9118",,,"2.279500000000013",,"12.394800000000004","18.149500000000003",,"10.181600000000032",,,"106.49739999999998","5.7017999999999915",,,,,,,"64.89739999999999","85.2735",,,,,"116.87780000000001",,,,,,"232.21130000000002","222.441",,,,,,"97.3828","84.988",,,,,"222.0297","77.0067",,,,,,"115.5323",,,,,"79.28620000000001",,"79.625","12.1093",,,,,,,"0.0045000000000000005","60.549899999999994",,,,
"terminal","no-profile","2","warm-fresh-process","30.293","0.127","0.16","0.354","0.329","0.174","35.83","3.319","1.086","0.325","0.001","0.012","0.093","1.817","6.008","0.128","0.032","0.002","0","0.356","6.574","0.477","0.44","0.031","4.625","0.01","25.78","5.714","12.248","0.004","188.2505","219.252","46.59180000000015","1.6313",,"5.1039","48.1468","173.5731","128.74399999999997","27.043000000000003",,"103.67599999999999",,,"71.941",,"18.932999999999993","6.931000000000012",,,"16.888000000000005","35.821","8.43100000000004",,"332.53000000000003","15.323999999999955",,,"0.294","173.173","301.917","13.966",,"172.908","173.161","146.904","310.475","310.348",,,"130.237","649.771","634.447","53.383","26.34",,,"125.335","53.394","130.175","172.898",,,,"165.913","165.923","165.944","172.875",,"302.022","301.947","165.883","302.01",,"130.016",,,"165.933","165.902",,,,"4.326",,,"26.33","165.837","4.577","4.649"
"alacritty","normal","2","warm-fresh-process",,,,,,,,,,,,,,,,,,,,,,,,,,,,,,,,"168.0312","32.029099999999744","1.6299",,"3.8721","29.0491","120.908",,,"2.2553999999999945",,"12.992099999999994","21.071500000000015",,"12.559200000000004",,,"112.68979999999998","6.387100000000004",,,,,,,"57.8943","79.5289",,,,,"115.1634",,,,,,"239.0424","226.8817",,,,,,"92.72189999999999","79.7298",,,,,"226.48319999999998","71.0873",,,,,,"113.7934",,,,,"73.3427",,"73.74600000000001","13.193",,,,,,,"0.0047","63.1573",,,,
"terminal","normal","2","warm-fresh-process","29.324","0.121","0.153","0.221","0.409","0.168","35.502","4.279","1.102","0.255","0.001","0.009","0.125","1.263","5.635","0.108","0.024","0.002","0","0.314","5.127","0.4","0.339","0.032","5.167","0.009","26.718","6.637","13.318","0.004","182.8897","214.3283","46.92890000000011","1.2046",,"3.8934","42.935","167.4703","132.415","28.024",,"104.80999999999999",,,"71.565",,"18.77800000000002","6.876000000000005",,,"14.072000000000003","32.85000000000002","10.369000000000028",,"448.484","10.628000000000043",,,"0.309","173.804","306.219","15.43",,"173.538","173.792","147.748","316.717","316.588",,,"133.923","765.331","754.703","56.89","28.866",,,"128.465","56.9","133.802","173.528",,,,"166.595","166.605","166.626","173.502",,"306.321","306.242","166.566","306.31",,"133.676",,,"166.614","166.585",,,,"5.402",,,"28.856","166.526","5.634","5.694"
"alacritty","no-profile-hook","2","warm-fresh-process",,,,,,,,,,,,,,,,,,,,,,,,,,,,,,,,"183.7411","25.084400000000002","1.8127","689.3356","4.9558","30.668","138.3789",,,"2.414599999999993",,"15.08959999999999","23.469999999999985",,"10.662299999999988",,,"122.73340000000002","5.935000000000002",,,,,,,"66.72120000000001","90.1604",,,,,"132.7997",,,,,,"264.8411","254.6405",,,,,,"107.9754","92.8858",,,,,"254.1788","84.53620000000001",,,,,,"131.44539999999998",,,,,"86.9508",,"87.3918","17.815",,,,,,,"0.0063999999999999994","75.37389999999999",,,,
"terminal","no-profile-hook","2","warm-fresh-process","28.968","0.138","0.172","0.215","0.375","0.192","35.642","3.192","1.079","0.384","0.001","0.009","0.055","1.552","5.491","0.209","0.034","0.003","0","0.332","5.232","0.53","0.381","0.04","3.901","0.009","24.828","5.379","14.557","0.006","176.0293","222.28","31.711099999999988","2.4594","720.6544","5.9729","49.1369","161.1784","132.60299999999998","26.04",,"100.082",,,"70.08599999999998",,"20.078000000000003","6.52800000000002",,,"15.224999999999994","35.303","9.883000000000038","402.44100000000003","417.105","15.160999999999945",,,"0.324","172.066","304.669","15.017",,"171.76","172.054","144.999","314.694","314.552",,,"130.538","736.935","721.774","55.732","29.692",,,"125.826","55.74","130.006","171.749",,,"707.11","165.16","165.17","165.195","171.723",,"304.792","304.702","165.117","304.775",,"129.774",,,"165.18","165.149","658.616","673.309","707.136","4.294",,,"29.683","165.077","4.552","4.617"
"alacritty","normal-hook","2","warm-fresh-process",,,,,,,,,,,,,,,,,,,,,,,,,,,,,,,,"178.5032","20.526999999999997","1.8645","812.3881","4.5745","25.6926","119.1008",,,"2.314300000000003",,"12.442700000000002","22.793599999999998",,"10.972200000000043",,,"157.5212","5.824999999999989",,,,,,,"58.7287","79.3107",,,,,"118.7946",,,,,,"285.52840000000003","274.9446",,,,,,"94.2414","81.7987",,,,,"274.5562","73.6594",,,,,,"117.035",,,,,"75.97370000000001",,"76.30810000000001","14.9307",,,,,,,"0.0058000000000000005","66.7171",,,,
"terminal","normal-hook","2","warm-fresh-process","31.325","0.135","0.187","0.171","0.416","0.188","35.612","3.061","1.085","0.414","0.001","0.009","0.064","1.364","5.019","0.097","0.026","0.003","0","0.301","4.687","0.485","0.311","0.028","3.973","0.01","25.306","5.819","12.272","0.005","188.7944","205.3987","31.1389","1.9245","809.4027","5.2888","32.4929","157.6957","136.26799999999997","26.544000000000004",,"103.452",,,"72.88",,"22.07499999999999","6.975000000000023",,,"13.237000000000009","35.312","8.853000000000009","494.603","512.529","9.572000000000003",,,"0.297","165.293","301.561","6.007",,"164.374","165.27","135.162","310.536","310.414",,,"122.141","823.662","814.09","45.017","18.473",,,"117.907","45.027","122.043","164.363",,,"796.164","157.331","157.341","157.361","164.336",,"301.677","301.602","157.285","301.665",,"121.925",,,"157.35","157.32","757.823","765.495","796.196","4.195",,,"18.409","157.237","4.459","4.522"
"terminal","cmd","3","warm-fresh-process","30.704","0.124","0.156","0.219","0.31","0.144","39.136","2.94","1.114","0.287","0.001","0.01","0.065","1.44","6.413","0.115","0.021","0.001","0","0.535","5.03","0.487","0.335","0.029","4.425","0.009","24.59","5.502","13.132","0.003","183.9014","214.4608","47.26690000000008","1.7961",,"3.9308","41.0802","168.7","6.467999999999989","25.845000000000002",,"105.784",,,"75.45599999999999",,"22.194000000000017","9.50200000000001",,,"15.206999999999994","37.40100000000001","10.319999999999993",,"32.69499999999999","21.344000000000023",,,"0.308","179.763","186.231","13.414",,"179.483","179.751","147.648","196.768","196.551",,,"132.62","240.27","218.926","52.502","26.657",,,"127.967","52.511","132.577","179.473",,,,"169.915","169.925","169.947","179.449",,"186.316","186.253","169.884","186.305",,"132.441",,,"169.934","169.903",,,,"3.918",,,"26.647","169.842","4.122","4.182"
"alacritty","cmd","3","warm-fresh-process",,,,,,,,,,,,,,,,,,,,,,,,,,,,,,,,"167.8602","30.999899999999798","1.5849",,"3.7264","28.3244","122.184",,,"2.354299999999995",,"13.0775","18.986199999999997",,"10.193199999999962",,,"25.230300000000014","5.868700000000004",,,,,,,"61.511300000000006","82.8118",,,,,"114.71589999999999",,,,,,"148.89649999999997","139.44490000000002",,,,,,"94.4868","81.4093",,,,,"138.7033","73.1863",,,,,,"113.473",,,,,"75.5406",,"75.86619999999999","11.674999999999999",,,,,,,"0.0049","56.2136",,,,
"terminal","no-profile","3","warm-fresh-process","31.461","0.129","0.161","0.184","0.333","0.174","35.798","6.073","1.057","0.288","0.001","0.009","0.068","1.613","5.375","0.095","0.044","0.002","0","0.338","4.745","0.422","0.322","0.033","4.468","0.009","24.061","5.919","12.689","0.005","167.963","214.3004","31.252700000000004","1.8768",,"4.1593","43.4813","152.2059","134.68200000000002","25.282999999999998",,"103.09100000000001",,,"73.28",,"20.408000000000015","6.3940000000000055",,,"13.924999999999983","34.333","8.939999999999998",,"360.81399999999996","13.144000000000005",,,"0.317","165.769","300.451","8.737",,"165.486","165.757","138.551","309.537","309.391",,,"124.964","674.409","661.265","46.818","21.535",,,"120.107","46.827","124.739","165.475",,,,"159.027","159.037","159.057","165.451",,"300.632","300.493","158.998","300.604",,"124.626",,,"159.046","159.017",,,,"7.098",,,"21.525","158.959","7.334","7.395"
"alacritty","no-profile","3","warm-fresh-process",,,,,,,,,,,,,,,,,,,,,,,,,,,,,,,,"159.9589","32.018300000000636","1.454",,"4.2524","34.9629","112.6966",,,"2.2423",,"12.488399999999999","21.788600000000002",,"10.895199999999988",,,"151.6057","5.894999999999996",,,,,,,"49.3193","69.945",,,,,"105.28659999999999",,,,,,"266.3168","255.90540000000001",,,,,,"82.0273","69.5389",,,,,"255.4216","61.4016",,,,,,"103.8159",,,,,"63.6439",,"63.96209999999999","12.0823",,,,,,,"0.0047","53.5196",,,,
"terminal","normal","3","warm-fresh-process","29.048","0.116","0.145","0.321","0.37","0.184","36.899","3.646","1.094","0.325","0.001","0.009","0.069","1.495","5.775","0.099","0.035","0.001","0","0.381","6.25","0.588","0.332","0.03","4.362","0.009","24.806","5.363","12.817","0.004","191.7874","222.5849","46.83769999999981","1.5221",,"4.5983","50.7826","161.9962","135.95000000000002","26.056",,"101.88499999999999",,,"71.412",,"19.319999999999993","6.824999999999989",,,"15.914000000000016","35.23400000000001","10.644999999999982",,"443.109","10.19900000000007",,,"10.407","172.807","308.757","15.517",,"172.516","172.795","146.245","319.576","319.402",,,"130.495","762.065","751.866","54.502","28.446",,,"125.924","54.512","130.448","172.506",,,,"165.625","165.634","165.655","172.48",,"308.861","308.784","165.597","308.848",,"130.331",,,"165.644","165.614",,,,"14.835",,,"28.436","165.565","15.077","15.133"
"alacritty","normal","3","warm-fresh-process",,,,,,,,,,,,,,,,,,,,,,,,,,,,,,,,"180.4208","31.864599999999882","1.555",,"3.784","27.0011","134.0018",,,"2.2608999999999924",,"11.865399999999994","19.915300000000002",,"10.663299999999992",,,"100.11819999999999","5.734000000000009",,,,,,,"67.67190000000001","87.5322",,,,,"122.1222",,,,,,"231.40279999999998","221.13150000000002",,,,,,"100.706","88.84060000000001",,,,,"220.7395","80.84570000000001",,,,,,"120.6213",,,,,"83.1066",,"83.4464","13.1738",,,,,,,"0.0047","64.6694",,,,
"terminal","no-profile-hook","3","warm-fresh-process","30.468","0.127","0.16","0.211","0.5","0.195","36.682","4.487","1.148","0.307","0.001","0.011","0.082","1.434","6.082","0.105","0.026","0.002","0","0.351","5.251","0.453","0.337","0.054","5.028","0.011","25.138","6.807","13.117","0.005","180.2723","210.7193","30.205600000000004","1.2871","727.7202","3.1933","42.1561","164.2591","132.385","26.453",,"105.61200000000001",,,"74.072",,"19.158999999999992","7.049000000000007",,,"15.064999999999998","34.22399999999999","8.757999999999981","408.10100000000006","421.343","13.519999999999982",,,"0.291","176.108","308.493","15.551",,"175.806","176.095","149.459","317.381","317.251",,,"134.651","743.356","729.836","55.235","28.782",,,"129.316","55.244","134.519","175.794",,,"716.594","168.69","168.701","168.721","175.77",,"308.59","308.518","168.655","308.579",,"134.394",,,"168.71","168.68","668.018","683.17","716.63","5.668",,,"28.772","168.618","5.929","5.992"
"alacritty","no-profile-hook","3","warm-fresh-process",,,,,,,,,,,,,,,,,,,,,,,,,,,,,,,,"173.7951","31.686999999999983","1.4015","728.674","3.5869","33.042","142.0759",,,"2.4887999999999977",,"12.572000000000003","19.199099999999987",,"10.408900000000017",,,"169.8359","5.905300000000011",,,,,,,"69.3197","90.28580000000001",,,,,"123.94760000000001",,,,,,"302.8267","292.9558",,,,,,"103.3828","90.8108",,,,,"292.4178","82.41669999999999",,,,,,"122.58189999999999",,,,,"84.90549999999999",,"85.2599","13.097",,,,,,,"0.0046","65.41510000000001",,,,
"terminal","normal-hook","3","warm-fresh-process","30.198","0.122","0.154","0.22","0.477","0.184","36.581","3.141","1.12","0.333","0.001","0.01","0.057","1.527","6.198","0.104","0.041","0.003","0.001","0.451","5.269","0.471","0.388","0.036","4.353","0.009","24.124","5.847","15.506","0.006","184.8838","217.4159","31.4058","1.636","814.8077","3.852","42.3051","168.8096","141.46","25.378000000000004",,"102.52000000000001",,,"72.733",,"19.20999999999998","7.7309999999999945",,,"15.441000000000003","34.65099999999998","8.742999999999995","487.15200000000004","496.60799999999995","14.076000000000022",,,"0.298","174.982","316.442","13.894",,"174.573","174.954","147.484","325.333","325.185",,,"132.284","827.126","813.05","54.901","29.523",,,"127.642","54.909","132.168","174.562",,,"803.594","166.769","166.779","166.802","174.533",,"316.544","316.465","166.737","316.533",,"132.043",,,"166.788","166.758","764.355","772.385","803.622","4.279",,,"29.513","166.694","4.528","4.591"
"alacritty","normal-hook","3","warm-fresh-process",,,,,,,,,,,,,,,,,,,,,,,,,,,,,,,,"163.8277","31.84970000000021","1.2045","775.337","4.7242","23.4416","117.4622",,,"2.5030999999999892",,"12.766499999999994","19.224499999999992",,"9.301400000000001",,,"167.5403","6.034300000000016",,,,,,,"56.652100000000004","77.956",,,,,"111.3483",,,,,,"286.8193","277.9321",,,,,,"90.7531","77.98660000000001",,,,,"277.5179","69.4492",,,,,,"109.9776",,,,,"71.9523",,"72.39320000000001","12.7971",,,,,,,"0.0047","61.0525",,,,
"alacritty","cmd","4","warm-fresh-process",,,,,,,,,,,,,,,,,,,,,,,,,,,,,,,,"183.8212","32.08570000000009","1.6762",,"3.7074","43.8497","123.2975",,,"2.2616000000000014",,"12.46629999999999","20.150400000000005",,"11.022900000000021",,,"25.231099999999998","5.899000000000001",,,,,,,"64.9256","85.5525",,,,,"120.7926",,,,,,"155.83610000000002","145.3829",,,,,,"99.43169999999999","86.9654",,,,,"144.8132","78.8048",,,,,,"119.5821",,,,,"81.0664",,"81.3823","13.879199999999999",,,,,,,"0.0046","62.4664",,,,
"terminal","cmd","4","warm-fresh-process","31.334","0.129","0.162","0.129","0.342","0.162","36.503","3.229","1.076","0.254","0.001","0.008","0.062","1.152","5.614","0.115","0.025","0.002","0","0.303","5.378","0.524","0.305","0.03","4.52","0.009","26.327","6.077","11.774","0.005","179.4224","209.3458","32.271799999999985","1.8788",,"4.4178","40.6906","163.1372","6.597000000000008","27.538999999999998",,"106.147",,,"74.03",,"22.13300000000001","7.0730000000000075",,,"14.192999999999984","36.32599999999999","9.752999999999986",,"30.034999999999997","22.278999999999996",,,"0.318","176.469","183.066","14.602",,"176.174","176.457","146.826","192.956","192.819",,,"132.907","235.38","213.101","54.025","26.486",,,"128.064","54.034","132.769","176.163",,,,"169.032","169.041","169.063","176.136",,"183.161","183.09","169.002","183.148",,"132.633",,,"169.051","169.021",,,,"4.263",,,"26.476","168.959","4.488","4.551"
"alacritty","no-profile","4","warm-fresh-process",,,,,,,,,,,,,,,,,,,,,,,,,,,,,,,,"178.615","32.02449999999999","1.6391",,"4.8906","37.7102","131.1478",,,"2.206799999999987",,"12.88839999999999","20.698700000000002",,"8.925399999999996",,,"99.26400000000002","5.687700000000007",,,,,,,"62.26840000000001","83.0513",,,,,"117.7198",,,,,,"224.592","216.6842",,,,,,"95.70389999999999","82.8155",,,,,"215.66660000000002","74.921",,,,,,"116.40259999999999",,,,,"77.1278",,"77.45779999999999","12.6526",,,,,,,"0.0046","65.9729",,,,
"terminal","no-profile","4","warm-fresh-process","30.615","0.116","0.248","0.322","0.31","0.162","37.441","2.944","1.18","0.291","0.001","0.009","0.11","1.481","5.368","0.088","0.018","0.001","0","0.355","4.501","0.476","0.323","0.025","3.804","0.01","26.084","6.019","13.037","0.004","187.6914","219.7675","30.89519999999999","1.8169",,"6.0399","49.1989","173.0092","128.996","27.463",,"105.51500000000001",,,"74.19399999999999",,"19.033999999999992","6.822999999999979",,,"13.543999999999983","32.577999999999975","8.428999999999974",,"335.027","13.432000000000016",,,"0.269","172.443","301.439","13.915",,"172.158","172.432","146.16","309.997","309.868",,,"132.774","649.898","636.466","54.564","27.101",,,"128.767","54.573","132.725","172.146",,,,"165.269","165.28","165.3","172.123",,"301.537","301.464","165.238","301.526",,"132.616",,,"165.29","165.259",,,,"3.972",,,"27.091","165.194","4.199","4.265"
"alacritty","normal","4","warm-fresh-process",,,,,,,,,,,,,,,,,,,,,,,,,,,,,,,,"162.3821","30.69159999999988","1.6463",,"4.9705","38.5361","116.2305",,,"2.7363",,"12.526600000000002","19.02669999999999",,"10.709299999999985",,,"101.89980000000001","6.107500000000002",,,,,,,"54.6294","75.9998",,,,,"109.9378",,,,,,"221.2711","211.07899999999998",,,,,,"89.6353","77.1087",,,,,"210.5618","68.2649",,,,,,"108.66199999999999",,,,,"71.0012",,"71.5394","13.6355",,,,,,,"0.0045000000000000005","59.9168",,,,
"terminal","normal","4","warm-fresh-process","29.979","0.117","0.149","0.133","0.326","0.15","34.128","3.331","1.05","0.333","0.001","0.01","0.053","1.253","5.131","0.111","0.026","0.003","0","0.31","4.578","0.392","0.342","0.04","4.506","0.009","27.411","5.421","13.127","0.004","164.0133","212.2884","46.61299999999983","1.2084",,"2.991","40.3743","164.0133","128.733","28.591",,"102.845",,,"69.689",,"29.736999999999995","7.5519999999999925",,,"13.187000000000012","42.92400000000001","9.826000000000022",,"458.81100000000004","10.981999999999971",,,"0.273","180.392","309.125","13.406",,"180.115","180.38","142.687","319.086","318.951",,,"129.932","778.918","767.936","55.246","26.655",,,"124.944","55.255","129.632","180.104",,,,"172.495","172.505","172.526","180.078",,"309.223","309.151","172.464","309.211",,"129.5",,,"172.514","172.484",,,,"4.275",,,"26.645","172.424","4.488","4.549"
"alacritty","no-profile-hook","4","warm-fresh-process",,,,,,,,,,,,,,,,,,,,,,,,,,,,,,,"149.218","226.28","31.763300000000072","1.6767","760.9272","4.4385","40.0632","149.218",,,"2.9340999999999866",,"17.86659999999999","65.70960000000001",,"18.13560000000001",,,"96.50969999999998","6.749000000000009",,,,,,,"67.7141","95.26379999999999",,,,,"175.989",,,,,,"289.1787","271.92969999999997",,,,,,"108.82379999999999","90.9572",,,,,"271.0431","81.2741",,,,,,"174.5334",,,,,"84.20819999999999",,"84.6558","13.559999999999999",,,,,,,"0.0053","73.0023",,,,
"terminal","no-profile-hook","4","warm-fresh-process","33.568","0.127","0.174","0.256","0.402","0.176","36.93","3.916","1.283","0.281","0.001","0.01","0.067","1.606","5.118","0.102","0.02","0.002","0","0.349","4.944","0.486","0.304","0.032","4.768","0.01","26.768","6.345","15.659","0.005","168.0515","243.2647","30.859300000000076","1.3232","941.0457","3.3319","43.168","168.0515","289.488","28.201000000000004",,"110.00099999999999",,,"76.957",,"27.99200000000002","7.610000000000014",,,"14.107","42.09900000000002","12.347000000000037","449.323","463.635","18.58699999999999",,,"0.267","190.498","479.986","14.529",,"190.163","190.485","154.409","492.457","492.333",,,"140.781","962.208","943.621","58.502","30.301",,,"135.47","58.513","140.423","190.149",,,"929.309","182.474","182.484","182.505","190.115",,"480.082","480.012","182.441","480.071",,"140.302",,,"182.494","182.463","874.958","891.448","929.347","4.966",,,"30.291","182.401","5.204","5.267"
"alacritty","normal-hook","4","warm-fresh-process",,,,,,,,,,,,,,,,,,,,,,,,,,,,,,,,"207.0121","31.297300000000007","1.8873","834.4369","4.0427","23.2353","147.2438",,,"2.879700000000014",,"13.0728","21.197400000000016",,"9.38859999999994",,,"158.02800000000002","6.333999999999989",,,,,,,"70.9635","93.25",,,,,"128.8472",,,,,,"294.82239999999996","285.8023",,,,,,"106.2084","93.1356",,,,,"285.4338","83.9219",,,,,,"127.40580000000001",,,,,"86.80160000000001",,"87.2024","12.9584",,,,,,,"0.0048","66.8595",,,,
"terminal","normal-hook","4","warm-fresh-process","31.614","0.13","0.163","0.15","0.399","0.186","37.742","3.405","1.14","0.307","0.001","0.009","0.075","1.444","5.106","0.095","0.018","0.001","0","0.321","4.607","0.486","0.278","0.027","3.891","0.009","25.486","5.464","13.542","0.006","186.3097","214.499","30.791399999999953","1.6143","878.0536","3.8942","43.1778","154.2514","181.302","26.791",,"105.664",,,"74.925",,"25.052999999999997","8.090000000000003",,,"13.135000000000005","38.188","13.648000000000025","511.98","528.951","10.558999999999969",,,"0.357","172.718","354.02","6.419",,"172.182","172.683","138.87","368.015","367.668",,,"125.899","893.53","882.971","46.862","20.071",,,"121.797","46.872","125.851","172.163",,,"866","163.998","164.008","164.028","172.118",,"354.138","354.049","163.967","354.126",,"125.735",,,"164.017","163.986","820.405","830.459","866.028","4.546",,,"20.061","163.923","4.798","4.862"
"terminal","cmd","5","warm-fresh-process","32.444","0.163","0.199","0.369","0.407","0.22","39.382","7.006","1.235","0.416","0.001","0.012","0.085","1.48","5.785","0.118","0.025","0.002","0","0.37","5.269","0.672","0.453","0.043","4.909","0.01","27.403","6.891","16.297","0.007","198.2014","229.023","32.18599999999998","2.8298",,"5.855","43.8552","182.4769","6.963000000000022","28.813",,"112.624",,,"78.83399999999999",,"23.75799999999998","8.477000000000004",,,"15.39100000000002","39.149","10.155999999999977",,"31.94999999999999","21.601",,,"0.379","186.01","192.973","8.87",,"185.681","185.998","153.306","203.263","203.129",,,"138.167","246.524","224.923","54.104","25.291",,,"132.95","54.116","138.055","185.67",,,,"177.136","177.147","177.167","185.644",,"193.087","193.009","177.107","193.074",,"137.915",,,"177.156","177.125",,,,"8.271",,,"25.28","177.064","8.609","8.679"
"alacritty","cmd","5","warm-fresh-process",,,,,,,,,,,,,,,,,,,,,,,,,,,,,,,"1363.3318","170.373","32.608999999999924","1.8024",,"5.7311","45.19","138.0464",,,"2.38630000000002",,"13.058299999999988","17.23280000000001",,"11.971499999999992",,,"16.349499999999992","5.940399999999997",,,,,,,"63.43189999999999","84.8169",,,,,"119.37589999999999",,,,,,"146.5323","137.83020000000002",,,,,,"100.9785","87.92020000000001",,,,,"134.5608","79.59349999999999",,,,,,"118.21130000000001",,,,,"81.97980000000001",,"82.3236","16.1616",,,,,,,"0.0055","72.0069",,,,
"terminal","no-profile","5","warm-fresh-process","33.201","0.135","0.169","0.281","0.335","0.166","40.791","3.14","1.233","0.53","0.001","0.01","0.073","1.626","5.813","0.115","0.027","0.003","0","0.558","5.267","0.736","0.322","0.037","4.847","0.01","28.656","6.687","14.001","0.005","213.6793","259.1033","32.09759999999983","1.4969",,"5.0169","40.6847","167.2747","156.967","30.046",,"115.749",,,"80.795",,"50.801000000000016","7.568999999999988",,,"15.682999999999993","66.48400000000001","22.872000000000014",,"449.16999999999996","18.870000000000005",,,"0.336","211.071","368.038","6.467",,"210.574","211.044","152.039","391.58","390.91",,,"136.585","836.078","817.208","50.653","20.607",,,"131.459","50.664","136.492","210.557",,,,"202.909","202.92","202.941","210.51",,"368.151","368.065","202.879","368.139",,"136.356",,,"202.93","202.899",,,,"4.2",,,"20.597","202.84","4.429","4.49"
"alacritty","no-profile","5","warm-fresh-process",,,,,,,,,,,,,,,,,,,,,,,,,,,,,,,,"254.3625","31.61279999999988","2.442",,"8.4551","54.6077","193.9854",,,"3.6517000000000053",,"26.668000000000006","41.3484",,"26.526800000000037",,,"125.2869","7.45829999999998",,,,,,,"81.8921","119.67009999999999",,,,,"187.3958",,,,,,"337.88030000000003","312.3768",,,,,,"144.7182","118.05019999999999",,,,,"311.3535","106.9402",,,,,,"186.0666",,,,,"110.59190000000001",,"111.0783","25.0481",,,,,,,"0.0056","98.19940000000001",,,,
"terminal","normal","5","warm-fresh-process","32.617","0.123","0.155","0.233","0.34","0.164","40.527","6.059","1.247","0.4","0.001","0.012","0.064","1.939","5.562","0.112","0.028","0.002","0","0.603","5.697","0.457","0.341","0.033","5.001","0.01","26.389","5.969","12.728","0.004","196.2004","227.8643","30.840000000000146","1.8432",,"5.4552","41.5275","181.1295","164.19699999999997","27.789999999999996",,"112.08999999999999",,,"79.235",,"23.747000000000014","7.680999999999983",,,"15.787000000000006","39.53400000000002","20.68100000000004",,"512.434","15.563000000000102",,,"0.309","180.621","344.818","7.969",,"180.285","180.6","148.689","365.661","365.499",,,"133.147","872.815","857.252","48.602","20.812",,,"127.848","48.613","133.036","180.274",,,,"172.525","172.537","172.567","180.248",,"344.936","344.846","172.479","344.923",,"132.902",,,"172.551","172.51",,,,"7.152",,,"20.802","172.436","7.379","7.44"
"alacritty","normal","5","warm-fresh-process",,,,,,,,,,,,,,,,,,,,,,,,,,,,,,,,"191.0453","30.864599999999882","1.9294",,"7.6518","35.3733","129.7066",,,"2.4771999999999963",,"12.771100000000004","26.648900000000012",,"17.448000000000036",,,"113.82359999999998","6.035499999999999",,,,,,,"61.486799999999995","82.7706",,,,,"125.77569999999999",,,,,,"255.82880000000003","238.81130000000002",,,,,,"97.9083","85.13719999999999",,,,,"238.3808","76.6245",,,,,,"124.55720000000001",,,,,"79.1017",,"79.52430000000001","15.1377",,,,,,,"0.0059","67.4134",,,,
"terminal","no-profile-hook","5","warm-fresh-process","42.339","0.139","0.173","0.473","0.477","0.271","46.851","5.34","1.477","0.469","0.001","0.014","0.109","4.488","6.728","0.207","0.029","0.004","0","0.455","6.331","0.55","0.36","0.052","9.503","0.011","30.083","9.694","24.829","0.007","257.454","287.9495","30.90910000000008","2.3595","883.5518","7.313","71.2306","226.5873","150.32100000000003","31.772",,"140.383",,,"99.01999999999998",,"35.539000000000016","7.7620000000000005",,,"20.635999999999996","56.17500000000001","18.504999999999995","466.323","474.83899999999994","16.90700000000004",,,"0.374","237.13","387.451","7.196",,"236.746","237.115","193.184","406.118","405.956",,,"172.959","879.197","862.29","63.937","32.165",,,"162.968","63.948","172.8","236.672",,,"853.774","228.824","228.837","228.863","236.625",,"387.561","387.477","228.776","387.549",,"172.548",,,"228.848","228.81","798.709","816.147","853.807","6.602",,,"32.154","228.723","6.954","7.02"
"alacritty","no-profile-hook","5","warm-fresh-process",,,,,,,,,,,,,,,,,,,,,,,,,,,,,,,,"193.9486","29.387899999999945","1.5633","775.1577","4.5929","38.961","132.2037",,,"2.704400000000007",,"15.072299999999998","40.699400000000026",,"19.58659999999992",,,"127.71370000000002","6.604399999999998",,,,,,,"58.179399999999994","82.56049999999999",,,,,"139.51420000000002",,,,,,"285.55609999999996","266.7424",,,,,,"97.5564","82.4841",,,,,"265.96950000000004","73.1753",,,,,,"138.25580000000002",,,,,"75.8797",,"76.3218","14.995899999999999",,,,,,,"0.0049","64.5715",,,,
"terminal","normal-hook","5","warm-fresh-process","31.804","0.137","0.17","0.179","0.398","0.212","37.634","4.391","1.277","0.304","0.001","0.012","0.062","1.593","6.221","0.112","0.024","0.003","0","0.346","5.04","0.512","0.294","0.031","4.119","0.012","27.836","7.006","13.418","0.005","203.0813","249.5645","32.25450000000001","1.7628","1565.4811","5.3751","45.3819","171.059","173.72299999999998","29.261999999999997",,"109.99700000000001",,,"76.56",,"33.287000000000006","8.246999999999986",,,"15.086999999999989","48.373999999999995","34.21600000000001","1180.735","1201.445","32.7170000000001",,,"0.616","187.42","361.143","6.714",,"187.096","187.407","145.357","396.881","395.359",,,"130.584","1595.305","1562.588","49.535","20.273",,,"126.105","49.545","130.404","187.083",,,"1541.878","178.712","178.722","178.764","187.011",,"361.313","361.187","178.68","361.296",,"130.27",,,"178.752","178.702","1437.922","1466.389","1541.933","5.797",,,"20.262","178.644","6.074","6.137"
"alacritty","normal-hook","5","warm-fresh-process",,,,,,,,,,,,,,,,,,,,,,,,,,,,,,,,"347.2895","32.00240000000008","2.2259","1890.0124","7.4055","64.797","221.8704",,,"3.873800000000017",,"35.801799999999986","111.23040000000003",,"67.77509999999995",,,"129.6569","8.52719999999998",,,,,,,"94.60040000000001","142.80319999999998",,,,,"283.0282",,,,,,"479.2012","414.812",,,,,,"170.53879999999998","134.737",,,,,"411.4261","122.336",,,,,,"281.7692",,,,,"126.20980000000002",,"126.8551","27.735599999999998",,,,,,,"0.0076","108.60549999999999",,,,
"alacritty","cmd","6","warm-fresh-process",,,,,,,,,,,,,,,,,,,,,,,,,,,,,,,,"316.4676","31.935100000000602","3.0197",,"10.2082","57.3668","256.4011",,,"5.3962999999999965",,"50.071200000000005","46.88360000000003",,"27.951000000000022",,,"23.581299999999942","12.693899999999985",,,,,,,"114.66720000000002","182.8286",,,,,"258.6096",,,,,,"307.7201","281.0856",,,,,,"209.3042","159.233",,,,,"279.7691","141.14280000000002",,,,,,"256.18780000000004",,,,,"146.53910000000002",,"147.29610000000002","26.4756",,,,,,,"0.0066","126.98889999999999",,,,
"terminal","cmd","6","warm-fresh-process","45.775","0.298","0.383","1.186","0.7","0.347","51.91","6.554","1.872","0.366","0.002","0.036","0.162","4.193","6.781","0.124","0.024","0.002","0","0.364","7.237","0.567","0.501","0.041","7.919","0.014","47.557","8.9","35.073","0.009","317.5944","348.7266","46.489100000000235","2.9673",,"7.8731","99.759","301.8672","8.016999999999996","49.756",,"164.485",,,"106.74600000000001",,"26.884000000000015","7.849999999999966",,,"21.889999999999986","48.774","20.38299999999998",,"32.827999999999975","45.80099999999999",,,"0.506","267.778","275.795","10.739",,"267.349","267.752","232.45","296.419","296.178",,,"210.861","354.424","308.623","95.831","46.075",,,"202.591","95.845","210.708","267.334",,,,"259.401","259.411","259.434","267.284",,"275.898","275.82","259.368","275.884",,"210.56",,,"259.422","259.389",,,,"8.605",,,"46.051","259.334","9.126","9.261"
"alacritty","no-profile","6","warm-fresh-process",,,,,,,,,,,,,,,,,,,,,,,,,,,,,,,,"388.5155","38.94840000000022","5.38",,"10.9967","77.834","264.6825",,,"4.185900000000004",,"26.483499999999992","75.8373",,"58.24490000000003",,,"275.10599999999994","11.32559999999998",,,,,,,"116.9486","158.94359999999998",,,,,"275.45910000000003",,,,,,"605.5812999999999","548.177",,,,,,"196.39309999999998","169.90959999999998",,,,,"547.3363999999999","154.3981",,,,,,"272.2304",,,,,"158.584",,"159.19449999999998","37.44949999999999",,,,,,,"0.010499999999999999","142.05419999999998",,,,
"terminal","no-profile","6","warm-fresh-process","46.385","0.151","0.194","0.391","0.411","0.227","54.759","4.507","1.742","0.372","0.001","0.016","0.151","2.209","7.922","0.115","0.023","0.002","0","0.636","6.671","1.081","0.388","0.04","6.632","0.016","37.743","10.927","16.973","0.006","288.8746","324.9252","54.98140000000001","1.908",,"4.7432","55.9822","242.1878","257.43","39.82300000000001",,"158.777",,,"112.244",,"36.477000000000004","14.350000000000023",,,"20.26400000000001","56.741000000000014","39.72599999999994",,"1120.711","44.57600000000002",,,"0.424","254.413","511.843","6.638",,"253.818","254.384","202.811","551.866","551.569",,,"182.751","1677.13","1632.554","63.593","23.77",,,"175.851","63.607","182.689","253.802",,,,"239.361","239.374","239.402","253.752",,"512.053","511.888","239.322","512.022",,"182.547",,,"239.387","239.346",,,,"5.819",,,"23.757","239.288","6.132","6.213"
"alacritty","normal","6","warm-fresh-process",,,,,,,,,,,,,,,,,,,,,,,,,,,,,,,,"604.3004","62.495000000000005","6.5794",,"17.5277","166.9357","464.1481",,,"6.628699999999981",,"88.358","51.25369999999998",,"46.78359999999998",,,"356.8269000000001","16.394300000000044",,,,,,,"168.95289999999997","280.33389999999997",,,,,"417.7003",,,,,,"818.2276","774.9963",,,,,,"363.3634","275.0054",,,,,"771.4440000000001","251.98239999999998",,,,,,"414.6171",,,,,"258.61109999999996",,"259.5186","83.02950000000001",,,,,,,"0.0135","230.5241",,,,
"terminal","normal","6","warm-fresh-process","124.027","0.28","0.368","1.701","0.9","0.377","118.212","11.505","5.856","1.031","0.156","0.047","0.547","5.158","16.613","0.214","0.059","0.022","0.001","3.008","13.778","2.538","0.807","0.07","26.07","0.021","135.892","17.399","45.194","0.018","696.4367","758.9992","60.521799999999985","3.3865",,"13.7059","153.0789","633.8295","321.332","142.85000000000002",,"428.981",,,"259.92",,"68.5340000000001","16.38900000000001",,,"46.134999999999934","114.66900000000004","54.37800000000004",,"1525.512","34.42300000000023",,,"1.078","622.026","943.358","15.464",,"621.252","621.985","536.012","998.045","997.736",,,"490.403","2503.293","2468.87","203.746","60.896",,,"463.696","203.776","490.152","621.222",,,,"604.699","604.726","604.784","621.173",,"943.587","943.403","604.625","943.555",,"489.877",,,"604.754","604.669",,,,"14.348",,,"60.871","604.546","14.972","15.155"
"alacritty","no-profile-hook","6","warm-fresh-process",,,,,,,,,,,,,,,,,,,,,,,,,,,,,,,,"528.1836","36.343399999999974","3.7019","2300.0683","11.2572","110.668","420.0137",,,"6.893499999999989",,"116.82050000000001","57.28419999999994",,"89.13539999999989",,,"264.3858000000001","17.563999999999993",,,,,,,"159.15770000000003","300.4357",,,,,"398.65",,,,,,"746.9812999999999","659.6943",,,,,,"336.1759","219.3554",,,,,"657.8459","194.89790000000002",,,,,,"393.46009999999995",,,,,"201.7914",,"202.67340000000002","35.7402",,,,,,,"0.0101","176.48069999999998",,,,
"terminal","no-profile-hook","6","warm-fresh-process","87.955","0.308","0.393","0.78","0.916","0.418","125.024","9.014","4.258","1.2","0.002","0.02","0.311","4.897","20.971","0.244","0.052","0.006","0.001","1.682","13.97","2.905","0.717","0.066","14.29","0.019","84.403","17.656","36.291","0.015","576.8273","613.0264","33.4828","6.5149","2517.2398","22.7068","128.5308","515.705","326.935","89.237",,"334.574",,,"230.88100000000003",,"57.65700000000004","17.581999999999994",,,"48.39999999999998","106.05700000000002","79.957","1607.667","1624.951","43.12699999999995",,,"0.703","510.074","837.009","14.172",,"509.26","510.001","433.712","917.333","916.966",,,"385.906","2505.087","2461.96","139.975","50.738",,,"370.884","140.003","385.63","509.235",,,"2444.676","491.533","491.557","491.608","509.19",,"837.321","837.07","491.436","837.273",,"385.312",,,"491.582","491.49","2268.04","2327.358","2444.721","11.527",,,"50.711","491.369","12.151","12.35"
"alacritty","normal-hook","6","warm-fresh-process",,,,,,,,,,,,,,,,,,,,,,,,,,,,,,,,"561.4389","39.93849999999975","5.6693","2624.366","12.2553","110.3105","393.1254",,,"8.228200000000015",,"73.90289999999996","114.49150000000003",,"49.14399999999989",,,"203.27950000000004","16.329199999999986",,,,,,,"158.369","256.8293",,,,,"432.232",,,,,,"681.3856999999999","633.5015000000001",,,,,,"314.47069999999997","240.5678",,,,,"632.2417","216.0104",,,,,,"428.9622",,,,,"224.23860000000002",,"225.2981","57.641400000000004",,,,,,,"0.0117","193.3699",,,,
"terminal","normal-hook","6","warm-fresh-process","74.614","0.361","0.514","0.811","0.871","0.415","91.073","8.4","4.273","1.085","0.002","0.019","0.335","4.946","13.087","0.184","0.048","0.005","0.001","1.635","8.244","1.473","0.76","0.066","9.719","0.015","124.051","15.733","38.271","0.014","622.1291","667.731","61.608799999999974","3.7173","1831.0746","41.6555","217.4013","574.1225","274.991","128.89600000000002",,"320.367",,,"181.642",,"52.88099999999997","14.076000000000022",,,"33.156000000000006","86.03699999999998","37.798","919.2299999999999","939.371","28.222999999999956",,,"0.533","471.86","746.851","11.902",,"471.159","471.819","403.927","784.954","784.649",,,"371.148","1714.445","1686.222","179.3","50.404",,,"360.971","179.329","370.998","471.133",,,"1666.081","456.937","456.959","457.01","471.086",,"747.054","746.891","456.873","747.027",,"370.771",,,"456.98","456.914","1583.97","1598.367","1666.112","10.805",,,"50.381","456.808","11.384","11.564"
"terminal","cmd","7","warm-fresh-process","62.003","0.259","0.347","0.723","0.487","0.39","98.822","7.609","2.492","1.091","0.002","0.019","0.276","4.096","13.925","0.276","0.053","0.006","0.001","2.619","11.708","2.134","0.701","0.06","13.312","0.016","61.666","13.244","30.484","0.011","419.3879","463.9663","46.06100000000015","2.8555",,"7.4533","79.8836","372.6201","15.965000000000032","64.607",,"252.313",,,"174.25799999999998",,"51.629999999999995","15.980000000000018",,,"38.19200000000001","89.822","36.948999999999955",,"59.514999999999986","58.83800000000002",,,"0.482","400.676","416.641","10.752",,"399.849","400.635","331.96","453.868","453.59",,,"294.317","534.994","476.156","106.062","41.455",,,"280.34","106.082","294.106","399.821",,,,"383.713","383.736","383.779","399.759",,"416.819","416.685","383.649","416.795",,"293.768",,,"383.754","383.687",,,,"9.314",,,"41.439","383.59","9.866","10.031"
"alacritty","cmd","7","warm-fresh-process",,,,,,,,,,,,,,,,,,,,,,,,,,,,,,,,"409.4109","50.009399999999914","5.5436",,"10.6023","80.8257","316.4338",,,"6.1466000000000065",,"72.05720000000002","51.05579999999998",,"40.44479999999999",,,"31.994399999999985","15.783500000000004",,,,,,,"129.20780000000002","223.19510000000002",,,,,"313.70579999999995",,,,,,"382.8644","343.87149999999997",,,,,,"259.36940000000004","187.31220000000002",,,,,"342.4196","165.3821",,,,,,"310.4252",,,,,"171.52870000000001",,"172.4868","36.1743",,,,,,,"0.009000000000000001","148.9425",,,,
"terminal","no-profile","7","warm-fresh-process","120.197","0.281","0.367","1.115","0.758","0.357","100.78","9.852","3.857","0.88","0.002","0.02","0.324","3.863","19.092","0.23","0.061","0.007","0.001","2.197","23.658","2.811","0.675","0.063","27.892","0.017","77.899","18.649","59.926","0.009","603.7401","685.0877","93.96889999999985","3.4814",,"10.5224","149.0961","572.1154","310.869","82.287",,"350.147",,,"239.84799999999998",,"53.162000000000035","17.918999999999983",,,"55.56999999999999","108.73200000000003","58.740999999999985",,"881.117","39.371000000000095",,,"0.886","551.295","862.164","13.363",,"550.63","551.25","479.26","921.163","920.905",,,"424.172","1782.652","1743.281","155.83","73.543",,,"395.702","155.854","423.974","550.606",,,,"532.549","532.576","532.638","550.557",,"862.379","862.213","532.49","862.349",,"423.69",,,"532.605","532.526",,,,"12.349",,,"73.521","532.422","12.867","13.022"
"alacritty","no-profile","7","warm-fresh-process",,,,,,,,,,,,,,,,,,,,,,,,,,,,,,,,"432.5819","57.2645","2.686",,"8.4972","70.7133","324.6204",,,"6.248599999999982",,"81.21269999999998","56.64840000000004",,"63.52790000000016",,,"224.75389999999993","14.81989999999999",,,,,,,"133.04720000000003","235.3284",,,,,"324.26680000000005",,,,,,"609.5485000000001","547.0504999999999",,,,,,"264.6183","183.4056",,,,,"546.0206","162.33710000000002",,,,,,"321.2667",,,,,"168.5857",,"169.3635","29.2899",,,,,,,"0.0099","145.6464",,,,
"terminal","normal","7","warm-fresh-process","142.946","0.342","0.491","1.685","0.99","0.429","143.403","9.966","3.628","0.992","0.002","0.026","0.265","5.598","14.173","0.191","0.047","0.003","0.001","1.339","11.941","1.87","0.671","0.064","17.102","0.03","111.791","24.159","69.232","0.011","688.7867","736.4149","52.38489999999999","6.8155",,"14.5624","135.8132","642.4056","240.35800000000006","115.932",,"443.917",,,"310.76300000000003",,"54.835000000000036","14.17999999999995",,,"39.278999999999996","94.11400000000003","32.83600000000001",,"952.3000000000001","18.495999999999867",,,"0.846","636.752","877.11","14.065",,"636.108","636.713","566.848","910.189","909.946",,,"527.909","1847.906","1829.41","199.584","83.652",,,"510.372","199.609","527.809","636.085",,,,"621.782","621.803","621.846","636.026",,"877.233","877.134","621.731","877.218",,"527.569",,,"621.822","621.761",,,,"12.819",,,"83.565","621.683","13.474","13.687"
"alacritty","normal","7","warm-fresh-process",,,,,,,,,,,,,,,,,,,,,,,,,,,,,,,,"216.4991","31.070899999999938","2.3852",,"8.342","47.587","154.8962",,,"3.4085999999999927",,"16.989099999999993","25.753200000000035",,"26.471800000000087",,,"133.86519999999993","7.551400000000001",,,,,,,"74.04920000000001","101.9983",,,,,"146.694",,,,,,"303.76160000000004","277.9704",,,,,,"117.67139999999999","100.6823",,,,,"277.28979999999996","89.7223",,,,,,"143.42460000000003",,,,,"93.1309",,"93.5471","15.673099999999998",,,,,,,"0.0059","80.414",,,,
"terminal","no-profile-hook","7","warm-fresh-process","35.46","0.15","0.18","0.338","0.607","0.164","57.756","4.486","1.244","0.302","0.001","0.011","0.068","3.4","6.027","0.169","0.03","0.002","0","0.323","6.315","0.508","0.456","0.041","14.66","0.009","29.373","5.456","15.174","0.005","259.8094","289.5144","30.816299999999956","1.8785","879.3976","6.037","56.9291","213.757","156.61499999999998","30.770999999999997",,"144.29500000000002",,,"98.787",,"43.614000000000004","9.126999999999981",,,"18.296999999999997","61.911","33.27900000000005","460.11400000000003","475.98300000000006","16.570999999999913",,,"0.441","238.016","394.631","6.567",,"237.383","237.986","184.453","428.07","427.91",,,"166.423","887.185","870.614","52.632","21.861",,,"151.429","52.642","166.353","237.366",,,"854.745","228.159","228.172","228.204","237.331",,"394.893","394.692","228.111","394.857",,"166.156",,,"228.186","228.144","804.778","818.088","854.771","5.999",,,"21.851","228.067","6.217","6.272"
"alacritty","no-profile-hook","7","warm-fresh-process",,,,,,,,,,,,,,,,,,,,,,,,,,,,,,,,"178.226","31.387300000000096","1.5966","775.6091","4.9847","37.0621","131.7072",,,"2.4224999999999994",,"12.902600000000007","20.651600000000002",,"12.190699999999993",,,"170.27609999999999","5.901699999999991",,,,,,,"57.943000000000005","79.16980000000001",,,,,"118.21560000000001",,,,,,"299.4686","287.7386",,,,,,"96.3502","83.4476",,,,,"287.2779","75.1234",,,,,,"117.0018",,,,,"77.5459",,"77.88680000000001","17.1804",,,,,,,"0.0059","67.3619",,,,
"terminal","normal-hook","7","warm-fresh-process","31.133","0.13","0.162","0.16","0.444","0.194","39.439","3.65","1.286","0.359","0.001","0.012","0.066","1.438","5.616","0.112","0.024","0.001","0","0.509","5.475","0.469","0.426","0.031","4.516","0.01","26.794","5.755","15.25","0.006","202.415","233.2886","31.598799999999983","1.488","871.7162","4.0784","46.1136","171.9717","150.83399999999997","28.232",,"109.245",,,"76.437",,"27.532999999999987","8.294000000000011",,,"14.935000000000002","42.46799999999999","8.887","516.025","528.912","16.236999999999966",,,"0.382","181.585","332.419","5.685",,"181.202","181.562","145.223","341.432","341.306",,,"130.485","877.568","861.331","49.275","21.043",,,"125.723","49.286","130.422","181.19",,,"848.444","172.837","172.846","172.868","181.162",,"332.515","332.444","172.802","332.504",,"130.288",,,"172.856","172.826","799.794","808.257","848.469","4.867",,,"21.034","172.756","5.206","5.269"
"alacritty","normal-hook","7","warm-fresh-process",,,,,,,,,,,,,,,,,,,,,,,,,,,,,,,,"177.61","31.401700000000005","1.9139","836.6562","6.6456","36.3311","130.6201",,,"2.4610999999999876",,"13.497699999999995","27.223700000000008",,"11.595700000000022",,,"149.27429999999998","6.112500000000011",,,,,,,"57.64290000000001","79.7142",,,,,"125.3654",,,,,,"284.863","273.7519",,,,,,"96.7693","83.2716",,,,,"273.2673","74.69800000000001",,,,,,"123.99300000000001",,,,,"77.1591",,"77.5106","17.0551",,,,,,,"0.0051","67.5951",,,,
