cohort,launch,kind,stage,milliseconds
baseline,1,milestone,application-started,0.525
baseline,1,milestone,terminal-state-created,4.769
baseline,1,milestone,workspace-restore-begin,5.605
baseline,1,milestone,workspace-restore-end,5.697
baseline,1,milestone,config-loaded,5.763
baseline,1,milestone,window-created,24.523
baseline,1,milestone,fonts-started,24.597
baseline,1,milestone,fonts-ready,67.668
baseline,1,milestone,gpu-started,67.731
baseline,1,milestone,gpu-ready,177.809
baseline,1,milestone,renderer-ready,183.834
baseline,1,milestone,initial-grid-ready,184.012
baseline,1,milestone,first-redraw-requested,184.162
baseline,1,milestone,first-frame-presented,203.442
baseline,1,milestone,window-shown,222.625
baseline,1,milestone,pty-started,222.704
baseline,1,milestone,session-preparation-begin,222.736
baseline,1,milestone,pty-backend-created,222.754
baseline,1,milestone,shell-integration-preparation-begin,222.765
baseline,1,milestone,shell-integration-preparation-end,222.784
baseline,1,milestone,pty-config-ready,222.794
baseline,1,milestone,session-config-ready,222.805
baseline,1,milestone,pty-create-begin,222.821
baseline,1,milestone,pty-created,230.503
baseline,1,milestone,initial-size-sent,230.537
baseline,1,milestone,environment-build-begin,230.553
baseline,1,milestone,environment-build-end,230.986
baseline,1,milestone,child-spawn-requested,231.011
baseline,1,milestone,child-spawned,675.284
baseline,1,milestone,pty-spawned,675.326
baseline,1,milestone,pty-worker-ready,675.431
baseline,1,milestone,pty-spawn-complete,675.449
baseline,1,milestone,first-pty-bytes,697.103
baseline,1,milestone,first-output-processed,697.596
baseline,1,milestone,shell-integration-begin,1297.479
baseline,1,milestone,shell-integration-end,1323.861
baseline,1,milestone,prompt-ready,1376.563
baseline,1,milestone,shell-ready,1376.604
baseline,1,milestone,first-shell-text-processed,1393.760
baseline,1,milestone,first-shell-output-rendered,1408.820
baseline,2,milestone,application-started,0.307
baseline,2,milestone,terminal-state-created,4.115
baseline,2,milestone,workspace-restore-begin,4.588
baseline,2,milestone,workspace-restore-end,4.636
baseline,2,milestone,config-loaded,4.675
baseline,2,milestone,window-created,19.653
baseline,2,milestone,fonts-started,19.729
baseline,2,milestone,fonts-ready,48.569
baseline,2,milestone,gpu-started,48.630
baseline,2,milestone,gpu-ready,135.472
baseline,2,milestone,renderer-ready,140.621
baseline,2,milestone,initial-grid-ready,140.865
baseline,2,milestone,first-redraw-requested,140.977
baseline,2,milestone,first-frame-presented,171.147
baseline,2,milestone,window-shown,193.432
baseline,2,milestone,pty-started,193.482
baseline,2,milestone,session-preparation-begin,193.504
baseline,2,milestone,pty-backend-created,193.518
baseline,2,milestone,shell-integration-preparation-begin,193.527
baseline,2,milestone,shell-integration-preparation-end,193.545
baseline,2,milestone,pty-config-ready,193.555
baseline,2,milestone,session-config-ready,193.565
baseline,2,milestone,pty-create-begin,193.578
baseline,2,milestone,pty-created,201.204
baseline,2,milestone,initial-size-sent,201.230
baseline,2,milestone,environment-build-begin,201.242
baseline,2,milestone,environment-build-end,201.542
baseline,2,milestone,child-spawn-requested,201.555
baseline,2,milestone,child-spawned,591.055
baseline,2,milestone,pty-spawned,591.103
baseline,2,milestone,pty-worker-ready,591.260
baseline,2,milestone,pty-spawn-complete,591.283
baseline,2,milestone,first-pty-bytes,602.228
baseline,2,milestone,first-output-processed,602.379
baseline,2,milestone,shell-integration-begin,1011.693
baseline,2,milestone,shell-integration-end,1030.017
baseline,2,milestone,prompt-ready,1070.428
baseline,2,milestone,shell-ready,1070.470
baseline,2,milestone,first-shell-text-processed,1080.623
baseline,2,milestone,first-shell-output-rendered,1096.180
baseline,3,milestone,application-started,0.310
baseline,3,milestone,terminal-state-created,5.377
baseline,3,milestone,workspace-restore-begin,5.917
baseline,3,milestone,workspace-restore-end,5.969
baseline,3,milestone,config-loaded,6.009
baseline,3,milestone,window-created,24.888
baseline,3,milestone,fonts-started,24.964
baseline,3,milestone,fonts-ready,56.354
baseline,3,milestone,gpu-started,56.420
baseline,3,milestone,gpu-ready,138.892
baseline,3,milestone,renderer-ready,145.204
baseline,3,milestone,initial-grid-ready,145.404
baseline,3,milestone,first-redraw-requested,145.578
baseline,3,milestone,first-frame-presented,163.319
baseline,3,milestone,window-shown,186.799
baseline,3,milestone,pty-started,186.855
baseline,3,milestone,session-preparation-begin,186.878
baseline,3,milestone,pty-backend-created,186.891
baseline,3,milestone,shell-integration-preparation-begin,186.901
baseline,3,milestone,shell-integration-preparation-end,186.919
baseline,3,milestone,pty-config-ready,186.929
baseline,3,milestone,session-config-ready,186.939
baseline,3,milestone,pty-create-begin,186.952
baseline,3,milestone,pty-created,194.524
baseline,3,milestone,initial-size-sent,194.552
baseline,3,milestone,environment-build-begin,194.565
baseline,3,milestone,environment-build-end,194.875
baseline,3,milestone,child-spawn-requested,194.889
baseline,3,milestone,child-spawned,612.312
baseline,3,milestone,pty-spawned,612.343
baseline,3,milestone,pty-worker-ready,612.436
baseline,3,milestone,pty-spawn-complete,612.455
baseline,3,milestone,first-pty-bytes,630.802
baseline,3,milestone,first-output-processed,630.968
baseline,3,milestone,shell-integration-begin,1099.211
baseline,3,milestone,shell-integration-end,1117.624
baseline,3,milestone,prompt-ready,1158.375
baseline,3,milestone,shell-ready,1158.411
baseline,3,milestone,first-shell-text-processed,1176.050
baseline,3,milestone,first-shell-output-rendered,1189.733
baseline,4,milestone,application-started,0.575
baseline,4,milestone,terminal-state-created,7.450
baseline,4,milestone,workspace-restore-begin,8.181
baseline,4,milestone,workspace-restore-end,8.271
baseline,4,milestone,config-loaded,8.418
baseline,4,milestone,window-created,32.633
baseline,4,milestone,fonts-started,32.706
baseline,4,milestone,fonts-ready,62.586
baseline,4,milestone,gpu-started,62.645
baseline,4,milestone,gpu-ready,143.885
baseline,4,milestone,renderer-ready,149.515
baseline,4,milestone,initial-grid-ready,149.685
baseline,4,milestone,first-redraw-requested,149.758
baseline,4,milestone,first-frame-presented,179.829
baseline,4,milestone,window-shown,260.249
baseline,4,milestone,pty-started,260.300
baseline,4,milestone,session-preparation-begin,260.322
baseline,4,milestone,pty-backend-created,260.336
baseline,4,milestone,shell-integration-preparation-begin,260.346
baseline,4,milestone,shell-integration-preparation-end,260.363
baseline,4,milestone,pty-config-ready,260.373
baseline,4,milestone,session-config-ready,260.383
baseline,4,milestone,pty-create-begin,260.397
baseline,4,milestone,pty-created,268.563
baseline,4,milestone,initial-size-sent,268.591
baseline,4,milestone,environment-build-begin,268.604
baseline,4,milestone,environment-build-end,268.911
baseline,4,milestone,child-spawn-requested,268.924
baseline,4,milestone,child-spawned,670.869
baseline,4,milestone,pty-spawned,670.913
baseline,4,milestone,pty-worker-ready,671.030
baseline,4,milestone,pty-spawn-complete,671.069
baseline,4,milestone,first-pty-bytes,682.063
baseline,4,milestone,first-output-processed,682.208
baseline,4,milestone,shell-integration-begin,1106.095
baseline,4,milestone,shell-integration-end,1122.446
baseline,4,milestone,prompt-ready,1164.320
baseline,4,milestone,shell-ready,1164.418
baseline,4,milestone,first-shell-text-processed,1184.043
baseline,4,milestone,first-shell-output-rendered,1239.760
baseline,5,milestone,application-started,9.939
baseline,5,milestone,terminal-state-created,20.714
baseline,5,milestone,workspace-restore-begin,22.075
baseline,5,milestone,workspace-restore-end,22.206
baseline,5,milestone,config-loaded,22.309
baseline,5,milestone,window-created,59.261
baseline,5,milestone,fonts-started,59.444
baseline,5,milestone,fonts-ready,127.457
baseline,5,milestone,gpu-started,127.549
baseline,5,milestone,gpu-ready,324.665
baseline,5,milestone,renderer-ready,333.998
baseline,5,milestone,initial-grid-ready,334.382
baseline,5,milestone,first-redraw-requested,334.688
baseline,5,milestone,first-frame-presented,379.135
baseline,5,milestone,window-shown,423.625
baseline,5,milestone,pty-started,423.677
baseline,5,milestone,session-preparation-begin,423.699
baseline,5,milestone,pty-backend-created,423.713
baseline,5,milestone,shell-integration-preparation-begin,423.724
baseline,5,milestone,shell-integration-preparation-end,423.740
baseline,5,milestone,pty-config-ready,423.750
baseline,5,milestone,session-config-ready,423.760
baseline,5,milestone,pty-create-begin,423.773
baseline,5,milestone,pty-created,430.895
baseline,5,milestone,initial-size-sent,430.921
baseline,5,milestone,environment-build-begin,430.932
baseline,5,milestone,environment-build-end,431.220
baseline,5,milestone,child-spawn-requested,431.232
baseline,5,milestone,child-spawned,935.717
baseline,5,milestone,pty-spawned,935.759
baseline,5,milestone,pty-worker-ready,935.865
baseline,5,milestone,pty-spawn-complete,935.887
baseline,5,milestone,first-pty-bytes,950.862
baseline,5,milestone,first-output-processed,951.082
baseline,5,milestone,shell-integration-begin,1540.490
baseline,5,milestone,shell-integration-end,1564.109
baseline,5,milestone,prompt-ready,1624.764
baseline,5,milestone,shell-ready,1624.812
baseline,5,milestone,first-shell-text-processed,1640.015
baseline,5,milestone,first-shell-output-rendered,1666.480
baseline,6,milestone,application-started,0.376
baseline,6,milestone,terminal-state-created,7.827
baseline,6,milestone,workspace-restore-begin,8.403
baseline,6,milestone,workspace-restore-end,8.463
baseline,6,milestone,config-loaded,8.503
baseline,6,milestone,window-created,29.632
baseline,6,milestone,fonts-started,29.710
baseline,6,milestone,fonts-ready,61.754
baseline,6,milestone,gpu-started,61.809
baseline,6,milestone,gpu-ready,153.448
baseline,6,milestone,renderer-ready,158.856
baseline,6,milestone,initial-grid-ready,159.067
baseline,6,milestone,first-redraw-requested,159.282
baseline,6,milestone,first-frame-presented,175.188
baseline,6,milestone,window-shown,214.410
baseline,6,milestone,pty-started,214.465
baseline,6,milestone,session-preparation-begin,214.487
baseline,6,milestone,pty-backend-created,214.501
baseline,6,milestone,shell-integration-preparation-begin,214.511
baseline,6,milestone,shell-integration-preparation-end,214.528
baseline,6,milestone,pty-config-ready,214.538
baseline,6,milestone,session-config-ready,214.548
baseline,6,milestone,pty-create-begin,214.561
baseline,6,milestone,pty-created,221.623
baseline,6,milestone,initial-size-sent,221.647
baseline,6,milestone,environment-build-begin,221.659
baseline,6,milestone,environment-build-end,221.952
baseline,6,milestone,child-spawn-requested,221.964
baseline,6,milestone,child-spawned,612.387
baseline,6,milestone,pty-spawned,612.423
baseline,6,milestone,pty-worker-ready,612.520
baseline,6,milestone,pty-spawn-complete,612.542
baseline,6,milestone,first-pty-bytes,625.647
baseline,6,milestone,first-output-processed,625.853
baseline,6,milestone,shell-integration-begin,1155.026
baseline,6,milestone,shell-integration-end,1181.674
baseline,6,milestone,prompt-ready,1246.847
baseline,6,milestone,shell-ready,1246.980
baseline,6,milestone,first-shell-text-processed,1256.738
baseline,6,milestone,first-shell-output-rendered,1306.186
baseline,7,milestone,application-started,0.781
baseline,7,milestone,terminal-state-created,9.956
baseline,7,milestone,workspace-restore-begin,11.304
baseline,7,milestone,workspace-restore-end,11.442
baseline,7,milestone,config-loaded,11.554
baseline,7,milestone,window-created,51.231
baseline,7,milestone,fonts-started,51.408
baseline,7,milestone,fonts-ready,104.359
baseline,7,milestone,gpu-started,104.438
baseline,7,milestone,gpu-ready,233.080
baseline,7,milestone,renderer-ready,240.587
baseline,7,milestone,initial-grid-ready,240.819
baseline,7,milestone,first-redraw-requested,240.914
baseline,7,milestone,first-frame-presented,274.050
baseline,7,milestone,window-shown,323.284
baseline,7,milestone,pty-started,323.340
baseline,7,milestone,session-preparation-begin,323.362
baseline,7,milestone,pty-backend-created,323.376
baseline,7,milestone,shell-integration-preparation-begin,323.386
baseline,7,milestone,shell-integration-preparation-end,323.404
baseline,7,milestone,pty-config-ready,323.414
baseline,7,milestone,session-config-ready,323.425
baseline,7,milestone,pty-create-begin,323.438
baseline,7,milestone,pty-created,330.482
baseline,7,milestone,initial-size-sent,330.507
baseline,7,milestone,environment-build-begin,330.520
baseline,7,milestone,environment-build-end,330.811
baseline,7,milestone,child-spawn-requested,330.825
baseline,7,milestone,child-spawned,758.542
baseline,7,milestone,pty-spawned,758.576
baseline,7,milestone,pty-worker-ready,758.672
baseline,7,milestone,pty-spawn-complete,758.691
baseline,7,milestone,first-pty-bytes,771.782
baseline,7,milestone,first-output-processed,771.954
baseline,7,milestone,shell-integration-begin,1202.347
baseline,7,milestone,shell-integration-end,1227.040
baseline,7,milestone,prompt-ready,1278.086
baseline,7,milestone,shell-ready,1278.132
baseline,7,milestone,first-shell-text-processed,1296.702
baseline,7,milestone,first-shell-output-rendered,1318.603
instrumented,1,milestone,application-started,0.453
instrumented,1,milestone,terminal-state-created,5.412
instrumented,1,milestone,workspace-restore-begin,6.021
instrumented,1,milestone,workspace-restore-end,6.104
instrumented,1,milestone,config-loaded,6.148
instrumented,1,milestone,window-created,20.816
instrumented,1,milestone,fonts-started,21.295
instrumented,1,milestone,fonts-ready,59.512
instrumented,1,milestone,gpu-started,59.524
instrumented,1,milestone,gpu-ready,175.789
instrumented,1,milestone,renderer-ready,181.516
instrumented,1,milestone,initial-grid-ready,181.673
instrumented,1,milestone,first-redraw-requested,181.724
instrumented,1,milestone,first-frame-presented,199.299
instrumented,1,milestone,window-shown,227.791
instrumented,1,milestone,pty-started,227.872
instrumented,1,milestone,session-preparation-begin,227.920
instrumented,1,milestone,pty-backend-created,227.944
instrumented,1,milestone,shell-discovery-begin,227.959
instrumented,1,milestone,shell-discovery-end,228.222
instrumented,1,milestone,shell-integration-preparation-begin,228.245
instrumented,1,milestone,shell-integration-preparation-end,228.260
instrumented,1,milestone,pty-config-ready,228.274
instrumented,1,milestone,session-config-ready,228.291
instrumented,1,milestone,pty-create-begin,228.322
instrumented,1,milestone,pty-created,237.035
instrumented,1,milestone,initial-size-sent,237.083
instrumented,1,milestone,environment-build-begin,237.099
instrumented,1,milestone,environment-build-end,237.544
instrumented,1,milestone,child-spawn-requested,237.566
instrumented,1,milestone,child-spawned,642.046
instrumented,1,milestone,pty-spawned,642.077
instrumented,1,milestone,pty-worker-ready,642.160
instrumented,1,milestone,pty-spawn-complete,642.177
instrumented,1,milestone,first-pty-bytes,659.209
instrumented,1,milestone,first-output-processed,659.649
instrumented,1,milestone,shell-integration-begin,1405.905
instrumented,1,milestone,shell-integration-end,1418.889
instrumented,1,milestone,prompt-ready,1457.242
instrumented,1,milestone,shell-ready,1457.335
instrumented,1,milestone,first-shell-text-processed,1472.298
instrumented,1,milestone,first-shell-output-rendered,1488.365
instrumented,1,cost,cli-parse,0.006
instrumented,1,cost,event-loop-create,4.361
instrumented,1,cost,application-default-state,0.212
instrumented,1,cost,application-state-and-paths,0.280
instrumented,1,cost,config-read-parse,0.526
instrumented,1,cost,workspace-model-and-runtimes,0.013
instrumented,1,cost,window-create-and-branding,14.477
instrumented,1,cost,system-font-discovery,36.461
instrumented,1,cost,font-family-resolution,0.012
instrumented,1,cost,fallback-candidate-ordering,1.535
instrumented,1,cost,font-cache-setup,0.011
instrumented,1,cost,font-metrics,0.097
instrumented,1,cost,wgpu-instance,8.531
instrumented,1,cost,surface-create,0.053
instrumented,1,cost,adapter-request,60.960
instrumented,1,cost,device-request,46.581
instrumented,1,cost,surface-configure,5.657
instrumented,1,cost,initial-grid-resize,0.130
instrumented,1,cost,initial-ui-and-pane-layout,0.004
instrumented,1,cost,initial-projection,0.029
instrumented,1,cost,surface-acquire,0.066
instrumented,1,cost,shader-and-layout,0.429
instrumented,1,cost,rectangle-pipeline,6.063
instrumented,1,cost,glyph-pipeline,6.646
instrumented,1,cost,glyph-atlas,1.886
instrumented,1,cost,instance-generation,0.002
instrumented,1,cost,buffer-create-upload,0.350
instrumented,1,cost,render-encoding,0.787
instrumented,1,cost,queue-submit,0.493
instrumented,1,cost,first-present,0.547
instrumented,2,milestone,application-started,0.324
instrumented,2,milestone,terminal-state-created,4.379
instrumented,2,milestone,workspace-restore-begin,4.836
instrumented,2,milestone,workspace-restore-end,4.907
instrumented,2,milestone,config-loaded,4.946
instrumented,2,milestone,window-created,27.563
instrumented,2,milestone,fonts-started,37.250
instrumented,2,milestone,fonts-ready,66.889
instrumented,2,milestone,gpu-started,66.900
instrumented,2,milestone,gpu-ready,154.990
instrumented,2,milestone,renderer-ready,161.029
instrumented,2,milestone,initial-grid-ready,161.243
instrumented,2,milestone,first-redraw-requested,161.313
instrumented,2,milestone,first-frame-presented,184.405
instrumented,2,milestone,window-shown,235.918
instrumented,2,milestone,pty-started,235.989
instrumented,2,milestone,session-preparation-begin,236.020
instrumented,2,milestone,pty-backend-created,236.034
instrumented,2,milestone,shell-discovery-begin,236.044
instrumented,2,milestone,shell-discovery-end,236.283
instrumented,2,milestone,shell-integration-preparation-begin,236.296
instrumented,2,milestone,shell-integration-preparation-end,236.309
instrumented,2,milestone,pty-config-ready,236.319
instrumented,2,milestone,session-config-ready,236.330
instrumented,2,milestone,pty-create-begin,236.346
instrumented,2,milestone,pty-created,244.016
instrumented,2,milestone,initial-size-sent,244.055
instrumented,2,milestone,environment-build-begin,244.076
instrumented,2,milestone,environment-build-end,244.408
instrumented,2,milestone,child-spawn-requested,244.421
instrumented,2,milestone,child-spawned,673.390
instrumented,2,milestone,pty-spawned,673.418
instrumented,2,milestone,pty-worker-ready,673.502
instrumented,2,milestone,pty-spawn-complete,673.518
instrumented,2,milestone,first-pty-bytes,688.769
instrumented,2,milestone,first-output-processed,689.041
instrumented,2,milestone,shell-integration-begin,1344.013
instrumented,2,milestone,shell-integration-end,1367.612
instrumented,2,milestone,prompt-ready,1407.739
instrumented,2,milestone,shell-ready,1407.799
instrumented,2,milestone,first-shell-text-processed,1414.960
instrumented,2,milestone,first-shell-output-rendered,1441.815
instrumented,2,cost,cli-parse,0.004
instrumented,2,cost,event-loop-create,3.615
instrumented,2,cost,application-default-state,0.158
instrumented,2,cost,application-state-and-paths,0.208
instrumented,2,cost,config-read-parse,0.384
instrumented,2,cost,workspace-model-and-runtimes,0.009
instrumented,2,cost,window-create-and-branding,22.437
instrumented,2,cost,system-font-discovery,28.007
instrumented,2,cost,font-family-resolution,0.010
instrumented,2,cost,fallback-candidate-ordering,1.426
instrumented,2,cost,font-cache-setup,0.004
instrumented,2,cost,font-metrics,0.105
instrumented,2,cost,wgpu-instance,6.708
instrumented,2,cost,surface-create,0.030
instrumented,2,cost,adapter-request,32.985
instrumented,2,cost,device-request,48.242
instrumented,2,cost,surface-configure,5.958
instrumented,2,cost,initial-grid-resize,0.182
instrumented,2,cost,initial-ui-and-pane-layout,0.005
instrumented,2,cost,initial-projection,0.034
instrumented,2,cost,surface-acquire,0.061
instrumented,2,cost,shader-and-layout,0.504
instrumented,2,cost,rectangle-pipeline,8.194
instrumented,2,cost,glyph-pipeline,8.464
instrumented,2,cost,glyph-atlas,2.795
instrumented,2,cost,instance-generation,0.002
instrumented,2,cost,buffer-create-upload,0.359
instrumented,2,cost,render-encoding,0.948
instrumented,2,cost,queue-submit,0.559
instrumented,2,cost,first-present,0.583
instrumented,3,milestone,application-started,0.311
instrumented,3,milestone,terminal-state-created,5.126
instrumented,3,milestone,workspace-restore-begin,5.618
instrumented,3,milestone,workspace-restore-end,5.703
instrumented,3,milestone,config-loaded,5.741
instrumented,3,milestone,window-created,24.591
instrumented,3,milestone,fonts-started,34.701
instrumented,3,milestone,fonts-ready,68.975
instrumented,3,milestone,gpu-started,68.987
instrumented,3,milestone,gpu-ready,159.712
instrumented,3,milestone,renderer-ready,165.493
instrumented,3,milestone,initial-grid-ready,165.646
instrumented,3,milestone,first-redraw-requested,165.705
instrumented,3,milestone,first-frame-presented,183.812
instrumented,3,milestone,window-shown,230.161
instrumented,3,milestone,pty-started,230.218
instrumented,3,milestone,session-preparation-begin,230.249
instrumented,3,milestone,pty-backend-created,230.265
instrumented,3,milestone,shell-discovery-begin,230.276
instrumented,3,milestone,shell-discovery-end,230.485
instrumented,3,milestone,shell-integration-preparation-begin,230.534
instrumented,3,milestone,shell-integration-preparation-end,230.549
instrumented,3,milestone,pty-config-ready,230.559
instrumented,3,milestone,session-config-ready,230.571
instrumented,3,milestone,pty-create-begin,230.588
instrumented,3,milestone,pty-created,240.322
instrumented,3,milestone,initial-size-sent,240.347
instrumented,3,milestone,environment-build-begin,240.359
instrumented,3,milestone,environment-build-end,240.657
instrumented,3,milestone,child-spawn-requested,240.670
instrumented,3,milestone,child-spawned,812.560
instrumented,3,milestone,pty-spawned,812.621
instrumented,3,milestone,pty-worker-ready,812.788
instrumented,3,milestone,pty-spawn-complete,812.822
instrumented,3,milestone,first-pty-bytes,838.994
instrumented,3,milestone,first-output-processed,840.424
instrumented,3,milestone,shell-integration-begin,1574.128
instrumented,3,milestone,shell-integration-end,1583.306
instrumented,3,milestone,prompt-ready,1605.481
instrumented,3,milestone,shell-ready,1605.524
instrumented,3,milestone,first-shell-text-processed,1621.727
instrumented,3,milestone,first-shell-output-rendered,1631.563
instrumented,3,cost,cli-parse,0.005
instrumented,3,cost,event-loop-create,4.171
instrumented,3,cost,application-default-state,0.347
instrumented,3,cost,application-state-and-paths,0.406
instrumented,3,cost,config-read-parse,0.417
instrumented,3,cost,workspace-model-and-runtimes,0.022
instrumented,3,cost,window-create-and-branding,18.678
instrumented,3,cost,system-font-discovery,32.751
instrumented,3,cost,font-family-resolution,0.013
instrumented,3,cost,fallback-candidate-ordering,1.331
instrumented,3,cost,font-cache-setup,0.004
instrumented,3,cost,font-metrics,0.082
instrumented,3,cost,wgpu-instance,6.891
instrumented,3,cost,surface-create,0.033
instrumented,3,cost,adapter-request,36.475
instrumented,3,cost,device-request,47.200
instrumented,3,cost,surface-configure,5.713
instrumented,3,cost,initial-grid-resize,0.127
instrumented,3,cost,initial-ui-and-pane-layout,0.004
instrumented,3,cost,initial-projection,0.034
instrumented,3,cost,surface-acquire,0.056
instrumented,3,cost,shader-and-layout,0.388
instrumented,3,cost,rectangle-pipeline,5.905
instrumented,3,cost,glyph-pipeline,6.221
instrumented,3,cost,glyph-atlas,1.668
instrumented,3,cost,instance-generation,0.001
instrumented,3,cost,buffer-create-upload,0.279
instrumented,3,cost,render-encoding,1.160
instrumented,3,cost,queue-submit,1.691
instrumented,3,cost,first-present,0.389
instrumented,4,milestone,application-started,0.359
instrumented,4,milestone,terminal-state-created,6.857
instrumented,4,milestone,workspace-restore-begin,7.499
instrumented,4,milestone,workspace-restore-end,7.720
instrumented,4,milestone,config-loaded,7.770
instrumented,4,milestone,window-created,27.141
instrumented,4,milestone,fonts-started,27.350
instrumented,4,milestone,fonts-ready,56.815
instrumented,4,milestone,gpu-started,56.826
instrumented,4,milestone,gpu-ready,144.730
instrumented,4,milestone,renderer-ready,150.107
instrumented,4,milestone,initial-grid-ready,150.260
instrumented,4,milestone,first-redraw-requested,150.308
instrumented,4,milestone,first-frame-presented,167.504
instrumented,4,milestone,window-shown,198.518
instrumented,4,milestone,pty-started,198.579
instrumented,4,milestone,session-preparation-begin,198.609
instrumented,4,milestone,pty-backend-created,198.622
instrumented,4,milestone,shell-discovery-begin,198.632
instrumented,4,milestone,shell-discovery-end,198.839
instrumented,4,milestone,shell-integration-preparation-begin,198.851
instrumented,4,milestone,shell-integration-preparation-end,198.862
instrumented,4,milestone,pty-config-ready,198.873
instrumented,4,milestone,session-config-ready,198.883
instrumented,4,milestone,pty-create-begin,198.897
instrumented,4,milestone,pty-created,207.290
instrumented,4,milestone,initial-size-sent,207.316
instrumented,4,milestone,environment-build-begin,207.327
instrumented,4,milestone,environment-build-end,207.650
instrumented,4,milestone,child-spawn-requested,207.663
instrumented,4,milestone,child-spawned,623.691
instrumented,4,milestone,pty-spawned,623.729
instrumented,4,milestone,pty-worker-ready,623.826
instrumented,4,milestone,pty-spawn-complete,623.844
instrumented,4,milestone,first-pty-bytes,645.567
instrumented,4,milestone,first-output-processed,645.832
instrumented,4,milestone,shell-integration-begin,1217.973
instrumented,4,milestone,shell-integration-end,1227.231
instrumented,4,milestone,prompt-ready,1249.476
instrumented,4,milestone,shell-ready,1249.507
instrumented,4,milestone,first-shell-text-processed,1255.907
instrumented,4,milestone,first-shell-output-rendered,1267.674
instrumented,4,cost,cli-parse,0.006
instrumented,4,cost,event-loop-create,6.026
instrumented,4,cost,application-default-state,0.181
instrumented,4,cost,application-state-and-paths,0.233
instrumented,4,cost,config-read-parse,0.467
instrumented,4,cost,workspace-model-and-runtimes,0.010
instrumented,4,cost,window-create-and-branding,19.187
instrumented,4,cost,system-font-discovery,27.911
instrumented,4,cost,font-family-resolution,0.013
instrumented,4,cost,fallback-candidate-ordering,1.360
instrumented,4,cost,font-cache-setup,0.004
instrumented,4,cost,font-metrics,0.092
instrumented,4,cost,wgpu-instance,7.238
instrumented,4,cost,surface-create,0.049
instrumented,4,cost,adapter-request,38.790
instrumented,4,cost,device-request,41.717
instrumented,4,cost,surface-configure,5.293
instrumented,4,cost,initial-grid-resize,0.128
instrumented,4,cost,initial-ui-and-pane-layout,0.003
instrumented,4,cost,initial-projection,0.032
instrumented,4,cost,surface-acquire,0.079
instrumented,4,cost,shader-and-layout,0.355
instrumented,4,cost,rectangle-pipeline,5.640
instrumented,4,cost,glyph-pipeline,7.260
instrumented,4,cost,glyph-atlas,1.943
instrumented,4,cost,instance-generation,0.001
instrumented,4,cost,buffer-create-upload,0.260
instrumented,4,cost,render-encoding,0.674
instrumented,4,cost,queue-submit,0.369
instrumented,4,cost,first-present,0.316
instrumented,5,milestone,application-started,1.047
instrumented,5,milestone,terminal-state-created,6.670
instrumented,5,milestone,workspace-restore-begin,7.285
instrumented,5,milestone,workspace-restore-end,7.433
instrumented,5,milestone,config-loaded,7.490
instrumented,5,milestone,window-created,24.349
instrumented,5,milestone,fonts-started,25.005
instrumented,5,milestone,fonts-ready,56.471
instrumented,5,milestone,gpu-started,56.482
instrumented,5,milestone,gpu-ready,149.131
instrumented,5,milestone,renderer-ready,156.580
instrumented,5,milestone,initial-grid-ready,156.780
instrumented,5,milestone,first-redraw-requested,156.842
instrumented,5,milestone,first-frame-presented,187.015
instrumented,5,milestone,window-shown,226.226
instrumented,5,milestone,pty-started,226.271
instrumented,5,milestone,session-preparation-begin,226.299
instrumented,5,milestone,pty-backend-created,226.312
instrumented,5,milestone,shell-discovery-begin,226.323
instrumented,5,milestone,shell-discovery-end,226.488
instrumented,5,milestone,shell-integration-preparation-begin,226.500
instrumented,5,milestone,shell-integration-preparation-end,226.512
instrumented,5,milestone,pty-config-ready,226.522
instrumented,5,milestone,session-config-ready,226.536
instrumented,5,milestone,pty-create-begin,226.550
instrumented,5,milestone,pty-created,234.856
instrumented,5,milestone,initial-size-sent,234.926
instrumented,5,milestone,environment-build-begin,234.971
instrumented,5,milestone,environment-build-end,235.935
instrumented,5,milestone,child-spawn-requested,235.996
instrumented,5,milestone,child-spawned,686.549
instrumented,5,milestone,pty-spawned,686.595
instrumented,5,milestone,pty-worker-ready,686.724
instrumented,5,milestone,pty-spawn-complete,686.752
instrumented,5,milestone,first-pty-bytes,708.712
instrumented,5,milestone,first-output-processed,708.945
instrumented,5,milestone,shell-integration-begin,1306.694
instrumented,5,milestone,shell-integration-end,1324.643
instrumented,5,milestone,prompt-ready,1366.380
instrumented,5,milestone,shell-ready,1366.445
instrumented,5,milestone,first-shell-text-processed,1374.834
instrumented,5,milestone,first-shell-output-rendered,1395.799
instrumented,5,cost,cli-parse,0.009
instrumented,5,cost,event-loop-create,5.073
instrumented,5,cost,application-default-state,0.168
instrumented,5,cost,application-state-and-paths,0.220
instrumented,5,cost,config-read-parse,0.479
instrumented,5,cost,workspace-model-and-runtimes,0.018
instrumented,5,cost,window-create-and-branding,16.621
instrumented,5,cost,system-font-discovery,29.790
instrumented,5,cost,font-family-resolution,0.014
instrumented,5,cost,fallback-candidate-ordering,1.437
instrumented,5,cost,font-cache-setup,0.004
instrumented,5,cost,font-metrics,0.128
instrumented,5,cost,wgpu-instance,8.354
instrumented,5,cost,surface-create,0.032
instrumented,5,cost,adapter-request,35.888
instrumented,5,cost,device-request,48.249
instrumented,5,cost,surface-configure,7.373
instrumented,5,cost,initial-grid-resize,0.168
instrumented,5,cost,initial-ui-and-pane-layout,0.004
instrumented,5,cost,initial-projection,0.035
instrumented,5,cost,surface-acquire,0.070
instrumented,5,cost,shader-and-layout,0.527
instrumented,5,cost,rectangle-pipeline,7.438
instrumented,5,cost,glyph-pipeline,9.041
instrumented,5,cost,glyph-atlas,2.195
instrumented,5,cost,instance-generation,0.002
instrumented,5,cost,buffer-create-upload,0.288
instrumented,5,cost,render-encoding,0.737
instrumented,5,cost,queue-submit,0.529
instrumented,5,cost,first-present,0.664
instrumented,6,milestone,application-started,0.464
instrumented,6,milestone,terminal-state-created,5.780
instrumented,6,milestone,workspace-restore-begin,6.269
instrumented,6,milestone,workspace-restore-end,6.342
instrumented,6,milestone,config-loaded,6.381
instrumented,6,milestone,window-created,20.698
instrumented,6,milestone,fonts-started,22.067
instrumented,6,milestone,fonts-ready,59.244
instrumented,6,milestone,gpu-started,59.255
instrumented,6,milestone,gpu-ready,146.786
instrumented,6,milestone,renderer-ready,152.549
instrumented,6,milestone,initial-grid-ready,152.739
instrumented,6,milestone,first-redraw-requested,152.786
instrumented,6,milestone,first-frame-presented,170.214
instrumented,6,milestone,window-shown,211.103
instrumented,6,milestone,pty-started,211.155
instrumented,6,milestone,session-preparation-begin,211.182
instrumented,6,milestone,pty-backend-created,211.195
instrumented,6,milestone,shell-discovery-begin,211.205
instrumented,6,milestone,shell-discovery-end,211.405
instrumented,6,milestone,shell-integration-preparation-begin,211.418
instrumented,6,milestone,shell-integration-preparation-end,211.430
instrumented,6,milestone,pty-config-ready,211.440
instrumented,6,milestone,session-config-ready,211.451
instrumented,6,milestone,pty-create-begin,211.468
instrumented,6,milestone,pty-created,219.828
instrumented,6,milestone,initial-size-sent,219.875
instrumented,6,milestone,environment-build-begin,219.894
instrumented,6,milestone,environment-build-end,220.341
instrumented,6,milestone,child-spawn-requested,220.360
instrumented,6,milestone,child-spawned,683.658
instrumented,6,milestone,pty-spawned,683.718
instrumented,6,milestone,pty-worker-ready,683.878
instrumented,6,milestone,pty-spawn-complete,683.915
instrumented,6,milestone,first-pty-bytes,712.462
instrumented,6,milestone,first-output-processed,712.906
instrumented,6,milestone,shell-integration-begin,1579.856
instrumented,6,milestone,shell-integration-end,1588.526
instrumented,6,milestone,prompt-ready,1612.867
instrumented,6,milestone,shell-ready,1612.910
instrumented,6,milestone,first-shell-text-processed,1621.032
instrumented,6,milestone,first-shell-output-rendered,1632.063
instrumented,6,cost,cli-parse,0.005
instrumented,6,cost,event-loop-create,4.845
instrumented,6,cost,application-default-state,0.161
instrumented,6,cost,application-state-and-paths,0.211
instrumented,6,cost,config-read-parse,0.414
instrumented,6,cost,workspace-model-and-runtimes,0.009
instrumented,6,cost,window-create-and-branding,14.147
instrumented,6,cost,system-font-discovery,35.135
instrumented,6,cost,font-family-resolution,0.013
instrumented,6,cost,fallback-candidate-ordering,1.792
instrumented,6,cost,font-cache-setup,0.005
instrumented,6,cost,font-metrics,0.124
instrumented,6,cost,wgpu-instance,7.255
instrumented,6,cost,surface-create,0.032
instrumented,6,cost,adapter-request,36.506
instrumented,6,cost,device-request,43.621
instrumented,6,cost,surface-configure,5.693
instrumented,6,cost,initial-grid-resize,0.164
instrumented,6,cost,initial-ui-and-pane-layout,0.002
instrumented,6,cost,initial-projection,0.032
instrumented,6,cost,surface-acquire,0.053
instrumented,6,cost,shader-and-layout,0.393
instrumented,6,cost,rectangle-pipeline,6.107
instrumented,6,cost,glyph-pipeline,7.034
instrumented,6,cost,glyph-atlas,1.847
instrumented,6,cost,instance-generation,0.001
instrumented,6,cost,buffer-create-upload,0.270
instrumented,6,cost,render-encoding,0.628
instrumented,6,cost,queue-submit,0.442
instrumented,6,cost,first-present,0.359
instrumented,7,milestone,application-started,0.477
instrumented,7,milestone,terminal-state-created,10.051
instrumented,7,milestone,workspace-restore-begin,10.765
instrumented,7,milestone,workspace-restore-end,10.869
instrumented,7,milestone,config-loaded,10.923
instrumented,7,milestone,window-created,40.735
instrumented,7,milestone,fonts-started,40.777
instrumented,7,milestone,fonts-ready,73.204
instrumented,7,milestone,gpu-started,73.215
instrumented,7,milestone,gpu-ready,155.645
instrumented,7,milestone,renderer-ready,160.393
instrumented,7,milestone,initial-grid-ready,160.547
instrumented,7,milestone,first-redraw-requested,160.772
instrumented,7,milestone,first-frame-presented,178.354
instrumented,7,milestone,window-shown,218.223
instrumented,7,milestone,pty-started,218.282
instrumented,7,milestone,session-preparation-begin,218.310
instrumented,7,milestone,pty-backend-created,218.324
instrumented,7,milestone,shell-discovery-begin,218.334
instrumented,7,milestone,shell-discovery-end,218.537
instrumented,7,milestone,shell-integration-preparation-begin,218.550
instrumented,7,milestone,shell-integration-preparation-end,218.562
instrumented,7,milestone,pty-config-ready,218.572
instrumented,7,milestone,session-config-ready,218.583
instrumented,7,milestone,pty-create-begin,218.597
instrumented,7,milestone,pty-created,226.489
instrumented,7,milestone,initial-size-sent,226.514
instrumented,7,milestone,environment-build-begin,226.526
instrumented,7,milestone,environment-build-end,226.816
instrumented,7,milestone,child-spawn-requested,226.843
instrumented,7,milestone,child-spawned,644.041
instrumented,7,milestone,pty-spawned,644.071
instrumented,7,milestone,pty-worker-ready,644.149
instrumented,7,milestone,pty-spawn-complete,644.164
instrumented,7,milestone,first-pty-bytes,662.104
instrumented,7,milestone,first-output-processed,662.271
instrumented,7,milestone,shell-integration-begin,1339.688
instrumented,7,milestone,shell-integration-end,1352.334
instrumented,7,milestone,prompt-ready,1394.021
instrumented,7,milestone,shell-ready,1394.063
instrumented,7,milestone,first-shell-text-processed,1414.193
instrumented,7,milestone,first-shell-output-rendered,1427.276
instrumented,7,cost,cli-parse,0.009
instrumented,7,cost,event-loop-create,8.877
instrumented,7,cost,application-default-state,0.250
instrumented,7,cost,application-state-and-paths,0.328
instrumented,7,cost,config-read-parse,0.604
instrumented,7,cost,workspace-model-and-runtimes,0.013
instrumented,7,cost,window-create-and-branding,20.035
instrumented,7,cost,system-font-discovery,30.896
instrumented,7,cost,font-family-resolution,0.011
instrumented,7,cost,fallback-candidate-ordering,1.342
instrumented,7,cost,font-cache-setup,0.004
instrumented,7,cost,font-metrics,0.072
instrumented,7,cost,wgpu-instance,6.184
instrumented,7,cost,surface-create,0.030
instrumented,7,cost,adapter-request,35.107
instrumented,7,cost,device-request,40.997
instrumented,7,cost,surface-configure,4.692
instrumented,7,cost,initial-grid-resize,0.130
instrumented,7,cost,initial-ui-and-pane-layout,0.004
instrumented,7,cost,initial-projection,0.058
instrumented,7,cost,surface-acquire,0.098
instrumented,7,cost,shader-and-layout,0.371
instrumented,7,cost,rectangle-pipeline,5.740
instrumented,7,cost,glyph-pipeline,6.572
instrumented,7,cost,glyph-atlas,2.366
instrumented,7,cost,instance-generation,0.001
instrumented,7,cost,buffer-create-upload,0.511
instrumented,7,cost,render-encoding,0.603
instrumented,7,cost,queue-submit,0.507
instrumented,7,cost,first-present,0.396
