"App","Scenario","Run","Warmup","ExitCode","Forced","SurvivingChildren"
"terminal","cmd","-2","True","0","False","0"
"alacritty","cmd","-2","True","0","False","0"
"terminal","no-profile-hook","-2","True","0","False","0"
"alacritty","no-profile-hook","-2","True","0","False","0"
"terminal","normal-hook","-2","True","0","False","0"
"alacritty","normal-hook","-2","True","0","False","0"
"alacritty","no-profile-hook","-1","True","0","False","0"
"terminal","no-profile-hook","-1","True","0","False","0"
"alacritty","normal-hook","-1","True","0","False","0"
"terminal","normal-hook","-1","True","0","False","0"
"alacritty","cmd","-1","True","0","False","0"
"terminal","cmd","-1","True","0","False","0"
"terminal","normal-hook","1","False","0","False","0"
"alacritty","normal-hook","1","False","0","False","0"
"terminal","cmd","1","False","0","False","0"
"alacritty","cmd","1","False","0","False","0"
"terminal","no-profile-hook","1","False","0","False","0"
"alacritty","no-profile-hook","1","False","0","False","0"
"alacritty","cmd","2","False","0","False","0"
"terminal","cmd","2","False","0","False","0"
"alacritty","no-profile-hook","2","False","0","False","0"
"terminal","no-profile-hook","2","False","0","False","0"
"alacritty","normal-hook","2","False","0","False","0"
"terminal","normal-hook","2","False","0","False","0"
"terminal","no-profile-hook","3","False","0","False","0"
"alacritty","no-profile-hook","3","False","0","False","0"
"terminal","normal-hook","3","False","0","False","0"
"alacritty","normal-hook","3","False","0","False","0"
"terminal","cmd","3","False","0","False","0"
"alacritty","cmd","3","False","0","False","0"
"alacritty","normal-hook","4","False","0","False","0"
"terminal","normal-hook","4","False","0","False","0"
"alacritty","cmd","4","False","0","False","0"
"terminal","cmd","4","False","0","False","0"
"alacritty","no-profile-hook","4","False","0","False","0"
"terminal","no-profile-hook","4","False","0","False","0"
"terminal","cmd","5","False","0","False","0"
"alacritty","cmd","5","False","0","False","0"
"terminal","no-profile-hook","5","False","0","False","0"
"alacritty","no-profile-hook","5","False","0","False","0"
"terminal","normal-hook","5","False","0","False","0"
"alacritty","normal-hook","5","False","0","False","0"
"alacritty","no-profile-hook","6","False","0","False","0"
"terminal","no-profile-hook","6","False","0","False","0"
"alacritty","normal-hook","6","False","0","False","0"
"terminal","normal-hook","6","False","0","False","0"
"alacritty","cmd","6","False","0","False","0"
"terminal","cmd","6","False","0","False","0"
"terminal","normal-hook","7","False","0","False","0"
"alacritty","normal-hook","7","False","0","False","0"
"terminal","cmd","7","False","0","False","0"
"alacritty","cmd","7","False","0","False","0"
"terminal","no-profile-hook","7","False","0","False","0"
"alacritty","no-profile-hook","7","False","0","False","0"
"alacritty","cmd","8","False","0","False","0"
"terminal","cmd","8","False","0","False","0"
"alacritty","no-profile-hook","8","False","0","False","0"
"terminal","no-profile-hook","8","False","0","False","0"
"alacritty","normal-hook","8","False","0","False","0"
"terminal","normal-hook","8","False","0","False","0"
"terminal","no-profile-hook","9","False","0","False","0"
"alacritty","no-profile-hook","9","False","0","False","0"
"terminal","normal-hook","9","False","0","False","0"
"alacritty","normal-hook","9","False","0","False","0"
"terminal","cmd","9","False","0","False","0"
"alacritty","cmd","9","False","0","False","0"
"alacritty","normal-hook","10","False","0","False","0"
"terminal","normal-hook","10","False","0","False","0"
"alacritty","cmd","10","False","0","False","0"
"terminal","cmd","10","False","0","False","0"
"alacritty","no-profile-hook","10","False","0","False","0"
"terminal","no-profile-hook","10","False","0","False","0"
"terminal","cmd","11","False","0","False","0"
"alacritty","cmd","11","False","0","False","0"
"terminal","no-profile-hook","11","False","0","False","0"
"alacritty","no-profile-hook","11","False","0","False","0"
"terminal","normal-hook","11","False","0","False","0"
"alacritty","normal-hook","11","False","0","False","0"
"alacritty","no-profile-hook","12","False","0","False","0"
"terminal","no-profile-hook","12","False","0","False","0"
"alacritty","normal-hook","12","False","0","False","0"
"terminal","normal-hook","12","False","0","False","0"
"alacritty","cmd","12","False","0","False","0"
"terminal","cmd","12","False","0","False","0"
"terminal","normal-hook","13","False","0","False","0"
"alacritty","normal-hook","13","False","0","False","0"
"terminal","cmd","13","False","0","False","0"
"alacritty","cmd","13","False","0","False","0"
"terminal","no-profile-hook","13","False","0","False","0"
"alacritty","no-profile-hook","13","False","0","False","0"
"alacritty","cmd","14","False","0","False","0"
"terminal","cmd","14","False","0","False","0"
"alacritty","no-profile-hook","14","False","0","False","0"
"terminal","no-profile-hook","14","False","0","False","0"
"alacritty","normal-hook","14","False","0","False","0"
"terminal","normal-hook","14","False","0","False","0"
"terminal","no-profile-hook","15","False","0","False","0"
"alacritty","no-profile-hook","15","False","0","False","0"
"terminal","normal-hook","15","False","0","False","0"
"alacritty","normal-hook","15","False","0","False","0"
"terminal","cmd","15","False","0","False","0"
"alacritty","cmd","15","False","0","False","0"
