"App","Scenario","Run","Pid","Warmup","Cache","LaunchUtc","StartReturnedMs","ProcessCreatedMs","ShellProcessCreatedMs","Width","Height","Dpi","ClockDriftMs","WindowExistsMs","WindowVisibleMs","InputIdleMs","FocusMs","PromptFunctionMs","MaxPollGapMs","ExitedEarly","ObservedMs"
"terminal","normal-hook","1","6936","False","warm/repeated-fresh-process; unchanged/uncontrolled caches","2026-10-07T08:16:11.5414990Z","6.9239","2.4341","220.873","800","600","96","-0.033999999999650754","35.2352","172.0304","217.6097","172.0304","862.7523","31.709199999999782","False","2636.8697"
"alacritty","normal-hook","1","7180","False","warm/repeated-fresh-process; unchanged/uncontrolled caches","2026-10-07T08:16:14.2946856Z","7.8887","3.0239","191.0394","800","600","96","-0.02889999999979409","41.669","133.6053","195.5002","133.6053","727.7127","16.873000000000047","False","2696.1445"
"terminal","cmd","1","24524","False","warm/repeated-fresh-process; unchanged/uncontrolled caches","2026-10-07T08:16:17.1117543Z","7.0472","1.7813","182.2797","800","600","96","-0.008399999999710417","38.4107","163.2623","193.7754","163.2623","308.5195","31.174499999999995","False","2685.5872"
"alacritty","cmd","1","8280","False","warm/repeated-fresh-process; unchanged/uncontrolled caches","2026-10-07T08:16:19.9219910Z","7.332","2.0175","172.237","800","600","96","-0.012799999999970169","42.2278","137.2595","197.2777","137.2595","326.364","32.480999999999995","False","2636.5257"
"terminal","no-profile-hook","1","25204","False","warm/repeated-fresh-process; unchanged/uncontrolled caches","2026-10-07T08:16:22.6785302Z","6.8913","2.298","215.8918","800","600","96","-0.02889999999979409","35.3593","159.1222","219.3619","159.1222","735.554","29.688199999999995","False","2651.3703"
"alacritty","no-profile-hook","1","5092","False","warm/repeated-fresh-process; unchanged/uncontrolled caches","2026-10-07T08:16:25.4544138Z","7.6125","1.7403","196.7252","800","600","96","-0.027299999999740976","40.2721","135.5031","210.2129","135.5031","652.906","32.019800000000004","False","2679.6428"
"alacritty","cmd","2","17952","False","warm/repeated-fresh-process; unchanged/uncontrolled caches","2026-10-07T08:16:28.2438013Z","7.3185","2.3899","181.0487","800","600","96","-0.004399999999805004","37.8117","146.2347","207.7371","146.2347","342.0431","31.36110000000002","False","2643.6349"
"terminal","cmd","2","21460","False","warm/repeated-fresh-process; unchanged/uncontrolled caches","2026-10-07T08:16:31.0216848Z","5.7429","1.7897","185.6562","800","600","96","-0.009799999999813735","40.7753","152.5558","198.1248","152.5558","317.6975","32.337800000000016","False","2684.599"
"alacritty","no-profile-hook","2","19872","False","warm/repeated-fresh-process; unchanged/uncontrolled caches","2026-10-07T08:16:33.8208435Z","6.5979","2.2997","256.7375","800","600","96","-0.03279999999995198","42.1018","185.6812","260.4987","185.6812","775.9725","32.16370000000006","False","2692.248"
"terminal","no-profile-hook","2","23140","False","warm/repeated-fresh-process; unchanged/uncontrolled caches","2026-10-07T08:16:36.6425405Z","7.1973","2.5245","245.1655","800","600","96","-0.019699999999829743","64.0459","188.4597","247.7564","188.4597","831.0003","31.006900000000087","False","2671.7557"
"alacritty","normal-hook","2","6388","False","warm/repeated-fresh-process; unchanged/uncontrolled caches","2026-10-07T08:16:39.4385484Z","8.1859","2.2663","198.1146","800","600","96","-0.02570000000014261","44.2263","137.7572","197.579","137.7572","775.4757","32.131","False","2689.5457"
"terminal","normal-hook","2","22140","False","warm/repeated-fresh-process; unchanged/uncontrolled caches","2026-10-07T08:16:42.2573033Z","7.774","2.6331","233.0957","800","600","96","-0.03459999999995489","64.4781","174.2232","233.2021","174.2232","839.5896","30.449399999999997","False","2702.9236"
"terminal","no-profile-hook","3","5784","False","warm/repeated-fresh-process; unchanged/uncontrolled caches","2026-10-07T08:16:45.0790981Z","9.0464","1.5961","233.5589","800","600","96","-0.02580000000034488","56.3104","180.8557","227.1406","180.8557","806.0775","32.33179999999993","False","2691.9213"
"alacritty","no-profile-hook","3","22928","False","warm/repeated-fresh-process; unchanged/uncontrolled caches","2026-10-07T08:16:47.9021483Z","3.9565","1.8872","173.1537","800","600","96","-0.02080000000023574","28.5956","123.5027","169.6219",,"665.1387","31.559500000000014","False","2658.9669"
"terminal","normal-hook","3","17960","False","warm/repeated-fresh-process; unchanged/uncontrolled caches","2026-10-07T08:16:50.6776894Z","3.3141","1.1762","214.0266","800","600","96","-0.02570000000014261","45.9213","157.0898","218.0266","173.2279","829.1188","31.514200000000073","False","2642.3347"
"alacritty","normal-hook","3","25224","False","warm/repeated-fresh-process; unchanged/uncontrolled caches","2026-10-07T08:16:53.4330000Z","7.3395","2.6608","189.483","800","600","96","-0.03440000000000509","60.0479","139.7327","184.2739",,"761.3166","31.338300000000004","False","2654.5901"
"terminal","cmd","3","15492","False","warm/repeated-fresh-process; unchanged/uncontrolled caches","2026-10-07T08:16:56.1951725Z","3.2971","1.2132","165.7005","800","600","96","-0.004500000000007276","36.1914","145.0435","176.4929","162.1555","320.3604","31.20980000000003","False","2625.8015"
"alacritty","cmd","3","19228","False","warm/repeated-fresh-process; unchanged/uncontrolled caches","2026-10-07T08:16:58.9233473Z","3.8303","1.5186","218.7397","800","600","96","-0.006600000000162254","54.7715","135.3722","242.4617",,"376.4736","32.192800000000034","False","2685.1774"
"alacritty","normal-hook","4","13360","False","warm/repeated-fresh-process; unchanged/uncontrolled caches","2026-10-07T08:17:01.7321576Z","4.0808","1.7061","192.6724","800","600","96","-0.024100000000089494","26.2651","136.0472","196.1434",,"754.6925","28.893599999999992","False","2638.2134"
"terminal","normal-hook","4","6444","False","warm/repeated-fresh-process; unchanged/uncontrolled caches","2026-10-07T08:17:04.4861503Z","5.562","1.7047","210.1927","800","600","96","-0.025799999999890133","42.446","166.5614","214.3349","183.5931","812.2919","31.121000000000095","False","2702.8637"
"alacritty","cmd","4","23516","False","warm/repeated-fresh-process; unchanged/uncontrolled caches","2026-10-07T08:17:07.3117725Z","5.5754","2.1991","162.7435","800","600","96","-0.005400000000008731","46.641","139.179","185.0803",,"331.14","31.80460000000005","False","2643.971"
"terminal","cmd","4","8816","False","warm/repeated-fresh-process; unchanged/uncontrolled caches","2026-10-07T08:17:10.0842075Z","3.4611","1.2835","174.4895","800","600","96","-0.004900000000361615","43.2907","152.7185","198.4671","168.4439","301.4402","31.599500000000035","False","2642.72"
"alacritty","no-profile-hook","4","14888","False","warm/repeated-fresh-process; unchanged/uncontrolled caches","2026-10-07T08:17:12.8440202Z","7.8538","2.1497","195.0568","800","600","96","-0.021899999999732245","43.7613","137.2642","198.2001",,"697.4265","16.89709999999991","False","2660.3859"
"terminal","no-profile-hook","4","4568","False","warm/repeated-fresh-process; unchanged/uncontrolled caches","2026-10-07T08:17:15.6247347Z","5.6496","1.4122","217.9753","800","600","96","-0.02750000000014552","45.6932","154.395","215.7511","186.6659","794.9095","31.118799999999737","False","2674.1864"
"terminal","cmd","5","21692","False","warm/repeated-fresh-process; unchanged/uncontrolled caches","2026-10-07T08:17:18.4232909Z","5.1396","1.215","200.0001","800","600","96","-0.007499999999708962","34.8287","173.4989","220.6743","189.9454","336.6891","29.473600000000033","False","2675.651"
"alacritty","cmd","5","25900","False","warm/repeated-fresh-process; unchanged/uncontrolled caches","2026-10-07T08:17:21.2200891Z","4.154","1.8875","161.2389","800","600","96","-0.005200000000058935","32.7742","140.3889","187.9903",,"334.8677","31.745100000000093","False","2654.0629"
"terminal","no-profile-hook","5","25792","False","warm/repeated-fresh-process; unchanged/uncontrolled caches","2026-10-07T08:17:23.9936003Z","3.4065","1.2209","222.6557","800","600","96","-0.04930000000013024","31.3869","157.4006","233.7618","203.5541","794.0568","31.978599999999986","False","2692.2331"
"alacritty","no-profile-hook","5","2152","False","warm/repeated-fresh-process; unchanged/uncontrolled caches","2026-10-07T08:17:26.8000603Z","3.9242","1.3473","201.6617","800","600","96","-0.02959999999984575","31.4755","140.7361","202.2161",,"695.5101","31.20580000000018","False","2685.6149"
"terminal","normal-hook","5","8360","False","warm/repeated-fresh-process; unchanged/uncontrolled caches","2026-10-07T08:17:29.6044755Z","5.1756","1.9249","212.4195","800","600","96","-0.03569999999990614","44.7485","169.3639","216.0047","185.4978","829.4108","30.247000000000014","False","2641.2662"
"alacritty","normal-hook","5","23284","False","warm/repeated-fresh-process; unchanged/uncontrolled caches","2026-10-07T08:17:32.3779159Z","5.4172","1.5959","238.1631","800","600","96","-0.02179999999998472","43.4586","167.5812","244.7244",,"904.5049","31.837400000000002","False","2714.093"
"alacritty","no-profile-hook","6","24256","False","warm/repeated-fresh-process; unchanged/uncontrolled caches","2026-10-07T08:17:35.2231620Z","7.9653","2.2796","189.358","800","600","96","-0.03110000000015134","35.1272","142.0929","188.4623",,"742.4911","31.387500000000045","False","2651.1259"
"terminal","no-profile-hook","6","3880","False","warm/repeated-fresh-process; unchanged/uncontrolled caches","2026-10-07T08:17:37.9966143Z","5.0656","1.1736","212.7767","800","600","96","-0.019399999999677675","37.4452","160.1607","205.5122","176.0844","736.1242","17.07479999999987","False","2639.9891"
"alacritty","normal-hook","6","14624","False","warm/repeated-fresh-process; unchanged/uncontrolled caches","2026-10-07T08:17:40.7669979Z","7.6535","2.2286","173.6381","800","600","96","-0.034799999999904685","44.9754","122.7549","169.1254",,"738.1952","31.35080000000005","False","2710.0223"
"terminal","normal-hook","6","15500","False","warm/repeated-fresh-process; unchanged/uncontrolled caches","2026-10-07T08:17:43.5925654Z","3.1325","1.2229","195.1446","800","600","96","-0.02359999999998763","28.6879","155.7429","201.9928","172.5596","829.6653","31.476400000000012","False","2641.6847"
"alacritty","cmd","6","19720","False","warm/repeated-fresh-process; unchanged/uncontrolled caches","2026-10-07T08:17:46.3458617Z","3.4813","1.2918","149.8823","800","600","96","-0.007499999999708962","30.231","139.2724","170.813",,"304.4081","17.16190000000006","False","2661.338"
"terminal","cmd","6","23240","False","warm/repeated-fresh-process; unchanged/uncontrolled caches","2026-10-07T08:17:49.1279272Z","3.3956","1.2749","178.1408","800","600","96","-0.010600000000067666","38.6558","163.2139","196.0105","180.3803","311.6661","31.387100000000004","False","2669.5698"
"terminal","normal-hook","7","12424","False","warm/repeated-fresh-process; unchanged/uncontrolled caches","2026-10-07T08:17:51.9286623Z","6.3132","2.072","218.9727","800","600","96","-0.023700000000189902","38.5681","163.2793","223.0437","192.7272","831.447","29.827999999999975","False","2673.1845"
"alacritty","normal-hook","7","13164","False","warm/repeated-fresh-process; unchanged/uncontrolled caches","2026-10-07T08:17:54.7226603Z","3.9702","1.3252","195.0197","800","600","96","-0.020599999999831198","44.4355","151.9317","199.0332",,"750.4227","32.02940000000035","False","2698.7817"
"terminal","cmd","7","4476","False","warm/repeated-fresh-process; unchanged/uncontrolled caches","2026-10-07T08:17:57.5327085Z","4.6722","1.5539","170.6975","800","600","96","-0.0079000000000633","37.5003","146.4136","192.7324","162.145","316.8415","17.8098","False","2646.4325"
"alacritty","cmd","7","16008","False","warm/repeated-fresh-process; unchanged/uncontrolled caches","2026-10-07T08:18:00.2998064Z","4.4189","1.2275","135.1596","800","600","96","-0.0039000000001578883","25.0747","117.9177","164.6557",,"295.006","31.080799999999954","False","2663.3029"
"terminal","no-profile-hook","7","25652","False","warm/repeated-fresh-process; unchanged/uncontrolled caches","2026-10-07T08:18:03.0768559Z","3.205","1.1586","212.0061","800","600","96","-0.02959999999984575","43.709","153.0179","216.7068","171.4073","761.3447","32.83960000000002","False","2673.684"
"alacritty","no-profile-hook","7","26160","False","warm/repeated-fresh-process; unchanged/uncontrolled caches","2026-10-07T08:18:05.8692727Z","4.9476","1.233","267.3723","800","600","96","-0.021900000000186992","123.7646","218.0341","265.1507",,"744.8437","30.976","False","2670.8583"
"alacritty","cmd","8","19884","False","warm/repeated-fresh-process; unchanged/uncontrolled caches","2026-10-07T08:18:08.6622191Z","3.0193","1.1595","142.5889","800","600","96","-0.005500000000211003","30.8502","123.4191","168.6363",,"307.0147","31.963700000000017","False","2643.2792"
"terminal","cmd","8","4012","False","warm/repeated-fresh-process; unchanged/uncontrolled caches","2026-10-07T08:18:11.4188073Z","4.6315","1.9547","199.6107","800","600","96","-0.003899999999703141","41.4803","181.0519","212.8428","196.9648","341.9594","20.5867","False","2625.4583"
"alacritty","no-profile-hook","8","9032","False","warm/repeated-fresh-process; unchanged/uncontrolled caches","2026-10-07T08:18:14.1666294Z","7.8801","2.3949","184.9316","800","600","96","-0.022699999999986176","34.8022","126.6974","188.2209",,"668.7812","32.26290000000017","False","2683.6317"
"terminal","no-profile-hook","8","15364","False","warm/repeated-fresh-process; unchanged/uncontrolled caches","2026-10-07T08:18:16.9632409Z","4.068","1.8523","202.6281","800","600","96","-0.024699999999938882","40.3351","150.6619","196.5653","167.0395","748.2598","31.291099999999915","False","2678.1937"
"alacritty","normal-hook","8","16836","False","warm/repeated-fresh-process; unchanged/uncontrolled caches","2026-10-07T08:18:19.7628594Z","7.5401","2.5761","191.6866","800","600","96","-0.029399999999895954","40.8339","146.8785","193.9706",,"761.0192","31.42859999999996","False","2661.403"
"terminal","normal-hook","8","10212","False","warm/repeated-fresh-process; unchanged/uncontrolled caches","2026-10-07T08:18:22.5338753Z","4.7783","1.6871","213.3197","800","600","96","-0.027399999999943248","44.3895","166.9935","214.0036","183.0303","836.9163","31.840100000000007","False","2654.6855"
"terminal","no-profile-hook","9","5784","False","warm/repeated-fresh-process; unchanged/uncontrolled caches","2026-10-07T08:18:25.3059332Z","5.7942","1.8546","223.3148","800","600","96","-0.02070000000003347","59.0862","169.406","231.4502","185.2545","760.8592","33.16620000000012","False","2639.1523"
"alacritty","no-profile-hook","9","22708","False","warm/repeated-fresh-process; unchanged/uncontrolled caches","2026-10-07T08:18:28.0613330Z","6.1731","1.7332","198.512","800","600","96","-0.02680000000009386","55.3901","147.1001","193.8547",,"675.8393","18.0562","False","2661.1628"
"terminal","normal-hook","9","14516","False","warm/repeated-fresh-process; unchanged/uncontrolled caches","2026-10-07T08:18:30.8336465Z","3.5228","1.1522","209.6275","800","600","96","-0.02719999999999345","41.3962","150.7185","209.6598","181.8083","820.4023","31.985200000000077","False","2647.8466"
"alacritty","normal-hook","9","6256","False","warm/repeated-fresh-process; unchanged/uncontrolled caches","2026-10-07T08:18:33.6081424Z","7.2146","2.0154","186.7326","800","600","96","-0.022000000000389264","41.7374","150.8159","182.8366",,"754.1443","33.2769","False","2651.4736"
"terminal","cmd","9","15428","False","warm/repeated-fresh-process; unchanged/uncontrolled caches","2026-10-07T08:18:36.3726084Z","3.5626","1.1117","178.9746","800","600","96","-0.01139999999986685","43.3167","153.5606","200.6431","169.4105","314.6333","31.380800000000008","False","2642.2099"
"alacritty","cmd","9","17684","False","warm/repeated-fresh-process; unchanged/uncontrolled caches","2026-10-07T08:18:39.1307460Z","5.8519","1.9637","149.487","800","600","96","-0.0037000000002080924","41.9763","133.5213","181.9547",,"325.638","32.18549999999982","False","2658.9801"
"alacritty","normal-hook","10","5520","False","warm/repeated-fresh-process; unchanged/uncontrolled caches","2026-10-07T08:18:41.9110031Z","4.2973","1.308","173.9589","800","600","96","-0.02320000000008804","27.1916","120.1312","180.1746",,"717.8229","22.3977","False","2678.7099"
"terminal","normal-hook","10","19332","False","warm/repeated-fresh-process; unchanged/uncontrolled caches","2026-10-07T08:18:44.7012556Z","4.1138","1.8857","211.4514","800","600","96","-0.02500000000009095","30.0972","154.3307","216.6195","168.9098","816.0798","30.798000000000002","False","2662.1716"
"alacritty","cmd","10","15056","False","warm/repeated-fresh-process; unchanged/uncontrolled caches","2026-10-07T08:18:47.4922245Z","6.7117","2.4721","148.6205","800","600","96","-0.005100000000311411","32.2652","139.6812","169.2941",,"298.5778","24.931800000000003","False","2627.6695"
"terminal","cmd","10","3648","False","warm/repeated-fresh-process; unchanged/uncontrolled caches","2026-10-07T08:18:50.2384772Z","3.2151","1.1122","168.4068","800","600","96","-0.0039999999999054126","38.6708","147.6914","194.123","163.8443","314.2728","32.01999999999998","False","2653.4907"
"alacritty","no-profile-hook","10","16672","False","warm/repeated-fresh-process; unchanged/uncontrolled caches","2026-10-07T08:18:53.0209142Z","9.1514","2.4143","181.5188","800","600","96","-0.02650000000039654","38.2952","132.6758","177.2851",,"674.1813","31.181099999999788","False","2649.9956"
"terminal","no-profile-hook","10","2260","False","warm/repeated-fresh-process; unchanged/uncontrolled caches","2026-10-07T08:18:55.7955498Z","3.1875","1.2466","198.2952","800","600","96","-0.021499999999832653","39.5715","148.8939","193.9744","165.7141","726.1437","28.230199999999996","False","2665.3155"
"terminal","cmd","11","18912","False","warm/repeated-fresh-process; unchanged/uncontrolled caches","2026-10-07T08:18:58.5841566Z","7.2472","2.6801","210.7004","800","600","96","-0.008599999999660213","64.9036","188.7397","235.7348","205.0356","354.5679","29.9895","False","2615.0407"
"alacritty","cmd","11","4144","False","warm/repeated-fresh-process; unchanged/uncontrolled caches","2026-10-07T08:19:01.3273003Z","7.7659","2.352","163.9417","800","600","96","-0.01720000000022992","42.9637","167.2198","197.8451",,"338.9705","32.3119999999999","False","2632.4017"
"terminal","no-profile-hook","11","524","False","warm/repeated-fresh-process; unchanged/uncontrolled caches","2026-10-07T08:19:04.0785770Z","3.5403","1.2624","220.917","800","600","96","-0.020500000000083674","56.0126","165.3821","224.9857","195.247","744.0317","30.915299999999995","False","2635.9412"
"alacritty","no-profile-hook","11","16144","False","warm/repeated-fresh-process; unchanged/uncontrolled caches","2026-10-07T08:19:06.8299462Z","5.1656","1.4019","185.2678","800","600","96","-0.0227999999997337","41.497","149.7905","180.3707",,"659.7824","31.825699999999983","False","2700.718"
"terminal","normal-hook","11","24256","False","warm/repeated-fresh-process; unchanged/uncontrolled caches","2026-10-07T08:19:09.6491909Z","3.2353","1.191","221.1781","800","600","96","-0.022399999999834108","41.1928","166.7518","212.9796","183.7092","852.4348","30.4970000000003","False","2691.6009"
"alacritty","normal-hook","11","3292","False","warm/repeated-fresh-process; unchanged/uncontrolled caches","2026-10-07T08:19:12.4676038Z","6.843","2.3981","189.8542","800","600","96","-0.025200000000040745","57.0754","149.9542","196.081",,"747.1192","30.745700000000003","False","2626.9342"
"alacritty","no-profile-hook","12","26532","False","warm/repeated-fresh-process; unchanged/uncontrolled caches","2026-10-07T08:19:15.2144786Z","3.3657","1.1953","157.4014","800","600","96","-0.02029999999967913","22.437","114.9832","161.8946",,"587.4551","30.859800000000178","False","2701.6716"
"terminal","no-profile-hook","12","20412","False","warm/repeated-fresh-process; unchanged/uncontrolled caches","2026-10-07T08:19:18.0275129Z","5.3845","2.091","203.8291","800","600","96","-0.026299999999991996","38.278","162.9702","208.7586","162.9702","730.0329","17.291300000000092","False","2673.7728"
"alacritty","normal-hook","12","2144","False","warm/repeated-fresh-process; unchanged/uncontrolled caches","2026-10-07T08:19:20.8295947Z","6.9464","2.1318","179.2163","800","600","96","-0.02290000000039072","29.0738","137.4189","183.3397",,"739.1958","31.812900000000127","False","2657.5187"
"terminal","normal-hook","12","18492","False","warm/repeated-fresh-process; unchanged/uncontrolled caches","2026-10-07T08:19:23.5977649Z","4.2978","1.2505","202.6741","800","600","96","-0.021600000000034925","42.026","150.6696","196.6837","167.6906","799.0247","31.391999999999996","False","2638.7477"
"alacritty","cmd","12","26428","False","warm/repeated-fresh-process; unchanged/uncontrolled caches","2026-10-07T08:19:26.3649695Z","7.9707","2.1232","148.6725","800","600","96","-0.009000000000014552","42.8338","135.0221","182.2079",,"330.5805","32.11609999999996","False","2634.5644"
"terminal","cmd","12","15096","False","warm/repeated-fresh-process; unchanged/uncontrolled caches","2026-10-07T08:19:29.1132901Z","4.154","1.2101","176.3319","800","600","96","-0.018500000000130967","48.4037","156.5103","203.4264","173.038","319.0001","16.72129999999993","False","2686.1565"
"terminal","normal-hook","13","16936","False","warm/repeated-fresh-process; unchanged/uncontrolled caches","2026-10-07T08:19:31.9279456Z","7.7192","2.1568","223.8974","800","600","96","-0.023799999999937427","50.7615","174.3841","222.4745","191.762","832.3302","30.830400000000004","False","2649.5218"
"alacritty","normal-hook","13","19288","False","warm/repeated-fresh-process; unchanged/uncontrolled caches","2026-10-07T08:19:34.7071235Z","9.0281","2.8275","185.6845","800","600","96","-0.04109999999991487","41.7889","150.5466","182.3677",,"787.8791","30.91749999999996","False","2638.1942"
"terminal","cmd","13","1956","False","warm/repeated-fresh-process; unchanged/uncontrolled caches","2026-10-07T08:19:37.4648066Z","4.396","1.8731","183.6974","800","600","96","-0.005400000000008731","50.4441","159.3237","205.3789","175.3003","311.2825","32.514199999999846","False","2648.351"
"alacritty","cmd","13","16008","False","warm/repeated-fresh-process; unchanged/uncontrolled caches","2026-10-07T08:19:40.2349356Z","7.8956","2.2697","154.6204","800","600","96","-0.007000000000061846","55.3911","133.3877","180.9864",,"317.2731","31.29419999999999","False","2637.2615"
"terminal","no-profile-hook","13","18880","False","warm/repeated-fresh-process; unchanged/uncontrolled caches","2026-10-07T08:19:42.9857031Z","3.4776","1.2863","207.4499","800","600","96","-0.04309999999986758","39.2497","182.5507","210.4008","182.5507","734.8162","33.416499999999985","False","2633.9748"
"alacritty","no-profile-hook","13","5092","False","warm/repeated-fresh-process; unchanged/uncontrolled caches","2026-10-07T08:19:45.7497452Z","5.8356","2.8881","186.1448","800","600","96","-0.022199999999884312","36.5126","142.936","190.7687",,"662.0371","16.958499999999958","False","2633.5996"
"alacritty","cmd","14","22044","False","warm/repeated-fresh-process; unchanged/uncontrolled caches","2026-10-07T08:19:48.5126708Z","3.287","1.2605","145.9032","800","600","96","-0.017199999999775173","32.6979","127.9945","174.8378",,"307.0698","32.669399999999996","False","2612.9011"
"terminal","cmd","14","24420","False","warm/repeated-fresh-process; unchanged/uncontrolled caches","2026-10-07T08:19:51.2525535Z","4.2072","1.1077","167.4865","800","600","96","-0.0059000000001105946","37.7029","146.1551","192.4573","162.0361","296.6914","30.408699999999982","False","2634.7964"
"alacritty","no-profile-hook","14","8780","False","warm/repeated-fresh-process; unchanged/uncontrolled caches","2026-10-07T08:19:54.0053006Z","7.1528","2.1107","181.1114","800","600","96","-0.027599999999893043","41.4765","134.8504","180.8362",,"662.2646","30.81139999999982","False","2704.4599"
"terminal","no-profile-hook","14","24656","False","warm/repeated-fresh-process; unchanged/uncontrolled caches","2026-10-07T08:19:56.8282816Z","3.9271","1.2739","210.3914","800","600","96","-0.01999999999998181","46.1038","172.0492","202.1703","172.0492","725.5594","31.384700000000066","False","2654.9467"
"alacritty","normal-hook","14","2952","False","warm/repeated-fresh-process; unchanged/uncontrolled caches","2026-10-07T08:19:59.6101556Z","6.8843","2.1823","191.7894","800","600","96","-0.022800000000188447","36.4724","143.8306","189.8347",,"751.7341","31.14910000000009","False","2672.0132"
"terminal","normal-hook","14","8824","False","warm/repeated-fresh-process; unchanged/uncontrolled caches","2026-10-07T08:20:02.4036121Z","3.9243","1.2713","206.9339","800","600","96","-0.02639999999973952","40.3377","151.1003","211.674","166.0887","796.7869","31.196100000000115","False","2671.9532"
"terminal","no-profile-hook","15","22928","False","warm/repeated-fresh-process; unchanged/uncontrolled caches","2026-10-07T08:20:05.2034435Z","7.5552","2.4079","214.5185","800","600","96","-0.03330000000005384","38.8607","162.3786","209.2368","178.8309","773.0134","29.8422","False","2662.9145"
"alacritty","no-profile-hook","15","8420","False","warm/repeated-fresh-process; unchanged/uncontrolled caches","2026-10-07T08:20:07.9903736Z","9.5254","2.8018","176.3814","800","600","96","-0.023699999999735155","52.125","129.4217","177.5258",,"661.4465","30.885500000000093","False","2653.8885"
"terminal","normal-hook","15","7360","False","warm/repeated-fresh-process; unchanged/uncontrolled caches","2026-10-07T08:20:10.7721341Z","3.9055","1.598","215.4809","800","600","96","-0.020899999999983265","30.5401","156.129","215.2752","184.5415","833.9761","32.653299999999945","False","2640.9688"
"alacritty","normal-hook","15","11508","False","warm/repeated-fresh-process; unchanged/uncontrolled caches","2026-10-07T08:20:13.5371626Z","5.7143","1.3062","194.2664","800","600","96","-0.02680000000009386","35.1816","144.3705","189.2087",,"740.4332","32.2494999999999","False","2666.2705"
"terminal","cmd","15","20716","False","warm/repeated-fresh-process; unchanged/uncontrolled caches","2026-10-07T08:20:16.3156126Z","3.3707","1.1569","179.1514","800","600","96","-0.0045999999997548","39.5582","150.8945","196.0862","165.2151","312.9537","31.597600000000057","False","2623.4601"
"alacritty","cmd","15","19380","False","warm/repeated-fresh-process; unchanged/uncontrolled caches","2026-10-07T08:20:19.0618202Z","6.421","2.0007","160.7748","800","600","96","-0.005799999999908323","39.4638","145.6072","193.2187",,"333.7665","30.7817","False","2636.2289"
