"Scenario","Run","Metric","TerminalMinusAlacrittyMs"
"cmd","1","external-ClockDriftMs","0.004400000000259752"
"cmd","1","external-FocusMs","26.002800000000008"
"cmd","1","external-InputIdleMs","-3.5023000000000195"
"cmd","1","external-interval-launch-to-shell","10.278900000000021"
"cmd","1","external-interval-shell-to-readiness","-27.88719999999998"
"cmd","1","external-interval-visible-to-readiness","-43.84729999999999"
"cmd","1","external-interval-visible-to-shell","-15.960100000000011"
"cmd","1","external-MaxPollGapMs","-1.3064999999999998"
"cmd","1","external-ProcessCreatedMs","-0.23619999999999997"
"cmd","1","external-PromptFunctionMs","-17.844499999999982"
"cmd","1","external-ShellProcessCreatedMs","10.042699999999996"
"cmd","1","external-StartReturnedMs","-0.2847999999999997"
"cmd","1","external-WindowExistsMs","-3.8171000000000035"
"cmd","1","external-WindowVisibleMs","26.002800000000008"
"cmd","10","external-ClockDriftMs","0.0011000000004059984"
"cmd","10","external-InputIdleMs","24.828900000000004"
"cmd","10","external-interval-launch-to-shell","21.14620000000002"
"cmd","10","external-interval-shell-to-readiness","-4.091300000000018"
"cmd","10","external-interval-visible-to-readiness","7.684799999999996"
"cmd","10","external-interval-visible-to-shell","11.776100000000014"
"cmd","10","external-MaxPollGapMs","7.088199999999979"
"cmd","10","external-ProcessCreatedMs","-1.3599"
"cmd","10","external-PromptFunctionMs","15.694999999999993"
"cmd","10","external-ShellProcessCreatedMs","19.78630000000001"
"cmd","10","external-StartReturnedMs","-3.4966000000000004"
"cmd","10","external-WindowExistsMs","6.4056"
"cmd","10","external-WindowVisibleMs","8.010199999999998"
"cmd","11","external-ClockDriftMs","0.008600000000569707"
"cmd","11","external-InputIdleMs","37.889700000000005"
"cmd","11","external-interval-launch-to-shell","46.4306"
"cmd","11","external-interval-shell-to-readiness","-31.16130000000001"
"cmd","11","external-interval-visible-to-readiness","-5.922500000000014"
"cmd","11","external-interval-visible-to-shell","25.238799999999998"
"cmd","11","external-MaxPollGapMs","-2.3224999999998985"
"cmd","11","external-ProcessCreatedMs","0.32810000000000006"
"cmd","11","external-PromptFunctionMs","15.597399999999993"
"cmd","11","external-ShellProcessCreatedMs","46.758700000000005"
"cmd","11","external-StartReturnedMs","-0.5186999999999999"
"cmd","11","external-WindowExistsMs","21.939899999999994"
"cmd","11","external-WindowVisibleMs","21.519900000000007"
"cmd","12","external-ClockDriftMs","-0.009500000000116415"
"cmd","12","external-InputIdleMs","21.218500000000006"
"cmd","12","external-interval-launch-to-shell","28.572499999999962"
"cmd","12","external-interval-shell-to-readiness","-39.239799999999974"
"cmd","12","external-interval-visible-to-readiness","-33.0686"
"cmd","12","external-interval-visible-to-shell","6.1711999999999705"
"cmd","12","external-MaxPollGapMs","-15.394800000000032"
"cmd","12","external-ProcessCreatedMs","-0.9131000000000002"
"cmd","12","external-PromptFunctionMs","-11.580399999999997"
"cmd","12","external-ShellProcessCreatedMs","27.659399999999977"
"cmd","12","external-StartReturnedMs","-3.8167"
"cmd","12","external-WindowExistsMs","5.569900000000004"
"cmd","12","external-WindowVisibleMs","21.488200000000006"
"cmd","13","external-ClockDriftMs","0.0016000000000531145"
"cmd","13","external-InputIdleMs","24.392499999999984"
"cmd","13","external-interval-launch-to-shell","29.473600000000005"
"cmd","13","external-interval-shell-to-readiness","-35.06759999999997"
"cmd","13","external-interval-visible-to-readiness","-31.92659999999998"
"cmd","13","external-interval-visible-to-shell","3.140999999999991"
"cmd","13","external-MaxPollGapMs","1.2199999999998568"
"cmd","13","external-ProcessCreatedMs","-0.39659999999999984"
"cmd","13","external-PromptFunctionMs","-5.990599999999972"
"cmd","13","external-ShellProcessCreatedMs","29.076999999999998"
"cmd","13","external-StartReturnedMs","-3.4996"
"cmd","13","external-WindowExistsMs","-4.947000000000003"
"cmd","13","external-WindowVisibleMs","25.936000000000007"
"cmd","14","external-ClockDriftMs","0.011299999999664578"
"cmd","14","external-InputIdleMs","17.619500000000016"
"cmd","14","external-interval-launch-to-shell","21.73610000000002"
"cmd","14","external-interval-shell-to-readiness","-31.961700000000008"
"cmd","14","external-interval-visible-to-readiness","-28.538999999999987"
"cmd","14","external-interval-visible-to-shell","3.422700000000006"
"cmd","14","external-MaxPollGapMs","-2.260700000000014"
"cmd","14","external-ProcessCreatedMs","-0.15280000000000005"
"cmd","14","external-PromptFunctionMs","-10.3784"
"cmd","14","external-ShellProcessCreatedMs","21.58330000000001"
"cmd","14","external-StartReturnedMs","0.9202000000000004"
"cmd","14","external-WindowExistsMs","5.005000000000003"
"cmd","14","external-WindowVisibleMs","18.160600000000002"
"cmd","15","external-ClockDriftMs","0.0012000000001535227"
"cmd","15","external-InputIdleMs","2.8674999999999784"
"cmd","15","external-interval-launch-to-shell","19.220399999999984"
"cmd","15","external-interval-shell-to-readiness","-39.18939999999998"
"cmd","15","external-interval-visible-to-readiness","-26.10009999999997"
"cmd","15","external-interval-visible-to-shell","13.089300000000009"
"cmd","15","external-MaxPollGapMs","0.815900000000056"
"cmd","15","external-ProcessCreatedMs","-0.8438000000000001"
"cmd","15","external-PromptFunctionMs","-20.81279999999998"
"cmd","15","external-ShellProcessCreatedMs","18.376599999999996"
"cmd","15","external-StartReturnedMs","-3.0503000000000005"
"cmd","15","external-WindowExistsMs","0.09440000000000026"
"cmd","15","external-WindowVisibleMs","5.287299999999988"
"cmd","2","external-ClockDriftMs","-0.005400000000008731"
"cmd","2","external-FocusMs","6.321100000000001"
"cmd","2","external-InputIdleMs","-9.612300000000005"
"cmd","2","external-interval-launch-to-shell","5.207700000000017"
"cmd","2","external-interval-shell-to-readiness","-28.953100000000006"
"cmd","2","external-interval-visible-to-readiness","-30.66669999999999"
"cmd","2","external-interval-visible-to-shell","-1.7135999999999854"
"cmd","2","external-MaxPollGapMs","0.9766999999999939"
"cmd","2","external-ProcessCreatedMs","-0.6001999999999998"
"cmd","2","external-PromptFunctionMs","-24.34559999999999"
"cmd","2","external-ShellProcessCreatedMs","4.607500000000016"
"cmd","2","external-StartReturnedMs","-1.5756000000000006"
"cmd","2","external-WindowExistsMs","2.9635999999999996"
"cmd","2","external-WindowVisibleMs","6.321100000000001"
"cmd","3","external-ClockDriftMs","0.002100000000154978"
"cmd","3","external-InputIdleMs","-65.96880000000002"
"cmd","3","external-interval-launch-to-shell","-52.7338"
"cmd","3","external-interval-shell-to-readiness","-3.0739999999999554"
"cmd","3","external-interval-visible-to-readiness","-65.78449999999995"
"cmd","3","external-interval-visible-to-shell","-62.710499999999996"
"cmd","3","external-MaxPollGapMs","-0.9830000000000041"
"cmd","3","external-ProcessCreatedMs","-0.3053999999999999"
"cmd","3","external-PromptFunctionMs","-56.11319999999995"
"cmd","3","external-ShellProcessCreatedMs","-53.039199999999994"
"cmd","3","external-StartReturnedMs","-0.5331999999999999"
"cmd","3","external-WindowExistsMs","-18.5801"
"cmd","3","external-WindowVisibleMs","9.671300000000002"
"cmd","4","external-ClockDriftMs","0.0004999999996471161"
"cmd","4","external-InputIdleMs","13.386799999999994"
"cmd","4","external-interval-launch-to-shell","12.661599999999964"
"cmd","4","external-interval-shell-to-readiness","-41.44579999999996"
"cmd","4","external-interval-visible-to-readiness","-43.239299999999986"
"cmd","4","external-interval-visible-to-shell","-1.793500000000023"
"cmd","4","external-MaxPollGapMs","-0.20510000000001583"
"cmd","4","external-ProcessCreatedMs","-0.9156"
"cmd","4","external-PromptFunctionMs","-29.699799999999982"
"cmd","4","external-ShellProcessCreatedMs","11.745999999999981"
"cmd","4","external-StartReturnedMs","-2.1143"
"cmd","4","external-WindowExistsMs","-3.350299999999997"
"cmd","4","external-WindowVisibleMs","13.539500000000004"
"cmd","5","external-ClockDriftMs","-0.0022999999996500264"
"cmd","5","external-InputIdleMs","32.684"
"cmd","5","external-interval-launch-to-shell","39.43369999999999"
"cmd","5","external-interval-shell-to-readiness","-36.93980000000002"
"cmd","5","external-interval-visible-to-readiness","-31.288600000000002"
"cmd","5","external-interval-visible-to-shell","5.651200000000017"
"cmd","5","external-MaxPollGapMs","-2.27150000000006"
"cmd","5","external-ProcessCreatedMs","-0.6724999999999999"
"cmd","5","external-PromptFunctionMs","1.8213999999999828"
"cmd","5","external-ShellProcessCreatedMs","38.7612"
"cmd","5","external-StartReturnedMs","0.9855999999999998"
"cmd","5","external-WindowExistsMs","2.0544999999999973"
"cmd","5","external-WindowVisibleMs","33.109999999999985"
"cmd","6","external-ClockDriftMs","-0.0031000000003587047"
"cmd","6","external-InputIdleMs","25.19750000000002"
"cmd","6","external-interval-launch-to-shell","28.27540000000002"
"cmd","6","external-interval-shell-to-readiness","-21.000500000000045"
"cmd","6","external-interval-visible-to-readiness","-16.68350000000001"
"cmd","6","external-interval-visible-to-shell","4.317000000000036"
"cmd","6","external-MaxPollGapMs","14.225199999999944"
"cmd","6","external-ProcessCreatedMs","-0.016900000000000137"
"cmd","6","external-PromptFunctionMs","7.257999999999981"
"cmd","6","external-ShellProcessCreatedMs","28.258500000000026"
"cmd","6","external-StartReturnedMs","-0.08570000000000011"
"cmd","6","external-WindowExistsMs","8.424799999999998"
"cmd","6","external-WindowVisibleMs","23.94149999999999"
"cmd","7","external-ClockDriftMs","-0.0039999999999054126"
"cmd","7","external-InputIdleMs","28.076700000000017"
"cmd","7","external-interval-launch-to-shell","35.21149999999997"
"cmd","7","external-interval-shell-to-readiness","-13.702399999999955"
"cmd","7","external-interval-visible-to-readiness","-6.6603999999999814"
"cmd","7","external-interval-visible-to-shell","7.041999999999973"
"cmd","7","external-MaxPollGapMs","-13.270999999999955"
"cmd","7","external-ProcessCreatedMs","0.3264"
"cmd","7","external-PromptFunctionMs","21.835500000000025"
"cmd","7","external-ShellProcessCreatedMs","35.53789999999998"
"cmd","7","external-StartReturnedMs","0.2533000000000003"
"cmd","7","external-WindowExistsMs","12.425600000000003"
"cmd","7","external-WindowVisibleMs","28.495900000000006"
"cmd","8","external-ClockDriftMs","0.0016000000005078618"
"cmd","8","external-InputIdleMs","44.206500000000005"
"cmd","8","external-interval-launch-to-shell","56.22660000000002"
"cmd","8","external-interval-shell-to-readiness","-22.0771"
"cmd","8","external-interval-visible-to-readiness","-22.688099999999963"
"cmd","8","external-interval-visible-to-shell","-0.6109999999999758"
"cmd","8","external-MaxPollGapMs","-11.377000000000017"
"cmd","8","external-ProcessCreatedMs","0.7952000000000001"
"cmd","8","external-PromptFunctionMs","34.94470000000001"
"cmd","8","external-ShellProcessCreatedMs","57.02180000000001"
"cmd","8","external-StartReturnedMs","1.6122"
"cmd","8","external-WindowExistsMs","10.630099999999999"
"cmd","8","external-WindowVisibleMs","57.63279999999999"
"cmd","9","external-ClockDriftMs","-0.007699999999658758"
"cmd","9","external-InputIdleMs","18.6884"
"cmd","9","external-interval-launch-to-shell","30.33959999999999"
"cmd","9","external-interval-shell-to-readiness","-40.49229999999997"
"cmd","9","external-interval-visible-to-readiness","-31.043999999999954"
"cmd","9","external-interval-visible-to-shell","9.448300000000017"
"cmd","9","external-MaxPollGapMs","-0.8046999999998121"
"cmd","9","external-ProcessCreatedMs","-0.8520000000000001"
"cmd","9","external-PromptFunctionMs","-11.004699999999957"
"cmd","9","external-ShellProcessCreatedMs","29.487600000000015"
"cmd","9","external-StartReturnedMs","-2.2892999999999994"
"cmd","9","external-WindowExistsMs","1.3403999999999954"
"cmd","9","external-WindowVisibleMs","20.039299999999997"
"no-profile-hook","1","external-ClockDriftMs","-0.0016000000000531145"
"no-profile-hook","1","external-FocusMs","23.619100000000003"
"no-profile-hook","1","external-InputIdleMs","9.149000000000001"
"no-profile-hook","1","external-interval-launch-to-shell","18.608899999999977"
"no-profile-hook","1","external-interval-shell-to-readiness","63.48140000000001"
"no-profile-hook","1","external-interval-visible-to-readiness","59.02890000000002"
"no-profile-hook","1","external-interval-visible-to-shell","-4.452500000000015"
"no-profile-hook","1","external-MaxPollGapMs","-2.3316000000000088"
"no-profile-hook","1","external-ProcessCreatedMs","0.5577000000000001"
"no-profile-hook","1","external-PromptFunctionMs","82.64800000000002"
"no-profile-hook","1","external-ShellProcessCreatedMs","19.16659999999999"
"no-profile-hook","1","external-StartReturnedMs","-0.7211999999999996"
"no-profile-hook","1","external-WindowExistsMs","-4.912800000000004"
"no-profile-hook","1","external-WindowVisibleMs","23.619100000000003"
"no-profile-hook","10","external-ClockDriftMs","0.005000000000563887"
"no-profile-hook","10","external-InputIdleMs","16.689300000000003"
"no-profile-hook","10","external-interval-launch-to-shell","17.94409999999999"
"no-profile-hook","10","external-interval-shell-to-readiness","35.18599999999998"
"no-profile-hook","10","external-interval-visible-to-readiness","35.74429999999995"
"no-profile-hook","10","external-interval-visible-to-shell","0.5583000000000027"
"no-profile-hook","10","external-MaxPollGapMs","-2.950899999999791"
"no-profile-hook","10","external-ProcessCreatedMs","-1.1677"
"no-profile-hook","10","external-PromptFunctionMs","51.9624"
"no-profile-hook","10","external-ShellProcessCreatedMs","16.776399999999995"
"no-profile-hook","10","external-StartReturnedMs","-5.963900000000001"
"no-profile-hook","10","external-WindowExistsMs","1.276299999999999"
"no-profile-hook","10","external-WindowVisibleMs","16.218099999999993"
"no-profile-hook","11","external-ClockDriftMs","0.0022999999996500264"
"no-profile-hook","11","external-InputIdleMs","44.61500000000001"
"no-profile-hook","11","external-interval-launch-to-shell","35.788700000000006"
"no-profile-hook","11","external-interval-shell-to-readiness","48.600099999999884"
"no-profile-hook","11","external-interval-visible-to-readiness","68.65769999999992"
"no-profile-hook","11","external-interval-visible-to-shell","20.057600000000008"
"no-profile-hook","11","external-MaxPollGapMs","-0.9103999999999886"
"no-profile-hook","11","external-ProcessCreatedMs","-0.13949999999999996"
"no-profile-hook","11","external-PromptFunctionMs","84.24929999999995"
"no-profile-hook","11","external-ShellProcessCreatedMs","35.64920000000001"
"no-profile-hook","11","external-StartReturnedMs","-1.6253000000000006"
"no-profile-hook","11","external-WindowExistsMs","14.5156"
"no-profile-hook","11","external-WindowVisibleMs","15.5916"
"no-profile-hook","12","external-ClockDriftMs","-0.006000000000312866"
"no-profile-hook","12","external-InputIdleMs","46.864000000000004"
"no-profile-hook","12","external-interval-launch-to-shell","45.53200000000001"
"no-profile-hook","12","external-interval-shell-to-readiness","96.15009999999995"
"no-profile-hook","12","external-interval-visible-to-readiness","94.59080000000006"
"no-profile-hook","12","external-interval-visible-to-shell","-1.5592999999999932"
"no-profile-hook","12","external-MaxPollGapMs","-13.568500000000085"
"no-profile-hook","12","external-ProcessCreatedMs","0.8957000000000002"
"no-profile-hook","12","external-PromptFunctionMs","142.57780000000002"
"no-profile-hook","12","external-ShellProcessCreatedMs","46.427700000000016"
"no-profile-hook","12","external-StartReturnedMs","2.0188"
"no-profile-hook","12","external-WindowExistsMs","15.840999999999998"
"no-profile-hook","12","external-WindowVisibleMs","47.98700000000001"
"no-profile-hook","13","external-ClockDriftMs","-0.020899999999983265"
"no-profile-hook","13","external-InputIdleMs","19.63210000000001"
"no-profile-hook","13","external-interval-launch-to-shell","22.906900000000007"
"no-profile-hook","13","external-interval-shell-to-readiness","51.47399999999993"
"no-profile-hook","13","external-interval-visible-to-readiness","33.1644"
"no-profile-hook","13","external-interval-visible-to-shell","-18.30959999999999"
"no-profile-hook","13","external-MaxPollGapMs","16.458000000000027"
"no-profile-hook","13","external-ProcessCreatedMs","-1.6018000000000001"
"no-profile-hook","13","external-PromptFunctionMs","72.77909999999997"
"no-profile-hook","13","external-ShellProcessCreatedMs","21.30510000000001"
"no-profile-hook","13","external-StartReturnedMs","-2.3580000000000005"
"no-profile-hook","13","external-WindowExistsMs","2.737099999999998"
"no-profile-hook","13","external-WindowVisibleMs","39.6147"
"no-profile-hook","14","external-ClockDriftMs","0.007599999999911233"
"no-profile-hook","14","external-InputIdleMs","21.334100000000007"
"no-profile-hook","14","external-interval-launch-to-shell","30.116800000000012"
"no-profile-hook","14","external-interval-shell-to-readiness","34.01480000000004"
"no-profile-hook","14","external-interval-visible-to-readiness","26.096000000000004"
"no-profile-hook","14","external-interval-visible-to-shell","-7.9188000000000045"
"no-profile-hook","14","external-MaxPollGapMs","0.5733000000002448"
"no-profile-hook","14","external-ProcessCreatedMs","-0.8368"
"no-profile-hook","14","external-PromptFunctionMs","63.29480000000001"
"no-profile-hook","14","external-ShellProcessCreatedMs","29.28"
"no-profile-hook","14","external-StartReturnedMs","-3.2257000000000002"
"no-profile-hook","14","external-WindowExistsMs","4.627299999999998"
"no-profile-hook","14","external-WindowVisibleMs","37.198800000000006"
"no-profile-hook","15","external-ClockDriftMs","-0.009600000000318687"
"no-profile-hook","15","external-InputIdleMs","31.710999999999984"
"no-profile-hook","15","external-interval-launch-to-shell","38.53099999999995"
"no-profile-hook","15","external-interval-shell-to-readiness","73.4298"
"no-profile-hook","15","external-interval-visible-to-readiness","78.61000000000001"
"no-profile-hook","15","external-interval-visible-to-shell","5.180199999999957"
"no-profile-hook","15","external-MaxPollGapMs","-1.0433000000000945"
"no-profile-hook","15","external-ProcessCreatedMs","-0.3938999999999999"
"no-profile-hook","15","external-PromptFunctionMs","111.56690000000003"
"no-profile-hook","15","external-ShellProcessCreatedMs","38.137099999999975"
"no-profile-hook","15","external-StartReturnedMs","-1.9701999999999993"
"no-profile-hook","15","external-WindowExistsMs","-13.264299999999999"
"no-profile-hook","15","external-WindowVisibleMs","32.95690000000002"
"no-profile-hook","2","external-ClockDriftMs","0.013100000000122236"
"no-profile-hook","2","external-FocusMs","2.778500000000008"
"no-profile-hook","2","external-InputIdleMs","-12.742299999999972"
"no-profile-hook","2","external-interval-launch-to-shell","-11.79679999999999"
"no-profile-hook","2","external-interval-shell-to-readiness","66.59980000000019"
"no-profile-hook","2","external-interval-visible-to-readiness","52.24930000000006"
"no-profile-hook","2","external-interval-visible-to-shell","-14.350500000000011"
"no-profile-hook","2","external-MaxPollGapMs","-1.1567999999999756"
"no-profile-hook","2","external-ProcessCreatedMs","0.2248000000000001"
"no-profile-hook","2","external-PromptFunctionMs","55.02780000000007"
"no-profile-hook","2","external-ShellProcessCreatedMs","-11.572000000000003"
"no-profile-hook","2","external-StartReturnedMs","0.5994000000000002"
"no-profile-hook","2","external-WindowExistsMs","21.944100000000006"
"no-profile-hook","2","external-WindowVisibleMs","2.778500000000008"
"no-profile-hook","3","external-ClockDriftMs","-0.005000000000109139"
"no-profile-hook","3","external-InputIdleMs","57.518699999999995"
"no-profile-hook","3","external-interval-launch-to-shell","60.69630000000001"
"no-profile-hook","3","external-interval-shell-to-readiness","80.53359999999998"
"no-profile-hook","3","external-interval-visible-to-readiness","83.58580000000006"
"no-profile-hook","3","external-interval-visible-to-shell","3.052199999999999"
"no-profile-hook","3","external-MaxPollGapMs","0.772299999999916"
"no-profile-hook","3","external-ProcessCreatedMs","-0.2910999999999999"
"no-profile-hook","3","external-PromptFunctionMs","140.93880000000001"
"no-profile-hook","3","external-ShellProcessCreatedMs","60.40520000000001"
"no-profile-hook","3","external-StartReturnedMs","5.0899"
"no-profile-hook","3","external-WindowExistsMs","27.7148"
"no-profile-hook","3","external-WindowVisibleMs","57.35300000000001"
"no-profile-hook","4","external-ClockDriftMs","-0.005600000000413274"
"no-profile-hook","4","external-InputIdleMs","17.551000000000016"
"no-profile-hook","4","external-interval-launch-to-shell","23.655999999999977"
"no-profile-hook","4","external-interval-shell-to-readiness","74.5644999999999"
"no-profile-hook","4","external-interval-visible-to-readiness","80.35219999999993"
"no-profile-hook","4","external-interval-visible-to-shell","5.7876999999999725"
"no-profile-hook","4","external-MaxPollGapMs","14.221699999999828"
"no-profile-hook","4","external-ProcessCreatedMs","-0.7375000000000003"
"no-profile-hook","4","external-PromptFunctionMs","97.48299999999995"
"no-profile-hook","4","external-ShellProcessCreatedMs","22.918499999999995"
"no-profile-hook","4","external-StartReturnedMs","-2.2041999999999993"
"no-profile-hook","4","external-WindowExistsMs","1.9318999999999988"
"no-profile-hook","4","external-WindowVisibleMs","17.130800000000022"
"no-profile-hook","5","external-ClockDriftMs","-0.01970000000028449"
"no-profile-hook","5","external-InputIdleMs","31.545699999999982"
"no-profile-hook","5","external-interval-launch-to-shell","21.12039999999999"
"no-profile-hook","5","external-interval-shell-to-readiness","77.55269999999996"
"no-profile-hook","5","external-interval-visible-to-readiness","81.8821999999999"
"no-profile-hook","5","external-interval-visible-to-shell","4.329499999999996"
"no-profile-hook","5","external-MaxPollGapMs","0.7727999999998048"
"no-profile-hook","5","external-ProcessCreatedMs","-0.12639999999999985"
"no-profile-hook","5","external-PromptFunctionMs","98.54669999999999"
"no-profile-hook","5","external-ShellProcessCreatedMs","20.994"
"no-profile-hook","5","external-StartReturnedMs","-0.5177"
"no-profile-hook","5","external-WindowExistsMs","-0.08859999999999957"
"no-profile-hook","5","external-WindowVisibleMs","16.664500000000004"
"no-profile-hook","6","external-ClockDriftMs","0.011700000000473665"
"no-profile-hook","6","external-InputIdleMs","17.049900000000008"
"no-profile-hook","6","external-interval-launch-to-shell","24.524699999999996"
"no-profile-hook","6","external-interval-shell-to-readiness","-29.785600000000045"
"no-profile-hook","6","external-interval-visible-to-readiness","-24.43470000000002"
"no-profile-hook","6","external-interval-visible-to-shell","5.350899999999996"
"no-profile-hook","6","external-MaxPollGapMs","-14.312700000000177"
"no-profile-hook","6","external-ProcessCreatedMs","-1.1059999999999999"
"no-profile-hook","6","external-PromptFunctionMs","-6.366899999999987"
"no-profile-hook","6","external-ShellProcessCreatedMs","23.4187"
"no-profile-hook","6","external-StartReturnedMs","-2.8997"
"no-profile-hook","6","external-WindowExistsMs","2.317999999999998"
"no-profile-hook","6","external-WindowVisibleMs","18.067800000000005"
"no-profile-hook","7","external-ClockDriftMs","-0.007699999999658758"
"no-profile-hook","7","external-InputIdleMs","-48.443899999999985"
"no-profile-hook","7","external-interval-launch-to-shell","-55.291799999999995"
"no-profile-hook","7","external-interval-shell-to-readiness","71.86720000000003"
"no-profile-hook","7","external-interval-visible-to-readiness","81.5172"
"no-profile-hook","7","external-interval-visible-to-shell","9.650000000000006"
"no-profile-hook","7","external-MaxPollGapMs","1.8636000000000195"
"no-profile-hook","7","external-ProcessCreatedMs","-0.07440000000000002"
"no-profile-hook","7","external-PromptFunctionMs","16.500999999999976"
"no-profile-hook","7","external-ShellProcessCreatedMs","-55.36619999999999"
"no-profile-hook","7","external-StartReturnedMs","-1.7426000000000004"
"no-profile-hook","7","external-WindowExistsMs","-80.0556"
"no-profile-hook","7","external-WindowVisibleMs","-65.0162"
"no-profile-hook","8","external-ClockDriftMs","-0.0019999999999527063"
"no-profile-hook","8","external-InputIdleMs","8.344400000000007"
"no-profile-hook","8","external-interval-launch-to-shell","18.23909999999998"
"no-profile-hook","8","external-interval-shell-to-readiness","61.782100000000014"
"no-profile-hook","8","external-interval-visible-to-readiness","55.514099999999985"
"no-profile-hook","8","external-interval-visible-to-shell","-6.268000000000015"
"no-profile-hook","8","external-MaxPollGapMs","-0.9718000000002576"
"no-profile-hook","8","external-ProcessCreatedMs","-0.5425999999999997"
"no-profile-hook","8","external-PromptFunctionMs","79.47860000000003"
"no-profile-hook","8","external-ShellProcessCreatedMs","17.696499999999986"
"no-profile-hook","8","external-StartReturnedMs","-3.8121"
"no-profile-hook","8","external-WindowExistsMs","5.532899999999998"
"no-profile-hook","8","external-WindowVisibleMs","23.9645"
"no-profile-hook","9","external-ClockDriftMs","0.0061000000000603904"
"no-profile-hook","9","external-InputIdleMs","37.59549999999999"
"no-profile-hook","9","external-interval-launch-to-shell","24.681399999999996"
"no-profile-hook","9","external-interval-shell-to-readiness","60.217100000000016"
"no-profile-hook","9","external-interval-visible-to-readiness","62.71399999999994"
"no-profile-hook","9","external-interval-visible-to-shell","2.4968999999999824"
"no-profile-hook","9","external-MaxPollGapMs","15.110000000000117"
"no-profile-hook","9","external-ProcessCreatedMs","0.12139999999999995"
"no-profile-hook","9","external-PromptFunctionMs","85.0199"
"no-profile-hook","9","external-ShellProcessCreatedMs","24.80279999999999"
"no-profile-hook","9","external-StartReturnedMs","-0.3788999999999998"
"no-profile-hook","9","external-WindowExistsMs","3.6961000000000013"
"no-profile-hook","9","external-WindowVisibleMs","22.30590000000001"
"normal-hook","1","external-ClockDriftMs","-0.005099999999856664"
"normal-hook","1","external-FocusMs","38.425099999999986"
"normal-hook","1","external-InputIdleMs","22.109499999999997"
"normal-hook","1","external-interval-launch-to-shell","30.423399999999987"
"normal-hook","1","external-interval-shell-to-readiness","105.20600000000002"
"normal-hook","1","external-interval-visible-to-readiness","96.61449999999991"
"normal-hook","1","external-interval-visible-to-shell","-8.591499999999996"
"normal-hook","1","external-MaxPollGapMs","14.836199999999735"
"normal-hook","1","external-ProcessCreatedMs","-0.5897999999999999"
"normal-hook","1","external-PromptFunctionMs","135.03959999999995"
"normal-hook","1","external-ShellProcessCreatedMs","29.83359999999999"
"normal-hook","1","external-StartReturnedMs","-0.9648000000000003"
"normal-hook","1","external-WindowExistsMs","-6.433799999999998"
"normal-hook","1","external-WindowVisibleMs","38.425099999999986"
"normal-hook","10","external-ClockDriftMs","-0.0018000000000029104"
"normal-hook","10","external-InputIdleMs","36.44489999999999"
"normal-hook","10","external-interval-launch-to-shell","36.914799999999985"
"normal-hook","10","external-interval-shell-to-readiness","60.76439999999991"
"normal-hook","10","external-interval-visible-to-readiness","64.05740000000003"
"normal-hook","10","external-interval-visible-to-shell","3.2930000000000064"
"normal-hook","10","external-MaxPollGapMs","8.400300000000001"
"normal-hook","10","external-ProcessCreatedMs","0.5776999999999999"
"normal-hook","10","external-PromptFunctionMs","98.25689999999997"
"normal-hook","10","external-ShellProcessCreatedMs","37.49250000000001"
"normal-hook","10","external-StartReturnedMs","-0.18349999999999955"
"normal-hook","10","external-WindowExistsMs","2.9055999999999997"
"normal-hook","10","external-WindowVisibleMs","34.1995"
"normal-hook","11","external-ClockDriftMs","0.002800000000206637"
"normal-hook","11","external-InputIdleMs","16.898600000000016"
"normal-hook","11","external-interval-launch-to-shell","32.531000000000006"
"normal-hook","11","external-interval-shell-to-readiness","73.99170000000004"
"normal-hook","11","external-interval-visible-to-readiness","88.51800000000003"
"normal-hook","11","external-interval-visible-to-shell","14.526299999999992"
"normal-hook","11","external-MaxPollGapMs","-0.2486999999997046"
"normal-hook","11","external-ProcessCreatedMs","-1.2070999999999998"
"normal-hook","11","external-PromptFunctionMs","105.31560000000002"
"normal-hook","11","external-ShellProcessCreatedMs","31.32390000000001"
"normal-hook","11","external-StartReturnedMs","-3.6077"
"normal-hook","11","external-WindowExistsMs","-15.882600000000004"
"normal-hook","11","external-WindowVisibleMs","16.797600000000017"
"normal-hook","12","external-ClockDriftMs","0.0013000000003557943"
"normal-hook","12","external-InputIdleMs","13.343999999999994"
"normal-hook","12","external-interval-launch-to-shell","24.33910000000003"
"normal-hook","12","external-interval-shell-to-readiness","36.37110000000007"
"normal-hook","12","external-interval-visible-to-readiness","46.57820000000004"
"normal-hook","12","external-interval-visible-to-shell","10.207100000000025"
"normal-hook","12","external-MaxPollGapMs","-0.42090000000013106"
"normal-hook","12","external-ProcessCreatedMs","-0.8813000000000002"
"normal-hook","12","external-PromptFunctionMs","59.82890000000009"
"normal-hook","12","external-ShellProcessCreatedMs","23.45780000000002"
"normal-hook","12","external-StartReturnedMs","-2.6486"
"normal-hook","12","external-WindowExistsMs","12.952200000000005"
"normal-hook","12","external-WindowVisibleMs","13.250699999999995"
"normal-hook","13","external-ClockDriftMs","0.017299999999977445"
"normal-hook","13","external-InputIdleMs","40.10679999999999"
"normal-hook","13","external-interval-launch-to-shell","38.88359999999997"
"normal-hook","13","external-interval-shell-to-readiness","6.238200000000006"
"normal-hook","13","external-interval-visible-to-readiness","20.61360000000002"
"normal-hook","13","external-interval-visible-to-shell","14.375400000000013"
"normal-hook","13","external-MaxPollGapMs","-0.08709999999995688"
"normal-hook","13","external-ProcessCreatedMs","-0.6707000000000001"
"normal-hook","13","external-PromptFunctionMs","44.4511"
"normal-hook","13","external-ShellProcessCreatedMs","38.21289999999999"
"normal-hook","13","external-StartReturnedMs","-1.3089000000000004"
"normal-hook","13","external-WindowExistsMs","8.9726"
"normal-hook","13","external-WindowVisibleMs","23.837499999999977"
"normal-hook","14","external-ClockDriftMs","-0.0035999999995510734"
"normal-hook","14","external-InputIdleMs","21.83930000000001"
"normal-hook","14","external-interval-launch-to-shell","16.055499999999995"
"normal-hook","14","external-interval-shell-to-readiness","29.90829999999994"
"normal-hook","14","external-interval-visible-to-readiness","37.78309999999999"
"normal-hook","14","external-interval-visible-to-shell","7.874799999999993"
"normal-hook","14","external-MaxPollGapMs","0.047000000000025466"
"normal-hook","14","external-ProcessCreatedMs","-0.911"
"normal-hook","14","external-PromptFunctionMs","45.052799999999934"
"normal-hook","14","external-ShellProcessCreatedMs","15.144499999999994"
"normal-hook","14","external-StartReturnedMs","-2.9599999999999995"
"normal-hook","14","external-WindowExistsMs","3.8652999999999977"
"normal-hook","14","external-WindowVisibleMs","7.2697"
"normal-hook","15","external-ClockDriftMs","0.0059000000001105946"
"normal-hook","15","external-InputIdleMs","26.06650000000002"
"normal-hook","15","external-interval-launch-to-shell","20.922699999999963"
"normal-hook","15","external-interval-shell-to-readiness","72.32839999999987"
"normal-hook","15","external-interval-visible-to-readiness","81.78439999999989"
"normal-hook","15","external-interval-visible-to-shell","9.455999999999989"
"normal-hook","15","external-MaxPollGapMs","0.40380000000004657"
"normal-hook","15","external-ProcessCreatedMs","0.29180000000000006"
"normal-hook","15","external-PromptFunctionMs","93.54289999999992"
"normal-hook","15","external-ShellProcessCreatedMs","21.214499999999987"
"normal-hook","15","external-StartReturnedMs","-1.8087999999999997"
"normal-hook","15","external-WindowExistsMs","-4.641500000000004"
"normal-hook","15","external-WindowVisibleMs","11.758499999999998"
"normal-hook","2","external-ClockDriftMs","-0.00889999999981228"
"normal-hook","2","external-FocusMs","36.46599999999998"
"normal-hook","2","external-InputIdleMs","35.623099999999994"
"normal-hook","2","external-interval-launch-to-shell","34.614299999999986"
"normal-hook","2","external-interval-shell-to-readiness","29.13280000000009"
"normal-hook","2","external-interval-visible-to-readiness","27.64790000000005"
"normal-hook","2","external-interval-visible-to-shell","-1.484899999999982"
"normal-hook","2","external-MaxPollGapMs","-1.681600000000003"
"normal-hook","2","external-ProcessCreatedMs","0.3668"
"normal-hook","2","external-PromptFunctionMs","64.11390000000006"
"normal-hook","2","external-ShellProcessCreatedMs","34.9811"
"normal-hook","2","external-StartReturnedMs","-0.41190000000000015"
"normal-hook","2","external-WindowExistsMs","20.251799999999996"
"normal-hook","2","external-WindowVisibleMs","36.46599999999998"
"normal-hook","3","external-ClockDriftMs","0.008699999999862484"
"normal-hook","3","external-InputIdleMs","33.752700000000004"
"normal-hook","3","external-interval-launch-to-shell","26.0282"
"normal-hook","3","external-interval-shell-to-readiness","43.2586"
"normal-hook","3","external-interval-visible-to-readiness","50.445100000000025"
"normal-hook","3","external-interval-visible-to-shell","7.186499999999995"
"normal-hook","3","external-MaxPollGapMs","0.17590000000006967"
"normal-hook","3","external-ProcessCreatedMs","-1.4846000000000001"
"normal-hook","3","external-PromptFunctionMs","67.80219999999997"
"normal-hook","3","external-ShellProcessCreatedMs","24.543599999999998"
"normal-hook","3","external-StartReturnedMs","-4.0254"
"normal-hook","3","external-WindowExistsMs","-14.126599999999996"
"normal-hook","3","external-WindowVisibleMs","17.357100000000003"
"normal-hook","4","external-ClockDriftMs","-0.0016999999998006388"
"normal-hook","4","external-InputIdleMs","18.19149999999999"
"normal-hook","4","external-interval-launch-to-shell","17.52169999999998"
"normal-hook","4","external-interval-shell-to-readiness","40.07910000000015"
"normal-hook","4","external-interval-visible-to-readiness","27.0852000000001"
"normal-hook","4","external-interval-visible-to-shell","-12.993899999999996"
"normal-hook","4","external-MaxPollGapMs","2.2274000000001024"
"normal-hook","4","external-ProcessCreatedMs","-0.0013999999999998458"
"normal-hook","4","external-PromptFunctionMs","57.59940000000006"
"normal-hook","4","external-ShellProcessCreatedMs","17.52029999999999"
"normal-hook","4","external-StartReturnedMs","1.4812000000000003"
"normal-hook","4","external-WindowExistsMs","16.180899999999998"
"normal-hook","4","external-WindowVisibleMs","30.514199999999988"
"normal-hook","5","external-ClockDriftMs","-0.01389999999992142"
"normal-hook","5","external-InputIdleMs","-28.71969999999999"
"normal-hook","5","external-interval-launch-to-shell","-26.072599999999994"
"normal-hook","5","external-interval-shell-to-readiness","-49.35050000000001"
"normal-hook","5","external-interval-visible-to-readiness","-76.8768"
"normal-hook","5","external-interval-visible-to-shell","-27.526299999999992"
"normal-hook","5","external-MaxPollGapMs","-1.5903999999999883"
"normal-hook","5","external-ProcessCreatedMs","0.32899999999999996"
"normal-hook","5","external-PromptFunctionMs","-75.09410000000003"
"normal-hook","5","external-ShellProcessCreatedMs","-25.743599999999986"
"normal-hook","5","external-StartReturnedMs","-0.24160000000000004"
"normal-hook","5","external-WindowExistsMs","1.289900000000003"
"normal-hook","5","external-WindowVisibleMs","1.7827000000000055"
"normal-hook","6","external-ClockDriftMs","0.011199999999917054"
"normal-hook","6","external-InputIdleMs","32.867399999999975"
"normal-hook","6","external-interval-launch-to-shell","22.51219999999998"
"normal-hook","6","external-interval-shell-to-readiness","69.96360000000004"
"normal-hook","6","external-interval-visible-to-readiness","58.48210000000006"
"normal-hook","6","external-interval-visible-to-shell","-11.481499999999997"
"normal-hook","6","external-MaxPollGapMs","0.12559999999996307"
"normal-hook","6","external-ProcessCreatedMs","-1.0057"
"normal-hook","6","external-PromptFunctionMs","91.4701"
"normal-hook","6","external-ShellProcessCreatedMs","21.50649999999999"
"normal-hook","6","external-StartReturnedMs","-4.521000000000001"
"normal-hook","6","external-WindowExistsMs","-16.2875"
"normal-hook","6","external-WindowVisibleMs","32.987999999999985"
"normal-hook","7","external-ClockDriftMs","-0.0031000000003587047"
"normal-hook","7","external-InputIdleMs","24.010500000000008"
"normal-hook","7","external-interval-launch-to-shell","23.206199999999995"
"normal-hook","7","external-interval-shell-to-readiness","57.07129999999995"
"normal-hook","7","external-interval-visible-to-readiness","69.67669999999998"
"normal-hook","7","external-interval-visible-to-shell","12.605400000000003"
"normal-hook","7","external-MaxPollGapMs","-2.201400000000376"
"normal-hook","7","external-ProcessCreatedMs","0.7468000000000001"
"normal-hook","7","external-PromptFunctionMs","81.02430000000004"
"normal-hook","7","external-ShellProcessCreatedMs","23.953000000000003"
"normal-hook","7","external-StartReturnedMs","2.343"
"normal-hook","7","external-WindowExistsMs","-5.867399999999996"
"normal-hook","7","external-WindowVisibleMs","11.3476"
"normal-hook","8","external-ClockDriftMs","0.0019999999999527063"
"normal-hook","8","external-InputIdleMs","20.033000000000015"
"normal-hook","8","external-interval-launch-to-shell","22.522100000000023"
"normal-hook","8","external-interval-shell-to-readiness","54.26400000000001"
"normal-hook","8","external-interval-visible-to-readiness","55.782100000000014"
"normal-hook","8","external-interval-visible-to-shell","1.518100000000004"
"normal-hook","8","external-MaxPollGapMs","0.4115000000000464"
"normal-hook","8","external-ProcessCreatedMs","-0.8889999999999998"
"normal-hook","8","external-PromptFunctionMs","75.89710000000002"
"normal-hook","8","external-ShellProcessCreatedMs","21.633100000000013"
"normal-hook","8","external-StartReturnedMs","-2.7618"
"normal-hook","8","external-WindowExistsMs","3.5555999999999983"
"normal-hook","8","external-WindowVisibleMs","20.11500000000001"
"normal-hook","9","external-ClockDriftMs","-0.005199999999604188"
"normal-hook","9","external-InputIdleMs","26.823199999999986"
"normal-hook","9","external-interval-launch-to-shell","23.758100000000013"
"normal-hook","9","external-interval-shell-to-readiness","43.363099999999804"
"normal-hook","9","external-interval-visible-to-readiness","66.35539999999992"
"normal-hook","9","external-interval-visible-to-shell","22.9923"
"normal-hook","9","external-MaxPollGapMs","-1.2916999999999206"
"normal-hook","9","external-ProcessCreatedMs","-0.8632000000000002"
"normal-hook","9","external-PromptFunctionMs","66.25799999999992"
"normal-hook","9","external-ShellProcessCreatedMs","22.894900000000007"
"normal-hook","9","external-StartReturnedMs","-3.6917999999999997"
"normal-hook","9","external-WindowExistsMs","-0.3412000000000006"
"normal-hook","9","external-WindowVisibleMs","-0.09739999999999327"
