"App","Scenario","Run","Cache","cost-adapter-info","cost-adapter-request","cost-adapter-request-call","cost-adapter-request-poll","cost-application-default-state","cost-application-state-and-paths","cost-atlas-texture-create","cost-atlas-view-sampler-bind-group","cost-buffer-create-upload","cost-cli-parse","cost-config-read-parse","cost-device-request","cost-device-request-call","cost-device-request-poll","cost-event-loop-create","cost-fallback-candidate-collection","cost-fallback-candidate-ordering","cost-fallback-candidate-sort","cost-first-present","cost-font-cache-setup","cost-font-configured-family-query","cost-font-database-create","cost-font-family-preparation","cost-font-family-resolution","cost-font-metrics","cost-font-primary-monospace-validation","cost-frame-texture-view","cost-glyph-atlas","cost-glyph-bind-group-layout","cost-glyph-pipeline","cost-gpu-backend-policy","cost-gpu-initialize","cost-initial-grid-resize","cost-initial-projection","cost-initial-ui-and-pane-layout","cost-instance-buffer-allocation","cost-instance-buffer-writes","cost-instance-generation","cost-pre-present-notify","cost-queue-submit","cost-rectangle-pipeline","cost-render-encoding","cost-shader-and-layout","cost-shader-module-create","cost-surface-acquire","cost-surface-capabilities-and-config","cost-surface-configure","cost-surface-create","cost-system-font-discovery","cost-wgpu-instance","cost-window-create-and-branding","cost-workspace-model-and-runtimes","external-ClockDriftMs","external-FocusMs","external-InputIdleMs","external-interval-launch-to-shell","external-interval-shell-to-readiness","external-interval-visible-to-readiness","external-interval-visible-to-shell","external-MaxPollGapMs","external-ProcessCreatedMs","external-PromptFunctionMs","external-ShellProcessCreatedMs","external-StartReturnedMs","external-WindowExistsMs","external-WindowVisibleMs","interval-child-spawn","interval-font","interval-font-surface-proxy","interval-font-through-renderer","interval-glyph-fill","interval-glyphs-to-pty","interval-gpu","interval-init-to-wakeup-proxy","interval-present-to-show","interval-pty-create","interval-pty-setup-proxy","interval-renderer-proxy","interval-renderer-to-present","interval-renderer-to-show","interval-spawn-to-bytes","interval-spawn-to-prompt","interval-spawn-to-text","interval-text-to-render","interval-window-context-proxy","interval-window-through-glyphs","stage-adapter-selected","stage-application-started","stage-child-spawn-requested","stage-child-spawned","stage-config-loaded","stage-conpty-api","stage-device-queue-ready","stage-environment-build-begin","stage-environment-build-end","stage-first-frame-presented","stage-first-output-processed","stage-first-pty-bytes","stage-first-pty-wakeup-proxy","stage-first-redraw-request","stage-first-redraw-requested","stage-first-shell-output-rendered","stage-first-shell-text-processed","stage-fonts-ready","stage-fonts-started","stage-glyph-fill-done","stage-glyph-fill-start","stage-gpu-ready","stage-gpu-started","stage-initial-grid-ready","stage-initial-size-sent","stage-initialisation-complete","stage-loading-font","stage-prompt-ready","stage-pty-backend-created","stage-pty-config-ready","stage-pty-create-begin","stage-pty-created","stage-pty-dimensions","stage-pty-spawn-complete","stage-pty-spawned","stage-pty-started","stage-pty-worker-ready","stage-renderer-entered","stage-renderer-ready","stage-renderer-selected","stage-scale-factor","stage-session-config-ready","stage-session-preparation-begin","stage-shell-integration-begin","stage-shell-integration-end","stage-shell-ready","stage-terminal-state-created","stage-welcome","stage-wgl-selected","stage-window-created","stage-window-shown","stage-workspace-restore-begin","stage-workspace-restore-end"
"terminal","normal-hook","1","warm/repeated-fresh-process; unchanged/uncontrolled caches","0.001","34.387","34.348","0.006","0.153","0.185","1.489","0.201","0.31","0.73","0.314","27.673","27.632","0.002","5.376","0.008","1.093","1.064","0.448","0.004","0.01","0","27.895","0.026","0.086","0","0.011","1.729","0.045","5.337","0.01","69.594","0.125","0.027","0.006","0.109","0.163","0.002","0","0.41","4.965","0.904","0.507","0.436","0.047","0.008","4.566","0.033","26.702","6.94","16.146","0.017","-0.033999999999650754","172.0304","217.6097","218.4389","641.8793000000001","690.7219","48.842600000000004","31.709199999999782","2.4341","862.7523","220.873","6.9239","35.2352","172.0304","117.00200000000004","28.013",,"102.35300000000001",,,"69.613",,"24.91300000000001","8.383999999999986",,,"15.249999999999986","40.163","15.95799999999997","553.6800000000001","575.1610000000001","8.826000000000022",,,"93.654","0.337","175.48","292.482","7.778",,"121.693","175.141","175.467","141.677","308.675","308.44",,,"126.749","876.469","867.643","52.087","24.074",,,"121.712","52.099","126.573","175.127",,,"846.162","166.682","166.693","166.715","175.099",,"292.605","292.509","166.638","292.591",,"126.427",,,"166.702","166.668","807.486","815.391","846.204","6.889",,,"24.06","166.59","7.277","7.354"
"alacritty","normal-hook","1","warm/repeated-fresh-process; unchanged/uncontrolled caches",,,,,,,,,,,,,,,,,,,,,,,,,,,,,,,,,,,,,,,,,,,,,,,,,,,,,"-0.02889999999979409","133.6053","195.5002","188.0155","536.6733","594.1074000000001","57.4341","16.873000000000047","3.0239","727.7127","191.0394","7.8887","41.669","133.6053",,,"2.6898000000000053",,"13.980100000000007","38.375699999999995",,"13.460799999999978",,,"58.18190000000001","6.038199999999989",,,,,,,"57.562200000000004","80.2703",,,,,,"135.0738",,,,,,,"205.3062","192.4413",,,,,,"95.2878","81.3077",,,,,"191.8454","72.5797",,,,,,"133.6635",,,,,"75.26950000000001",,"75.6376","15.0175",,,,,,,"0.0070999999999999995","64.25150000000001",,,,
"terminal","cmd","1","warm/repeated-fresh-process; unchanged/uncontrolled caches","0","32.773","32.74","0.006","0.15","0.183","1.262","0.188","0.266","0.669","0.24","24.333","24.295","0.003","3.895","0.009","1.071","1.044","0.27","0.003","0.008","0","28.933","0.024","0.057","0","0.011","1.494","0.037","5.7","0.009","63.712","0.131","0.029","0.01","0.123","0.113","0.002","0","0.429","4.801","0.67","0.424","0.368","0.042","0.008","4.728","0.026","27.778","6.034","13.713","0.012","-0.008399999999710417","163.2623","193.7754","180.4984","126.2398","145.25719999999998","19.01739999999998","31.174499999999995","1.7813","308.5195","182.2797","7.0472","38.4107","163.2623","6.715000000000003","29.023000000000003",,"97.625",,,"63.729000000000006",,"24.288999999999987","8.03400000000002",,,"15.036000000000001","39.32499999999999","12.132999999999981",,"34.22","22.629999999999995",,,"89.087","0.427","166.59","173.305","7.209",,"113.793","166.247","166.576","133.71","185.607","185.438",,,"119.338","230.155","207.525","50.072","21.049",,,"113.811","50.082","118.827","166.234",,,,"158.12","158.138","158.171","166.205",,"173.426","173.335","158.065","173.41",,"118.674",,,"158.152","158.099",,,,"5.421",,,"21.035","157.999","5.727","5.798"
"alacritty","cmd","1","warm/repeated-fresh-process; unchanged/uncontrolled caches",,,,,,,,,,,,,,,,,,,,,,,,,,,,,,,,,,,,,,,,,,,,,,,,,,,,,"-0.012799999999970169","137.2595","197.2777","170.21949999999998","154.12699999999998","189.10449999999997","34.97749999999999","32.480999999999995","2.0175","326.364","172.237","7.332","42.2278","137.2595",,,"2.4087999999999994",,"14.690299999999993","46.412300000000016",,"15.319999999999993",,,"14.574700000000007","6.037399999999991",,,,,,,"54.98590000000001","78.1224",,,,,,"143.1489",,,,,,,"171.7083","157.3509",,,,,,"95.40129999999999","80.711",,,,,"156.38830000000002","72.26480000000001",,,,,,"141.8136",,,,,"74.67360000000001",,"75.1451","17.2789",,,,,,,"0.007500000000000001","64.2988",,,,
"terminal","no-profile-hook","1","warm/repeated-fresh-process; unchanged/uncontrolled caches","0.001","36.036","35.998","0.006","0.151","0.186","1.291","0.17","0.195","0.746","0.363","25.093","25.053","0.003","6.146","0.007","1.081","1.049","0.297","0.003","0.01","0","29.479","0.026","0.064","0","0.008","1.514","0.039","4.872","0.009","67.449","0.094","0.028","0.005","0.078","0.095","0.002","0","0.306","5.723","0.495","0.39","0.33","0.04","0.009","4.728","0.026","28.313","5.707","14.591","0.019","-0.02889999999979409","159.1222","219.3619","213.5938","519.6622","576.4318","56.7696","29.688199999999995","2.298","735.554","215.8918","6.8913","35.3593","159.1222","113.19800000000001","29.570999999999998",,"101.931",,,"67.46600000000001",,"26.199000000000012","8.236999999999995",,,"14.248999999999995","40.44800000000001","11.187999999999988","431.74800000000005","444.51800000000003","10.041999999999916",,,"94.664","0.33","174.302","287.5","8.411",,"120.175","173.935","174.286","139.326","298.865","298.688",,,"125.255","742.06","732.018","52.717","23.146",,,"120.194","52.728","125.19","173.921",,,"719.248","165.622","165.633","165.655","173.892",,"287.624","287.531","165.578","287.61",,"125.077",,,"165.642","165.609","669.078","683.893","719.291","7.661",,,"23.133","165.525","8.107","8.185"
"alacritty","no-profile-hook","1","warm/repeated-fresh-process; unchanged/uncontrolled caches",,,,,,,,,,,,,,,,,,,,,,,,,,,,,,,,,,,,,,,,,,,,,,,,,,,,,"-0.027299999999740976","135.5031","210.2129","194.9849","456.1808","517.4028999999999","61.22210000000001","32.019800000000004","1.7403","652.906","196.7252","7.6125","40.2721","135.5031",,,"2.327299999999994",,"12.763199999999983","35.53520000000003",,"15.20490000000001",,,"54.82509999999996","5.904200000000017",,,,,,,"68.51429999999999","89.50899999999999",,,,,,"142.6154",,,,,,,"211.0222","196.3704",,,,,,"105.457","92.69380000000001",,,,,"195.8173","84.4623",,,,,,"140.99220000000003",,,,,"86.7896",,"87.1196","15.948",,,,,,,"0.0063","67.8108",,,,
"alacritty","cmd","2","warm/repeated-fresh-process; unchanged/uncontrolled caches",,,,,,,,,,,,,,,,,,,,,,,,,,,,,,,,,,,,,,,,,,,,,,,,,,,,,"-0.004399999999805004","146.2347","207.7371","178.65879999999999","160.99439999999998","195.80839999999998","34.81399999999999","31.36110000000002","2.3899","342.0431","181.0487","7.3185","37.8117","146.2347",,,"2.471500000000006",,"13.569299999999998","41.8801",,"18.185600000000022",,,"14.428599999999989","5.740300000000005",,,,,,,"69.6841","91.46520000000001",,,,,,"153.98760000000001",,,,,,,"185.2196","169.1622",,,,,,"110.7253","97.156",,,,,"167.034","88.9442",,,,,,"152.6054",,,,,"91.4157",,"91.7755","19.260099999999998",,,,,,,"0.0086","80.8672",,,,
"terminal","cmd","2","warm/repeated-fresh-process; unchanged/uncontrolled caches","0.001","34.018","33.981","0.006","0.146","0.182","1.411","0.201","0.205","0.688","0.247","24.865","24.824","0.003","3.916","0.008","1.069","1.043","0.649","0.003","0.008","0","27.487","0.025","0.076","0","0.011","1.653","0.055","5.399","0.009","65.244","0.133","0.03","0.007","0.095","0.088","0.003","0","0.542","5.168","0.535","0.601","0.515","0.055","0.009","4.952","0.026","26.335","5.751","17.18","0.012","-0.009799999999813735","152.5558","198.1248","183.8665","132.04129999999998","165.1417","33.10040000000001","32.337800000000016","1.7897","317.6975","185.6562","5.7429","40.7753","152.5558","7.209000000000003","27.591",,"97.96700000000001",,,"65.262",,"26.896000000000015","7.138000000000005",,,"15.46499999999999","42.361000000000004","11.867000000000019",,"36.01000000000002","21.61699999999999",,,"91.124","0.327","171.516","178.725","6.265",,"116.403","171.2","171.503","136.993","190.839","190.592",,,"121.907","236.352","214.735","51.152","23.561",,,"116.424","51.162","121.684","171.188",,,,"163.989","164.001","164.024","171.162",,"178.828","178.749","163.948","178.814",,"121.528",,,"164.011","163.975",,,,"5.398",,,"23.548","163.889","5.717","5.787"
"alacritty","no-profile-hook","2","warm/repeated-fresh-process; unchanged/uncontrolled caches",,,,,,,,,,,,,,,,,,,,,,,,,,,,,,,,,,,,,,,,,,,,,,,,,,,,,"-0.03279999999995198","185.6812","260.4987","254.4378","519.2349999999999","590.2913","71.05630000000002","32.16370000000006","2.2997","775.9725","256.7375","6.5979","42.1018","185.6812",,,"9.5103",,"18.76849999999999","47.05260000000001",,"16.865199999999987",,,"54.84280000000001","11.042199999999994",,,,,,,"94.4275","133.74849999999998",,,,,,"199.4435",,,,,,,"269.7788","253.5157",,,,,,"151.01819999999998","132.2497",,,,,"252.9136","111.6972",,,,,,"198.0708",,,,,"121.2075",,"121.679","17.2697",,,,,,,"0.0053","101.8579",,,,
"terminal","no-profile-hook","2","warm/repeated-fresh-process; unchanged/uncontrolled caches","0.001","36.222","36.176","0.008","0.218","0.253","2.579","0.324","0.496","0.775","0.419","25.945","25.911","0.002","8.069","0.014","1.181","1.146","0.322","0.004","0.012","0","29.763","0.029","0.087","0","0.019","2.972","0.039","6.864","0.011","70.309","0.088","0.026","0.005","0.208","0.235","0.005","0","0.466","5.267","0.916","0.386","0.325","0.044","0.008","5.58","0.036","28.487","7.475","15.307","0.016","-0.019699999999829743","188.4597","247.7564","242.64100000000002","585.8348000000001","642.5406","56.70580000000001","31.006900000000087","2.5245","831.0003","245.1655","7.1973","64.0459","188.4597","120.77600000000001","29.883000000000003",,"105.94999999999999",,,"70.327",,"32.172","7.7830000000000155",,,"18.205000000000013","50.37700000000001","16.69999999999999","490.44199999999995","511.785","10.738999999999919",,,"100.079","0.567","190.923","311.699","10.789",,"126.452","190.533","190.908","150.405","328.585","328.399",,,"132.369","834.223","823.484","56.133","26.25",,,"126.471","56.144","132.307","190.518",,,"802.141","182.674","182.685","182.707","190.49",,"311.805","311.724","182.633","311.792",,"132.2",,,"182.694","182.661","735.267","758.934","802.174","9.958",,,"26.236","182.577","10.475","10.558"
"alacritty","normal-hook","2","warm/repeated-fresh-process; unchanged/uncontrolled caches",,,,,,,,,,,,,,,,,,,,,,,,,,,,,,,,,,,,,,,,,,,,,,,,,,,,,"-0.02570000000014261","137.7572","197.579","195.8483","577.3611","637.7185","60.357399999999984","32.131","2.2663","775.4757","198.1146","8.1859","44.2263","137.7572",,,"2.904900000000012",,"13.548100000000005","36.329899999999995",,"13.732200000000006",,,"54.7911","6.0364999999999895",,,,,,,"64.4511","86.9406",,,,,,"141.2835",,,,,,,"208.3494","195.213",,,,,,"103.4962","89.9481",,,,,"194.6172","81.0067",,,,,,"139.8261",,,,,"83.9116",,"84.3184","16.555600000000002",,,,,,,"0.0063","72.2151",,,,
"terminal","normal-hook","2","warm/repeated-fresh-process; unchanged/uncontrolled caches","0.001","33.144","33.104","0.006","0.213","0.277","1.199","0.164","0.166","1.143","0.437","26.267","26.229","0.003","5.897","0.014","1.265","1.228","0.324","0.005","0.012","0","32.429","0.031","0.166","0","0.008","1.397","0.043","5.011","0.011","67.637","0.093","0.023","0.005","0.069","0.077","0.002","0","0.501","4.969","0.477","0.375","0.308","0.043","0.009","4.538","0.033","31.063","7.566","20.969","0.025","-0.03459999999995489","174.2232","233.2021","230.46259999999998","606.4939","665.3664","58.8725","30.449399999999997","2.6331","839.5896","233.0957","7.774","64.4781","174.2232","114.63400000000001","32.627",,"104.96599999999998",,,"67.65499999999999",,"27.231000000000023","7.713999999999999",,,"13.685000000000002","40.916000000000025","11.15300000000002","517.322","532.674","11.47199999999998",,,"105.132","0.502","185.659","300.293","10.435",,"131.825","185.319","185.646","150.2","311.683","311.446",,,"136.687","844.439","832.967","64.176","31.549",,,"131.843","64.188","136.627","185.305",,,"817.615","177.532","177.544","177.566","185.28",,"300.429","300.325","177.481","300.415",,"136.515",,,"177.554","177.519","780.759","788.509","817.66","8.25",,,"31.535","177.431","8.83","8.968"
"terminal","no-profile-hook","3","warm/repeated-fresh-process; unchanged/uncontrolled caches","0.001","35.837","35.801","0.006","0.176","0.212","1.866","0.356","0.652","1.246","0.321","26.469","26.427","0.002","7.16","0.008","1.109","1.083","0.349","0.003","0.009","0.001","29.746","0.026","0.061","0","0.016","2.292","0.04","5.153","0.009","69.28","0.065","0.024","0.005","0.431","0.177","0.003","0","0.408","4.677","0.715","0.373","0.314","0.046","0.008","4.997","0.027","28.549","6.391","16.073","0.015","-0.02580000000034488","180.8557","227.1406","231.9628","572.5186","625.2218","52.70319999999998","32.33179999999993","1.5961","806.0775","233.5589","9.0464","56.3104","180.8557","121.90899999999999","29.839",,"104.281",,,"69.297",,"31.57000000000002","7.88900000000001",,,"15.079999999999984","46.650000000000006","12.845000000000027","476.28200000000004","485.91100000000006","10.719999999999914",,,"99.361","0.611","186.563","308.472","10.828",,"126.212","186.088","186.546","146.444","321.503","321.317",,,"131.512","805.103","794.383","56.922","27.083",,,"126.23","56.933","131.449","186.072",,,"784.754","178.12","178.131","178.153","186.042",,"308.598","308.496","178.069","308.584",,"131.364",,,"178.14","178.107","727.338","745.797","784.79","9.597",,,"27.066","178.014","9.99","10.065"
"alacritty","no-profile-hook","3","warm/repeated-fresh-process; unchanged/uncontrolled caches",,,,,,,,,,,,,,,,,,,,,,,,,,,,,,,,,,,,,,,,,,,,,,,,,,,,,"-0.02080000000023574",,"169.6219","171.26649999999998","491.985","541.636","49.65099999999998","31.559500000000014","1.8872","665.1387","173.1537","3.9565","28.5956","123.5027",,,"2.2102000000000004",,"12.835799999999992","24.679100000000005",,"11.650200000000012",,,"80.16999999999999","5.337900000000005",,,,,,,"63.6054","83.9893",,,,,,"125.19449999999999",,,,,,,"215.7355","204.518",,,,,,"99.2362","86.4004",,,,,"204.0853","78.8523",,,,,,"123.9153",,,,,"81.0625",,"81.4005","15.2469",,,,,,,"0.0047","62.62950000000001",,,,
"terminal","normal-hook","3","warm/repeated-fresh-process; unchanged/uncontrolled caches","0","33.22","33.181","0.006","0.143","0.175","1.237","0.189","0.252","0.729","0.28","24.21","24.176","0.002","3.814","0.008","1.104","1.077","0.434","0.003","0.009","0","27.86","0.026","0.064","0","0.01","1.462","0.032","5.326","0.009","63.814","0.102","0.03","0.006","0.07","0.15","0.002","0","0.344","5.72","0.575","0.348","0.297","0.038","0.007","4.286","0.026","26.673","5.825","14.854","0.013","-0.02570000000014261","173.2279","218.0266","212.8504","615.0921999999999","672.029","56.936800000000005","31.514200000000073","1.1762","829.1188","214.0266","3.3141","45.9213","157.0898","109.53800000000001","27.952",,"96.205",,,"63.831",,"23.329000000000008","8.757000000000005",,,"14.963000000000008","38.292000000000016","13.382000000000005","533.464","544.914","10.779999999999973",,,"97.735","0.342","174.265","283.803","15.564",,"122.311","173.952","174.251","141.703","297.347","297.185",,,"126.95","839.497","828.717","58.487","30.535",,,"122.328","58.497","126.863","173.937",,,"817.267","165.12","165.131","165.153","173.91",,"283.915","283.832","165.075","283.902",,"126.74",,,"165.14","165.106","771.678","781.026","817.298","5.308",,,"30.522","165.032","5.656","5.725"
"alacritty","normal-hook","3","warm/repeated-fresh-process; unchanged/uncontrolled caches",,,,,,,,,,,,,,,,,,,,,,,,,,,,,,,,,,,,,,,,,,,,,,,,,,,,,"-0.03440000000000509",,"184.2739","186.8222","571.8335999999999","621.5839","49.75030000000001","31.338300000000004","2.6608","761.3166","189.483","7.3395","60.0479","139.7327",,,"2.3331000000000017",,"13.453199999999995","21.769800000000018",,"10.635199999999998",,,"78.32039999999998","5.391199999999998",,,,,,,"73.7094","94.8869",,,,,,"133.2053",,,,,,,"220.8233","210.6284",,,,,,"110.0979","96.6447",,,,,"210.1881","88.9204",,,,,,"131.8677",,,,,"91.2535",,"91.6081","15.211",,,,,,,"0.0052","72.00439999999999",,,,
"terminal","cmd","3","warm/repeated-fresh-process; unchanged/uncontrolled caches","0","30.836","30.798","0.006","0.135","0.168","1.259","0.184","0.414","0.796","0.22","24.334","24.292","0.002","3.572","0.008","1.096","1.069","0.284","0.003","0.01","0","26.483","0.026","0.054","0","0.007","1.498","0.033","5.933","0.009","60.999","0.105","0.037","0.004","0.152","0.209","0.002","0","0.419","4.428","0.601","0.409","0.35","0.037","0.008","4.729","0.026","25.303","5.264","12.804","0.011","-0.004500000000007276","162.1555","176.4929","164.4873","154.65990000000002","175.31690000000003","20.65700000000001","31.20980000000003","1.2132","320.3604","165.7005","3.2971","36.1914","145.0435","7.013000000000005","26.564999999999998",,"92.443",,,"61.015",,"18.89699999999999","8.84299999999999",,,"14.427999999999997","33.32499999999999","22.16300000000001",,"34.39599999999999","23.37100000000001",,,"81.732","0.341","153.981","160.994","5.957",,"106.433","153.642","153.967","125.731","183.326","183.157",,,"111.47","218.761","195.39","45.425","18.86",,,"106.45","45.435","111.429","153.629",,,,"144.723","144.734","144.758","153.601",,"161.107","161.021","144.687","161.093",,"111.303",,,"144.744","144.71",,,,"5.108",,,"18.847","144.628","5.393","5.461"
"alacritty","cmd","3","warm/repeated-fresh-process; unchanged/uncontrolled caches",,,,,,,,,,,,,,,,,,,,,,,,,,,,,,,,,,,,,,,,,,,,,,,,,,,,,"-0.006600000000162254",,"242.4617","217.2211","157.73389999999998","241.10139999999998","83.3675","32.192800000000034","1.5186","376.4736","218.7397","3.8303","54.7715","135.3722",,,"4.614000000000004",,"19.448999999999998","80.53079999999999",,"13.231400000000008",,,"24.437600000000003","6.850700000000003",,,,,,,"63.641999999999996","94.5557",,,,,,"193.67999999999998",,,,,,,"229.9179","217.8468",,,,,,"111.7181","92.26910000000001",,,,,"216.6865","80.8044",,,,,,"192.2489",,,,,"85.4184",,"85.9448","17.1624",,,,,,,"0.005699999999999999","70.5527",,,,
"alacritty","normal-hook","4","warm/repeated-fresh-process; unchanged/uncontrolled caches",,,,,,,,,,,,,,,,,,,,,,,,,,,,,,,,,,,,,,,,,,,,,,,,,,,,,"-0.024100000000089494",,"196.1434","190.96630000000002","562.0201","618.6453","56.62520000000001","28.893599999999992","1.7061","754.6925","192.6724","4.0808","26.2651","136.0472",,,"2.5737999999999914",,"15.7928","31.4199",,"13.221599999999995",,,"78.20930000000001","6.675300000000007",,,,,,,"66.3989","91.4408",,,,,,"140.3148",,,,,,,"229.5627","216.8423",,,,,,"106.7119","90.9191",,,,,"216.3411","81.67",,,,,,"138.1318",,,,,"84.2438",,"84.6794","15.271099999999999",,,,,,,"0.0059","64.0782",,,,
"terminal","normal-hook","4","warm/repeated-fresh-process; unchanged/uncontrolled caches","0.001","34.053","34.019","0.006","0.14","0.171","1.568","0.318","0.582","0.748","0.294","23.458","23.422","0.002","4.553","0.006","1.211","1.182","0.334","0.004","0.013","0","25.866","0.03","0.131","0","0.017","1.94","0.041","6.065","0.011","63.686","0.13","0.081","0.005","0.257","0.268","0.005","0","0.581","5.49","0.642","0.469","0.405","0.066","0.008","4.818","0.025","24.548","5.574","13.534","0.013","-0.025799999999890133","183.5931","214.3349","208.488","602.0992000000001","645.7305000000001","43.63130000000001","31.121000000000095","1.7047","812.2919","210.1927","5.562","42.446","166.5614","112.36699999999999","26.028",,"94.69500000000001",,,"63.704",,"19.62899999999999","9.075000000000017",,,"16.796000000000006","36.425","9.920999999999992","514.583","522.78","9.43100000000004",,,"95.869","9.965","170.744","283.111","16.308",,"119.698","170.366","170.728","141.461","293.199","293.032",,,"124.875","815.322","805.891","55.998","29.97",,,"119.714","56.01","124.819","170.351",,,"797.694","161.196","161.207","161.23","170.305",,"283.226","283.138","161.149","283.212",,"124.665",,,"161.217","161.182","757.036","765.259","797.724","15.669",,,"29.957","161.09","16.035","16.105"
"alacritty","cmd","4","warm/repeated-fresh-process; unchanged/uncontrolled caches",,,,,,,,,,,,,,,,,,,,,,,,,,,,,,,,,,,,,,,,,,,,,,,,,,,,,"-0.005400000000008731",,"185.0803","160.54440000000002","168.39649999999997","191.96099999999998","23.56450000000001","31.80460000000005","2.1991","331.14","162.7435","5.5754","46.641","139.179",,,"2.78840000000001",,"13.187899999999999","21.261799999999994",,"13.48060000000001",,,"22.9448","6.522900000000007",,,,,,,"64.64359999999999","87.14280000000001",,,,,,"128.86030000000002",,,,,,,"163.604","150.8736",,,,,,"105.91680000000001","92.72890000000001",,,,,"150.1234","83.4176",,,,,,"127.1786",,,,,"86.206",,"86.7035","18.773999999999997",,,,,,,"0.0054","76.1567",,,,
"terminal","cmd","4","warm/repeated-fresh-process; unchanged/uncontrolled caches","0","31.156","31.114","0.007","0.146","0.178","1.269","0.208","0.301","0.684","0.25","26.76","26.721","0.004","3.906","0.009","1.279","1.243","0.307","0.004","0.011","0","27.053","0.031","0.104","0","0.011","1.525","0.039","6.575","0.012","64.42","0.063","0.03","0.005","0.133","0.134","0.003","0","0.375","5.07","0.603","0.379","0.318","0.042","0.009","5.069","0.026","25.673","5.876","13.433","0.013","-0.004900000000361615","168.4439","198.4671","173.206","126.95070000000001","148.7217","21.770999999999987","31.599500000000035","1.2835","301.4402","174.4895","3.4611","43.2907","152.7185","6.352000000000004","27.188000000000002",,"96.862",,,"64.43900000000001",,"19.716000000000008","8.607",,,"15.587999999999994","35.304","11.74199999999999",,"32.764999999999986","21.653999999999996",,,"85.351","0.338","162.145","168.497","7.35",,"112.521","161.836","162.132","133.343","180.404","180.239",,,"117.915","222.916","201.262","48.081","20.893",,,"112.54","48.101","117.839","161.824",,,,"153.157","153.168","153.19","161.797",,"168.608","168.523","153.119","168.593",,"117.755",,,"153.177","153.144",,,,"5.347",,,"20.881","153.059","5.663","5.733"
"alacritty","no-profile-hook","4","warm/repeated-fresh-process; unchanged/uncontrolled caches",,,,,,,,,,,,,,,,,,,,,,,,,,,,,,,,,,,,,,,,,,,,,,,,,,,,,"-0.021899999999732245",,"198.2001","192.9071","502.3697","560.1623000000001","57.79260000000002","16.89709999999991","2.1497","697.4265","195.0568","7.8538","43.7613","137.2642",,,"2.494500000000002",,"12.203699999999998","24.05150000000002",,"15.829700000000003",,,"82.87329999999997","5.834000000000003",,,,,,,"67.00919999999999","87.5414",,,,,,"130.8477",,,,,,,"228.2001","213.3658",,,,,,"105.4456","93.2419",,,,,"212.3704","84.9134",,,,,,"129.49710000000002",,,,,"87.4079",,"87.74","17.9042",,,,,,,"0.0053","67.801",,,,
"terminal","no-profile-hook","4","warm/repeated-fresh-process; unchanged/uncontrolled caches","0.001","31.119","31.081","0.006","0.16","0.194","1.507","0.216","0.195","0.734","0.324","25.653","25.615","0.003","4.252","0.009","1.082","1.055","0.346","0.003","0.009","0","31.169","0.026","0.061","0","0.01","1.768","0.035","6.694","0.009","62.957","0.103","0.026","0.005","0.081","0.092","0.003","0","0.704","5.584","0.735","0.364","0.307","0.039","0.008","4.417","0.026","29.984","5.624","14.208","0.014","-0.02750000000014552","186.6659","215.7511","216.5631","576.9341999999999","640.5145","63.580299999999994","31.118799999999737","1.4122","794.9095","217.9753","5.6496","45.6932","154.395","115.35","31.256999999999998",,"98.803",,,"62.974999999999994",,"27.391999999999996","9.217000000000013",,,"16.878","44.269999999999996","14.574000000000012","491.06100000000004","512.475","14.009999999999991",,,"90.064","0.33","174.847","290.197","7.531",,"116.083","174.382","174.827","137.541","305.079","304.771",,,"120.836","816.682","802.672","53.117","21.86",,,"116.103","53.128","120.787","174.368",,,"781.258","165.049","165.063","165.125","174.342",,"290.34","290.228","164.998","290.32",,"120.663",,,"165.107","165.033","721.861","740.505","781.297","5.752",,,"21.847","164.933","6.145","6.216"
"terminal","cmd","5","warm/repeated-fresh-process; unchanged/uncontrolled caches","0.002","34.93","34.894","0.006","0.155","0.187","1.694","0.228","0.182","0.681","0.268","30.949","30.888","0.005","4.184","0.009","1.304","1.273","0.345","0.004","0.012","0.001","29.004","0.028","0.103","0","0.013","1.99","0.045","7.216","0.011","73.068","0.156","0.034","0.007","0.079","0.081","0.003","0","0.492","5.471","0.568","0.466","0.398","0.053","0.024","6.348","0.033","27.597","6.548","16.817","0.016","-0.007499999999708962","189.9454","220.6743","198.7851","136.689","163.1902","26.50120000000001","29.473600000000033","1.215","336.6891","200.0001","5.1396","34.8287","173.4989","7.845999999999975","29.138",,"108.796",,,"73.09",,"28.601","8.028999999999996",,,"17.381","45.982","13.485000000000014",,"27.716000000000008","22.652000000000015",,,"94.235","0.33","186.687","194.533","6.426",,"125.585","186.355","186.674","149.55","208.538","208.018",,,"132.414","244.901","222.249","52.511","23.373",,,"125.615","52.525","132.347","186.341",,,,"178.245","178.256","178.279","186.308",,"194.672","194.568","178.208","194.652",,"132.169",,,"178.265","178.231",,,,"5.662",,,"23.36","178.151","6.117","6.197"
"alacritty","cmd","5","warm/repeated-fresh-process; unchanged/uncontrolled caches",,,,,,,,,,,,,,,,,,,,,,,,,,,,,,,,,,,,,,,,,,,,,,,,,,,,,"-0.005200000000058935",,"187.9903","159.3514","173.6288","194.4788","20.849999999999994","31.745100000000093","1.8875","334.8677","161.2389","4.154","32.7742","140.3889",,,"2.593599999999995",,"19.066100000000006","27.609100000000012",,"14.790099999999995",,,"23.595799999999997","6.280999999999992",,,,,,,"66.4118","94.35249999999999",,,,,,"137.574",,,,,,,"174.5129","160.3781",,,,,,"108.5179","89.45179999999999",,,,,"159.7228","80.5772",,,,,,"136.127",,,,,"83.1708",,"83.506","14.1654",,,,,,,"0.005","63.104800000000004",,,,
"terminal","no-profile-hook","5","warm/repeated-fresh-process; unchanged/uncontrolled caches","0","34.285","34.242","0.006","0.139","0.171","1.231","0.18","0.252","0.728","0.288","26.807","26.764","0.003","4.459","0.01","1.243","1.206","0.265","0.005","0.01","0","27.724","0.029","0.096","0","0.01","1.45","0.037","6.305","0.01","70.84","0.145","0.027","0.006","0.091","0.127","0.002","0","0.342","5.417","0.529","0.379","0.319","0.042","0.008","5.201","0.032","26.376","9.094","16.195","0.013","-0.04930000000013024","203.5541","233.7618","221.4348","571.4010999999999","636.6561999999999","65.2551","31.978599999999986","1.2209","794.0568","222.6557","3.4065","31.3869","157.4006","119.03300000000002","27.857000000000003",,"104.07300000000001",,,"70.85900000000001",,"32.60300000000001","8.188999999999993",,,"15.490999999999985","48.093999999999994","11.17999999999995","479.818","503.514","13.238999999999919",,,"94.364","0.309","183.937","302.97","6.572",,"121.594","183.44","183.921","142.45","314.434","314.15",,,"127.206","819.723","806.484","50.743","22.886",,,"121.614","50.755","127.129","183.422",,,"782.788","175.158","175.169","175.191","183.38",,"303.089","302.998","175.113","303.074",,"126.959",,,"175.178","175.144","732.762","749.312","782.86","5.971",,,"22.873","175.053","6.325","6.396"
"alacritty","no-profile-hook","5","warm/repeated-fresh-process; unchanged/uncontrolled caches",,,,,,,,,,,,,,,,,,,,,,,,,,,,,,,,,,,,,,,,,,,,,,,,,,,,,"-0.02959999999984575",,"202.2161","200.3144","493.84839999999997","554.774","60.9256","31.20580000000018","1.3473","695.5101","201.6617","3.9242","31.4755","140.7361",,,"2.987099999999998",,"14.7213","32.482299999999995",,"12.867999999999995",,,"82.81960000000001","7.8226999999999975",,,,,,,"69.6892","95.2203",,,,,,"147.2734",,,,,,,"241.5607","229.192",,,,,,"113.3908","98.6695",,,,,"228.6927","87.8597",,,,,,"145.8731",,,,,"90.8468",,"91.22080000000001","18.1705",,,,,,,"0.005699999999999999","69.8241",,,,
"terminal","normal-hook","5","warm/repeated-fresh-process; unchanged/uncontrolled caches","0.001","34.49","34.454","0.006","0.15","0.273","1.128","0.163","0.176","0.726","0.401","24.79","24.748","0.003","4.51","0.01","1.224","1.194","0.362","0.003","0.01","0","28.653","0.029","0.068","0","0.007","1.327","0.049","4.945","0.01","65.5","0.111","0.047","0.004","0.062","0.08","0.002","0","0.374","4.627","0.403","0.376","0.306","0.04","0.009","4.373","0.027","27.336","5.646","14.326","0.016","-0.03569999999990614","185.4978","216.0047","210.4946","616.9913","660.0469","43.0556","30.247000000000014","1.9249","829.4108","212.4195","5.1756","44.7485","169.3639","115.73799999999997","28.752",,"98.8",,,"65.51899999999999",,"19.343999999999994","8.011000000000024",,,"13.079000000000008","32.423","10.759000000000015","529.644","547.4390000000001","10.263999999999896",,,"100.417","10.129","171.042","286.78","16.863",,"125.569","170.718","171.028","143.185","297.749","297.539",,,"130.282","844.483","834.219","60.058","31.306",,,"125.588","60.069","130.237","170.706",,,"816.424","162.637","162.648","162.67","170.681",,"286.902","286.81","162.593","286.888",,"130.106",,,"162.657","162.624","778.081","786.56","816.453","15.884",,,"31.293","162.529","16.372","16.445"
"alacritty","normal-hook","5","warm/repeated-fresh-process; unchanged/uncontrolled caches",,,,,,,,,,,,,,,,,,,,,,,,,,,,,,,,,,,,,,,,,,,,,,,,,,,,,"-0.02179999999998472",,"244.7244","236.56719999999999","666.3418","736.9237","70.58189999999999","31.837400000000002","1.5959","904.5049","238.1631","5.4172","43.4586","167.5812",,,"3.5283999999999907",,"20.13069999999999","47.84440000000001",,"11.607699999999994",,,"75.5969","6.824300000000008",,,,,,,"72.5333","103.01669999999999",,,,,,"178.8328",,,,,,,"264.3834","253.2935",,,,,,"129.3344","109.2037",,,,,"252.7757","98.851",,,,,,"177.1788",,,,,"102.37939999999999",,"102.8055","26.3177",,,,,,,"0.0053","89.765",,,,
"alacritty","no-profile-hook","6","warm/repeated-fresh-process; unchanged/uncontrolled caches",,,,,,,,,,,,,,,,,,,,,,,,,,,,,,,,,,,,,,,,,,,,,,,,,,,,,"-0.03110000000015134",,"188.4623","187.07840000000002","553.1331","600.3982","47.26510000000002","31.387500000000045","2.2796","742.4911","189.358","7.9653","35.1272","142.0929",,,"3.215199999999996",,"17.694900000000004","24.108500000000006",,"10.926999999999992",,,"79.07220000000001","6.327299999999994",,,,,,,"68.47160000000001","95.709",,,,,,"134.8355",,,,,,,"223.4652","213.0109",,,,,,"109.3575","91.6626",,,,,"212.53820000000002","82.12010000000001",,,,,,"133.466",,,,,"85.3353",,"85.7485","13.648499999999999",,,,,,,"0.0048","74.4696",,,,
"terminal","no-profile-hook","6","warm/repeated-fresh-process; unchanged/uncontrolled caches","0.001","32.943","32.902","0.007","0.142","0.172","2.122","0.289","0.536","0.752","0.309","25.143","25.107","0.002","3.678","0.008","1.078","1.051","0.557","0.003","0.01","0","28.211","0.026","0.065","0","0.015","2.477","0.039","5.122","0.01","65.17","0.13","0.029","0.006","0.21","0.285","0.003","0","0.769","5.287","0.53","0.427","0.366","0.045","0.007","4.483","0.026","27.043","6.455","13.98","0.014","-0.019399999999677675","176.0844","205.5122","211.6031","523.3475","575.9635","52.616000000000014","17.07479999999987","1.1736","736.1242","212.7767","5.0656","37.4452","160.1607","118.61600000000001","28.302999999999997",,"98.114",,,"65.18700000000001",,"23.103999999999985","9.04600000000002",,,"16.24600000000001","39.349999999999994","10.538999999999987","435.19300000000004","453.09999999999997","10.365999999999985",,,"87.897","0.381","167.218","285.834","5.897",,"113.472","166.778","167.189","134.348","296.541","296.373",,,"118.315","749.3","738.934","48.291","19.988",,,"113.489","48.302","118.254","166.743",,,"721.027","157.562","157.574","157.628","166.674",,"285.95","285.862","157.515","285.936",,"118.102",,,"157.61","157.548","668.542","685.039","721.068","5.231",,,"19.975","157.452","5.608","5.684"
"alacritty","normal-hook","6","warm/repeated-fresh-process; unchanged/uncontrolled caches",,,,,,,,,,,,,,,,,,,,,,,,,,,,,,,,,,,,,,,,,,,,,,,,,,,,,"-0.034799999999904685",,"169.1254","171.4095","564.5571","615.4403","50.8832","31.35080000000005","2.2286","738.1952","173.6381","7.6535","44.9754","122.7549",,,"2.3438999999999908",,"13.645999999999987","17.7997",,"11.272599999999983",,,"88.76800000000001","5.9410000000000025",,,,,,,"56.469600000000014","78.4005",,,,,,"112.52510000000001",,,,,,,"211.1119","200.2663",,,,,,"93.27159999999999","79.6256",,,,,"199.8393","71.34070000000001",,,,,,"111.0713",,,,,"73.6846",,"74.0315","14.8711",,,,,,,"0.0053","63.5577",,,,
"terminal","normal-hook","6","warm/repeated-fresh-process; unchanged/uncontrolled caches","0.001","31.982","31.947","0.005","0.149","0.183","2.149","0.283","0.51","0.697","0.305","25.339","25.303","0.002","4.007","0.007","1.187","1.162","0.298","0.003","0.008","0","25.704","0.025","0.076","0","0.013","2.512","0.038","5.219","0.013","64.42","0.128","0.084","0.008","0.221","0.238","0.003","0","0.339","5.086","0.518","0.381","0.312","0.05","0.008","4.762","0.034","24.435","6.527","13.198","0.014","-0.02359999999998763","172.5596","201.9928","193.9217","634.5207","673.9224","39.401700000000005","31.476400000000012","1.2229","829.6653","195.1446","3.1325","28.6879","155.7429","111.10500000000002","25.809000000000005",,"95.155",,,"64.439",,"19.229000000000013","8.599999999999994",,,"15.711999999999989","34.941","11.601999999999975","547.506","557.8199999999999","8.298000000000002",,,"85.071","0.329","159.745","270.85","7.211",,"110.774","159.395","159.73","131.398","282.607","282.452",,,"116.142","836.968","828.67","46.34","20.531",,,"110.791","46.352","115.837","159.382",,,"818.356","150.722","150.734","150.755","159.355",,"270.972","270.876","150.679","270.959",,"115.686",,,"150.743","150.709","778.765","787.379","818.398","5.461",,,"20.518","150.627","5.84","5.924"
"alacritty","cmd","6","warm/repeated-fresh-process; unchanged/uncontrolled caches",,,,,,,,,,,,,,,,,,,,,,,,,,,,,,,,,,,,,,,,,,,,,,,,,,,,,"-0.007499999999708962",,"170.813","148.5905","154.5258","165.13569999999999","10.609899999999982","17.16190000000006","1.2918","304.4081","149.8823","3.4813","30.231","139.2724",,,"2.321799999999996",,"13.452499999999986","20.37660000000001",,"11.557199999999995",,,"22.922300000000007","5.7139000000000095",,,,,,,"69.989","91.4772",,,,,,"126.804",,,,,,,"159.8358","149.07309999999998",,,,,,"104.9797","91.52720000000001",,,,,"148.2786","83.4915",,,,,,"125.3563",,,,,"85.8133",,"86.1464","13.502500000000001",,,,,,,"0.0053","67.1305",,,,
"terminal","cmd","6","warm/repeated-fresh-process; unchanged/uncontrolled caches","0","34.757","34.72","0.006","0.147","0.18","1.357","0.19","0.204","0.644","0.223","23.996","23.955","0.002","3.823","0.009","1.075","1.048","0.331","0.003","0.008","0","25.96","0.024","0.064","0","0.015","1.589","0.04","5.334","0.009","66.248","0.089","0.031","0.006","0.092","0.089","0.002","0","0.457","5.174","0.481","0.501","0.436","0.039","0.007","4.227","0.026","24.803","6.942","13.83","0.011","-0.010600000000067666","180.3803","196.0105","176.8659","133.52529999999996","148.45219999999998","14.926900000000018","31.387100000000004","1.2749","311.6661","178.1408","3.3956","38.6558","163.2139","8.240000000000009","26.053",,"96.684",,,"66.26400000000001",,"18.435000000000002","7.607999999999976",,,"14.565999999999988","33.00099999999999","14.323999999999984",,"23.83699999999999","21.115999999999985",,,"96.537","9.107","166.471","174.711","14.638",,"120.892","166.085","166.455","139.831","189.216","189.035",,,"125.453","219.664","198.548","54.634","28.581",,,"120.909","54.645","125.376","166.069",,,,"158.371","158.382","158.407","166.015",,"174.847","174.741","158.333","174.829",,"125.265",,,"158.392","158.357",,,,"13.976",,,"28.569","158.266","14.263","14.332"
"terminal","normal-hook","7","warm/repeated-fresh-process; unchanged/uncontrolled caches","0.001","35.768","35.726","0.006","0.233","0.304","1.174","0.177","0.183","0.848","0.47","27.291","27.255","0.002","5.45","0.012","1.111","1.077","0.269","0.004","0.01","0","28.631","0.029","0.109","0","0.01","1.39","0.046","5.94","0.009","71.236","0.108","0.023","0.005","0.075","0.085","0.003","0","0.311","5.145","0.477","0.375","0.31","0.038","0.007","4.381","0.032","27.426","7.557","14.126","0.025","-0.023700000000189902","192.7272","223.0437","216.9007","612.4743","668.1677","55.6934","29.827999999999975","2.072","831.447","218.9727","6.3132","38.5681","163.2793","110.197","28.767",,"104.556",,,"71.25299999999999",,"25.012","7.869999999999976",,,"14.548999999999992","39.56099999999999","12.216999999999985","526.888","536.978","14.68500000000006",,,"94.922","0.368","175.216","285.413","8.363",,"122.626","174.795","175.2","141.719","297.842","297.63",,,"127.36","837.076","822.391","51.381","22.614",,,"122.645","51.392","127.298","174.776",,,"812.301","166.833","166.844","166.866","174.736",,"285.557","285.441","166.79","285.543",,"127.17",,,"166.853","166.82","772.106","780.902","812.334","7.336",,,"22.6","166.731","7.948","8.086"
"alacritty","normal-hook","7","warm/repeated-fresh-process; unchanged/uncontrolled caches",,,,,,,,,,,,,,,,,,,,,,,,,,,,,,,,,,,,,,,,,,,,,,,,,,,,,"-0.020599999999831198",,"199.0332","193.6945","555.403","598.491","43.087999999999994","32.02940000000035","1.3252","750.4227","195.0197","3.9702","44.4355","151.9317",,,"2.511899999999997",,"13.786800000000014","29.060199999999995",,"10.261499999999984",,,"73.0831","5.871300000000005",,,,,,,"73.9771","96.14710000000001",,,,,,"142.0892",,,,,,,"224.0965","214.2621",,,,,,"111.69170000000001","97.9049",,,,,"213.835","89.5217",,,,,,"140.7519",,,,,"92.03359999999999",,"92.3865","15.5446",,,,,,,"0.0051","73.046",,,,
"terminal","cmd","7","warm/repeated-fresh-process; unchanged/uncontrolled caches","0","31.746","31.713","0.005","0.161","0.195","1.229","0.162","0.264","0.593","0.233","25.563","25.52","0.003","3.637","0.01","1.207","1.178","0.303","0.004","0.01","0","25.381","0.026","0.073","0","0.009","1.43","0.038","5.561","0.009","63.242","0.112","0.026","0.006","0.089","0.14","0.002","0","0.333","5.183","0.566","0.388","0.331","0.042","0.009","5.171","0.026","24.088","5.374","14.409","0.024","-0.0079000000000633","162.145","192.7324","169.1436","146.144","170.4279","24.28389999999999","17.8098","1.5539","316.8415","170.6975","4.6722","37.5003","146.4136","8.65100000000001","25.483",,"94.074",,,"63.26",,"20.543000000000006","8.382000000000005",,,"14.50200000000001","35.045000000000016","11.274000000000001",,"28.506","22.184999999999974",,,"82.836","0.327","158.179","166.83","5.509",,"108.766","157.708","158.158","128.608","178.387","178.104",,,"114.296","217.521","195.336","45.515","20.032",,,"108.785","45.525","114.241","157.695",,,,"149.249","149.26","149.283","157.665",,"166.934","166.856","149.212","166.92",,"114.106",,,"149.27","149.236",,,,"4.969",,,"20.02","149.151","5.261","5.34"
"alacritty","cmd","7","warm/repeated-fresh-process; unchanged/uncontrolled caches",,,,,,,,,,,,,,,,,,,,,,,,,,,,,,,,,,,,,,,,,,,,,,,,,,,,,"-0.0039000000001578883",,"164.6557","133.93210000000002","159.84639999999996","177.08829999999998","17.241900000000015","31.080799999999954","1.2275","295.006","135.1596","4.4189","25.0747","117.9177",,,"2.777000000000001",,"13.520800000000023","18.09039999999999",,"10.626299999999986",,,"24.893000000000015","6.174199999999985",,,,,,,"55.9528","78.4248",,,,,,"111.0961",,,,,,,"145.3793","135.42180000000002",,,,,,"91.76960000000001","78.24879999999999",,,,,"134.75300000000001","69.2976",,,,,,"109.86",,,,,"72.0746",,"72.49419999999999","13.344800000000001",,,,,,,"0.0056","62.556700000000006",,,,
"terminal","no-profile-hook","7","warm/repeated-fresh-process; unchanged/uncontrolled caches","0.001","33.338","33.302","0.006","0.147","0.181","1.302","0.178","0.339","0.717","0.279","23.658","23.623","0.002","3.533","0.006","1.075","1.05","0.25","0.003","0.01","0","26.422","0.026","0.056","0","0.009","1.522","0.034","5.586","0.009","63.109","0.078","0.025","0.005","0.097","0.131","0.002","0","0.419","4.797","0.504","0.359","0.304","0.036","0.007","3.934","0.029","25.263","5.555","15.674","0.013","-0.02959999999984575","171.4073","216.7068","210.8475","549.3386","608.3268","58.988200000000006","32.83960000000002","1.1586","761.3447","212.0061","3.205","43.709","153.0179","115.321","26.506",,"93.702",,,"63.126000000000005",,"23.976","8.320999999999998",,,"14.204999999999998","38.181","15.154999999999973","463.50300000000004","476.95799999999997","12.995999999999981",,,"96.07","0.391","171.342","286.663","14.637",,"120.088","170.855","171.322","138.37","302.115","301.818",,,"124.319","776.617","763.621","56.969","30.463",,,"120.105","56.979","124.262","170.837",,,"750.166","162.448","162.459","162.481","170.802",,"286.779","286.69","162.409","286.765",,"124.165",,,"162.468","162.434","693.907","709.738","750.194","5.06",,,"30.45","162.346","5.406","5.477"
"alacritty","no-profile-hook","7","warm/repeated-fresh-process; unchanged/uncontrolled caches",,,,,,,,,,,,,,,,,,,,,,,,,,,,,,,,,,,,,,,,,,,,,,,,,,,,,"-0.021900000000186992",,"265.1507","266.1393","477.4714","526.8096","49.3382","30.976","1.233","744.8437","267.3723","4.9476","123.7646","218.0341",,,"2.4969999999999857",,"14.501300000000015","18.779199999999975",,"9.838000000000022",,,"79.38140000000004","6.203800000000001",,,,,,,"60.5412","83.7433",,,,,,"211.0059",,,,,,,"298.86600000000004","289.4957",,,,,,"190.8674","176.3661",,,,,"289.028","167.6653",,,,,,"209.64659999999998",,,,,"170.1623",,"170.5682","107.1241",,,,,,,"0.0048","160.4394",,,,
"alacritty","cmd","8","warm/repeated-fresh-process; unchanged/uncontrolled caches",,,,,,,,,,,,,,,,,,,,,,,,,,,,,,,,,,,,,,,,,,,,,,,,,,,,,"-0.005500000000211003",,"168.6363","141.4294","164.4258","183.5956","19.169799999999995","31.963700000000017","1.1595","307.0147","142.5889","3.0193","30.8502","123.4191",,,"2.701999999999998",,"13.037499999999994","21.556600000000003",,"10.310699999999969",,,"26.721000000000018","6.284999999999997",,,,,,,"59.96500000000001","81.98949999999999",,,,,,"120.4866",,,,,,,"155.7873","145.965",,,,,,"97.199","84.1615",,,,,"145.47660000000002","75.17450000000001",,,,,,"118.7556",,,,,"77.87650000000001",,"78.2648","15.2095",,,,,,,"0.0054","66.60130000000001",,,,
"terminal","cmd","8","warm/repeated-fresh-process; unchanged/uncontrolled caches","0.001","41.14","41.098","0.007","0.142","0.176","1.287","0.173","0.189","0.644","0.227","25.728","25.691","0.002","3.724","0.01","1.255","1.224","0.352","0.004","0.012","0","31.279","0.032","0.179","0","0.01","1.498","0.049","5.994","0.015","74.076","0.127","0.028","0.005","0.076","0.09","0.003","0","0.319","5.458","0.533","0.39","0.317","0.045","0.008","4.877","0.032","29.927","6.56","13.266","0.012","-0.003899999999703141","196.9648","212.8428","197.656","142.3487","160.90750000000003","18.55880000000002","20.5867","1.9547","341.9594","199.6107","4.6315","41.4803","181.0519","9.155000000000001","31.5",,"110.65100000000001",,,"74.095",,"22.525999999999982","9.711999999999989",,,"15.266999999999996","37.79299999999998","12.104000000000013",,"35.62100000000001","21.657999999999987",,,"107.366","0.318","186.671","195.826","14.537",,"133.506","186.265","186.656","153.835","208.141","207.93",,,"138.798","253.105","231.447","59.417","27.917",,,"133.525","59.43","138.718","186.248",,,,"176.467","176.478","176.5","186.212",,"195.933","195.853","176.429","195.919",,"138.568",,,"176.487","176.454",,,,"5.1",,,"27.904","176.361","5.393","5.461"
"alacritty","no-profile-hook","8","warm/repeated-fresh-process; unchanged/uncontrolled caches",,,,,,,,,,,,,,,,,,,,,,,,,,,,,,,,,,,,,,,,,,,,,,,,,,,,,"-0.022699999999986176",,"188.2209","182.5367","483.8496","542.0838","58.2342","32.26290000000017","2.3949","668.7812","184.9316","7.8801","34.8022","126.6974",,,"3.0383000000000067",,"13.225600000000014","22.53269999999999",,"12.250999999999976",,,"90.84150000000002","6.0312999999999874",,,,,,,"56.2833","78.5785",,,,,,"117.6",,,,,,,"219.3423","208.1985",,,,,,"93.7171","80.49149999999999",,,,,"207.09130000000002","71.4219",,,,,,"116.2498",,,,,"74.4602",,"74.86800000000001","15.1386",,,,,,,"0.0052","62.56720000000001",,,,
"terminal","no-profile-hook","8","warm/repeated-fresh-process; unchanged/uncontrolled caches","0.001","33.108","33.075","0.006","0.125","0.153","1.431","0.194","0.245","0.7","0.26","25.531","25.493","0.003","3.372","0.007","1.132","1.104","0.291","0.004","0.009","0","28.186","0.025","0.095","0","0.009","1.671","0.037","6.076","0.01","64.915","0.087","0.031","0.006","0.108","0.109","0.003","0","0.369","5.098","0.509","0.364","0.305","0.042","0.008","4.601","0.026","26.967","5.613","14.165","0.012","-0.024699999999938882","167.0395","196.5653","200.77579999999998","545.6317","597.5979","51.966199999999986","31.291099999999915","1.8523","748.2598","202.6281","4.068","40.3351","150.6619","109.87100000000001","28.309",,"98.00099999999999",,,"64.93299999999999",,"23.479000000000013","8.768",,,"15.137","38.616000000000014","10.781000000000006","460.523","482.336","12.228999999999928",,,"86.822","0.298","165.638","275.509","5.309",,"112.809","165.162","165.62","132.713","286.45","286.29",,,"117.799","770.074","757.845","47.884","19.575",,,"112.828","47.895","117.687","165.147",,,"736.032","156.304","156.316","156.349","165.117",,"275.62","275.534","156.258","275.605",,"117.576",,,"156.325","156.29","684.883","700.011","736.068","4.74",,,"19.562","156.192","5.072","5.142"
"alacritty","normal-hook","8","warm/repeated-fresh-process; unchanged/uncontrolled caches",,,,,,,,,,,,,,,,,,,,,,,,,,,,,,,,,,,,,,,,,,,,,,,,,,,,,"-0.029399999999895954",,"193.9706","189.1105","569.3326","614.1406999999999","44.808099999999996","31.42859999999996","2.5761","761.0192","191.6866","7.5401","40.8339","146.8785",,,"2.4495000000000005",,"18.131199999999993","18.05919999999999",,"12.396500000000032",,,"81.3458","6.1015000000000015",,,,,,,"68.9691","95.65129999999999",,,,,,"131.55169999999998",,,,,,,"224.0278","212.0807",,,,,,"112.2263","94.0951",,,,,"211.63129999999998","85.5441",,,,,,"130.28549999999998",,,,,"87.9936",,"88.30789999999999","16.575",,,,,,,"0.008","68.7164",,,,
"terminal","normal-hook","8","warm/repeated-fresh-process; unchanged/uncontrolled caches","0.001","33.357","33.321","0.005","0.141","0.173","1.274","0.188","0.177","0.825","0.358","24.177","24.143","0.002","3.951","0.008","1.119","1.091","0.317","0.004","0.012","0","26.819","0.028","0.078","0","0.009","1.502","0.04","5.989","0.01","64.696","0.17","0.037","0.006","0.077","0.079","0.002","0","0.347","5.516","0.492","0.458","0.369","0.054","0.008","4.602","0.033","25.602","6.592","13.968","0.019","-0.027399999999943248","183.0303","214.0036","211.63260000000002","623.5966","669.9227999999999","46.3262","31.840100000000007","1.6871","836.9163","213.3197","4.7783","44.3895","166.9935","113.084","26.926000000000002",,"96.382",,,"64.712",,"23.5","7.966000000000008",,,"15.364999999999995","38.864999999999995","17.505999999999972","536.18","549.7379999999999","9.504000000000019",,,"87.566","0.371","164.305","277.389","6.383",,"112.104","163.876","164.284","132.219","295.073","294.895",,,"117.098","836.631","827.127","47.398","20.472",,,"112.12","47.408","117.045","163.857",,,"813.569","155.814","155.824","155.846","163.812",,"277.502","277.414","155.77","277.49",,"116.854",,,"155.834","155.8","773.256","782.333","813.595","5.575",,,"20.46","155.719","6.027","6.117"
"terminal","no-profile-hook","9","warm/repeated-fresh-process; unchanged/uncontrolled caches","0.001","33.603","33.565","0.006","0.144","0.178","1.403","0.224","0.283","0.711","0.293","25.096","25.056","0.003","3.858","0.01","1.282","1.248","0.259","0.004","0.013","0","29.334","0.032","0.112","0","0.011","1.676","0.036","5.863","0.013","68.433","0.095","0.023","0.004","0.122","0.127","0.002","0","0.388","5.474","0.567","0.366","0.308","0.042","0.008","4.171","0.031","27.949","9.037","14.941","0.014","-0.02070000000003347","185.2545","231.4502","221.4602","537.5444","591.4531999999999","53.908799999999985","33.16620000000012","1.8546","760.8592","223.3148","5.7942","59.0862","169.406","109.644","29.477000000000004",,"102.257",,,"68.45200000000001",,"23.423999999999978","7.670000000000016",,,"15.326999999999998","38.750999999999976","12.000999999999976","451.48299999999995","461.881","11.498000000000047",,,"103.44","0.364","180.308","289.952","15.948",,"128.948","179.906","180.292","148.609","302.154","301.953",,,"133.451","763.331","751.833","60.502","31.025",,,"128.967","60.515","133.399","179.893",,,"741.435","172.155","172.168","172.195","179.865",,"290.079","289.983","172.101","290.065",,"133.282",,,"172.18","172.139","689.637","704.248","741.483","5.367",,,"31.012","172.033","5.731","5.822"
"alacritty","no-profile-hook","9","warm/repeated-fresh-process; unchanged/uncontrolled caches",,,,,,,,,,,,,,,,,,,,,,,,,,,,,,,,,,,,,,,,,,,,,,,,,,,,,"-0.02680000000009386",,"193.8547","196.7788","477.3273","528.7392","51.4119","18.0562","1.7332","675.8393","198.512","6.1731","55.3901","147.1001",,,"2.438900000000004",,"13.727599999999995","23.912000000000006",,"11.584699999999998",,,"81.67589999999998","6.089500000000001",,,,,,,"60.12599999999999","82.38199999999999",,,,,,"123.4856",,,,,,,"215.38219999999998","204.2781",,,,,,"98.2096","84.482",,,,,"203.79749999999999","75.9536",,,,,,"122.1216",,,,,"78.3925",,"78.7726","15.8276",,,,,,,"0.0052","67.8823",,,,
"terminal","normal-hook","9","warm/repeated-fresh-process; unchanged/uncontrolled caches","0.001","31.03","30.996","0.005","0.13","0.162","1.345","0.178","0.306","0.738","0.28","22.287","22.251","0.003","4.037","0.007","1.071","1.046","0.312","0.003","0.009","0","25.525","0.026","0.059","0","0.01","1.577","0.043","5.652","0.009","59.657","0.12","0.04","0.009","0.095","0.177","0.003","0","0.383","5.272","0.581","0.429","0.361","0.055","0.009","4.149","0.027","24.37","5.769","14.914","0.011","-0.02719999999999345","181.8083","209.6598","208.4753","610.7747999999999","669.6838","58.90899999999999","31.985200000000077","1.1522","820.4023","209.6275","3.5228","41.3962","150.7185","112.97800000000001","25.614",,"89.592",,,"59.675000000000004",,"23.970000000000027","6.853000000000009",,,"15.658999999999992","39.62900000000002","12.807999999999993","527.8870000000001","541.295","9.518000000000029",,,"93.509","0.369","167.503","280.481","15.859",,"116.169","167.119","167.484","136.14","293.443","293.289",,,"121.26","831.294","821.776","56.503","30.889",,,"116.188","56.513","120.625","167.106",,,"808.368","160.194","160.205","160.226","167.079",,"280.596","280.509","160.154","280.583",,"120.481",,,"160.214","160.181","769.383","778.585","808.396","5.565",,,"30.876","160.11","5.97","6.031"
"alacritty","normal-hook","9","warm/repeated-fresh-process; unchanged/uncontrolled caches",,,,,,,,,,,,,,,,,,,,,,,,,,,,,,,,,,,,,,,,,,,,,,,,,,,,,"-0.022000000000389264",,"182.8366","184.7172","567.4117000000001","603.3284000000001","35.91669999999999","33.2769","2.0154","754.1443","186.7326","7.2146","41.7374","150.8159",,,"2.71459999999999",,"17.331699999999998","22.816699999999997",,"12.193000000000012",,,"84.14689999999999","6.412900000000008",,,,,,,"64.3092","90.7684",,,,,,"128.2059",,,,,,,"223.1208","211.4763",,,,,,"103.9642","86.63250000000001",,,,,"210.9278","77.50500000000001",,,,,,"126.7809",,,,,"80.2196",,"80.6789","13.1958",,,,,,,"0.005699999999999999","69.6513",,,,
"terminal","cmd","9","warm/repeated-fresh-process; unchanged/uncontrolled caches","0.001","31.813","31.776","0.006","0.132","0.16","1.247","0.194","0.163","0.638","0.193","24.912","24.877","0.002","3.2","0.008","1.06","1.033","0.33","0.003","0.008","0","27.22","0.025","0.056","0","0.008","1.474","0.032","5.559","0.008","63.038","0.104","0.026","0.004","0.067","0.074","0.002","0","0.35","5.241","0.514","0.357","0.306","0.036","0.007","4.013","0.025","26.076","5.758","14.437","0.01","-0.01139999999986685","169.4105","200.6431","177.8629","135.6587","161.07270000000003","25.414000000000016","31.380800000000008","1.1117","314.6333","178.9746","3.5626","43.3167","153.5606","8.445000000000022","27.305000000000003",,"94.509",,,"63.055",,"21.289999999999992","7.2520000000000095",,,"14.424000000000007","35.714","14.251999999999981",,"28.480999999999995","21.486999999999995",,,"84.701","0.319","157.628","166.073","5.079",,"109.974","157.264","157.612","128.554","180.517","180.325",,,"114.302","216.041","194.554","46.926","19.621",,,"109.991","46.936","114.256","157.251",,,,"149.937","149.948","149.971","157.223",,"166.209","166.103","149.901","166.184",,"114.13",,,"149.958","149.924",,,,"4.539",,,"19.609","149.844","4.788","4.846"
"alacritty","cmd","9","warm/repeated-fresh-process; unchanged/uncontrolled caches",,,,,,,,,,,,,,,,,,,,,,,,,,,,,,,,,,,,,,,,,,,,,,,,,,,,,"-0.0037000000002080924",,"181.9547","147.5233","176.15099999999998","192.11669999999998","15.965699999999998","32.18549999999982","1.9637","325.638","149.487","5.8519","41.9763","133.5213",,,"2.6555999999999926",,"11.632100000000008","19.933599999999984",,"13.150999999999982",,,"26.26170000000002","5.657200000000003",,,,,,,"60.763200000000005","80.70810000000002",,,,,,"116.9193",,,,,,,"154.8329","142.7857",,,,,,"95.48660000000001","83.8545",,,,,"141.6819","75.5417",,,,,,"115.4202",,,,,"78.1973",,"78.6106","14.7785",,,,,,,"0.0059","66.9868",,,,
"alacritty","normal-hook","10","warm/repeated-fresh-process; unchanged/uncontrolled caches",,,,,,,,,,,,,,,,,,,,,,,,,,,,,,,,,,,,,,,,,,,,,,,,,,,,,"-0.02320000000008804",,"180.1746","172.6509","543.864","597.6917","53.82769999999999","22.3977","1.308","717.8229","173.9589","4.2973","27.1916","120.1312",,,"2.5615999999999985",,"12.324100000000001","20.405200000000008",,"17.394499999999994",,,"83.51979999999999","6.166899999999998",,,,,,,"58.2734","79.326",,,,,,"115.56710000000001",,,,,,,"215.242","198.30180000000001",,,,,,"93.9225","81.5984",,,,,"197.8475","72.8699",,,,,,"114.32770000000001",,,,,"75.4315",,"75.82719999999999","14.5965",,,,,,,"0.0048","64.86319999999999",,,,
"terminal","normal-hook","10","warm/repeated-fresh-process; unchanged/uncontrolled caches","0.002","33.299","33.259","0.007","0.132","0.161","1.444","0.276","0.26","0.885","0.283","27.688","27.65","0.003","4.27","0.011","1.344","1.291","0.308","0.013","0.009","0","26.49","0.04","0.188","0","0.015","1.762","0.041","6.007","0.017","70.121","0.105","0.028","0.006","0.126","0.109","0.003","0","0.357","5.687","0.633","0.404","0.337","0.045","0.01","4.507","0.034","25.023","8.359","14.6","0.013","-0.02500000000009095","168.9098","216.6195","209.5657","604.6283999999999","661.7491","57.1207","30.798000000000002","1.8857","816.0798","211.4514","4.1138","30.0972","154.3307","108.87099999999998","26.724000000000004",,"101.626",,,"70.22399999999999",,"23.78400000000002","8.673000000000002",,,"15.898999999999987","39.68300000000001","13.00200000000001","522.499","540.2349999999999","9.225000000000023",,,"91.239","0.327","173.103","281.974","7.745",,"119.339","172.642","173.081","139.998","295.236","294.976",,,"124.28","831.434","822.209","49.197","22.473",,,"119.439","49.215","124.226","172.625",,,"804.473","163.889","163.9","163.921","172.594",,"282.172","282.004","163.845","282.157",,"124.099",,,"163.909","163.875","764.055","772.311","804.504","5.882",,,"22.46","163.782","6.232","6.295"
"alacritty","cmd","10","warm/repeated-fresh-process; unchanged/uncontrolled caches",,,,,,,,,,,,,,,,,,,,,,,,,,,,,,,,,,,,,,,,,,,,,,,,,,,,,"-0.005100000000311411",,"169.2941","146.14839999999998","149.95730000000003","158.89660000000003","8.939300000000003","24.931800000000003","2.4721","298.5778","148.6205","6.7117","32.2652","139.6812",,,"2.391599999999997",,"12.458700000000007","20.878399999999985",,"10.375699999999966",,,"17.132200000000026","5.650800000000004",,,,,,,"63.1391","83.64020000000001",,,,,,"122.5213",,,,,,,"148.5861","138.6915",,,,,,"100.19980000000001","87.7411",,,,,"138.21040000000002","79.6987",,,,,,"121.0782",,,,,"82.0903",,"82.4463","16.5596",,,,,,,"0.0056","71.8403",,,,
"terminal","cmd","10","warm/repeated-fresh-process; unchanged/uncontrolled caches","0","30.779","30.738","0.006","0.143","0.172","1.601","0.219","0.273","0.659","0.202","24.314","24.282","0.002","3.758","0.008","1.267","1.231","0.286","0.005","0.012","0","26.73","0.031","0.093","0","0.009","1.876","0.035","5.647","0.011","61.644","0.101","0.028","0.005","0.092","0.156","0.003","0","0.511","5.062","0.579","0.394","0.339","0.037","0.008","4.069","0.032","25.36","5.899","13.37","0.011","-0.0039999999999054126","163.8443","194.123","167.2946","145.866","166.58140000000003","20.715400000000017","32.01999999999998","1.1122","314.2728","168.4068","3.2151","38.6708","147.6914","8.40100000000001","26.855999999999998",,"92.727",,,"61.663000000000004",,"20.268","8.647999999999996",,,"15.097999999999999","35.366","13.430999999999983",,"33.478999999999985","21.872000000000014",,,"83.092","0.36","156.566","164.967","5.823",,"107.825","156.225","156.551","127.137","178.554","178.398",,,"112.206","220.318","198.446","46.168","19.312",,,"107.843","46.18","112.161","156.211",,,,"147.503","147.514","147.537","156.185",,"165.082","164.993","147.466","165.066",,"112.039",,,"147.524","147.49",,,,"5.194",,,"19.299","147.405","5.453","5.514"
"alacritty","no-profile-hook","10","warm/repeated-fresh-process; unchanged/uncontrolled caches",,,,,,,,,,,,,,,,,,,,,,,,,,,,,,,,,,,,,,,,,,,,,,,,,,,,,"-0.02650000000039654",,"177.2851","179.1045","492.66249999999997","541.5055","48.84299999999999","31.181099999999788","2.4143","674.1813","181.5188","9.1514","38.2952","132.6758",,,"2.3303000000000083",,"13.345699999999994","18.209400000000002",,"11.843199999999996",,,"88.02380000000001","5.796300000000002",,,,,,,"62.484399999999994","83.9567",,,,,,"120.2072",,,,,,,"218.6619","207.2361",,,,,,"100.5855","87.2398",,,,,"206.8187","79.11319999999999",,,,,,"118.7949",,,,,"81.4435",,"81.7659","16.6288",,,,,,,"0.0055","72.206",,,,
"terminal","no-profile-hook","10","warm/repeated-fresh-process; unchanged/uncontrolled caches","0","32.674","32.639","0.005","0.136","0.167","1.277","0.173","0.203","0.678","0.277","22.677","22.637","0.002","3.838","0.007","1.07","1.035","0.323","0.003","0.009","0","27.368","0.025","0.063","0","0.013","1.484","0.038","6.224","0.009","61.225","0.071","0.036","0.007","0.067","0.1","0.002","0","0.321","4.706","0.599","0.424","0.364","0.046","0.008","4.951","0.026","26.213","5.329","13.985","0.013","-0.021499999999832653","165.7141","193.9744","197.0486","527.8485","577.2497999999999","49.40129999999999","28.230199999999996","1.2466","726.1437","198.2952","3.1875","39.5715","148.8939","113.41399999999999","27.458",,"93.798",,,"61.241",,"20.655","9.258999999999986",,,"14.859999999999985","35.514999999999986","9.838999999999999","441.306","452.70300000000003","9.783999999999992",,,"86.653","0.308","160.06","273.474","6.901",,"109.687","159.731","160.044","129.652","283.58","283.313",,,"115.047","735.961","726.177","48.452","20.994",,,"109.703","48.462","114.883","159.717",,,"714.78","150.398","150.408","150.43","159.689",,"273.592","273.512","150.357","273.579",,"114.792",,,"150.418","150.385","660.637","679.089","714.817","5.222",,,"20.981","150.307","5.567","5.636"
"terminal","cmd","11","warm/repeated-fresh-process; unchanged/uncontrolled caches","0","33.406","33.364","0.007","0.241","0.324","1.175","0.166","0.31","1.08","0.437","24.208","24.173","0.002","6.646","0.008","1.186","1.156","0.268","0.004","0.012","0","34.967","0.031","0.101","0","0.009","1.377","0.045","7.857","0.01","64.09","0.066","0.021","0.004","0.138","0.139","0.003","0","0.328","4.428","0.538","0.337","0.273","0.034","0.008","3.782","0.028","33.665","5.858","23.23","0.023","-0.008599999999660213","205.0356","235.7348","208.0203","143.8675","165.8282","21.960700000000003","29.9895","2.6801","354.5679","210.7004","7.2472","64.9036","188.7397","7.747000000000014","35.101",,"103.125",,,"64.107",,"17.894999999999982","8.263999999999982",,,"15.835000000000008","33.72999999999999","12.403999999999996",,"32.506","25.022999999999996",,,"116.659","0.594","187.838","195.585","18.66",,"141.285","187.396","187.807","161.044","208.384","207.989",,,"145.337","253.114","228.091","77.185","42.084",,,"141.303","77.196","145.294","187.369",,,,"179.035","179.046","179.068","187.332",,"195.746","195.611","178.998","195.731",,"145.209",,,"179.055","179.022",,,,"9.081",,,"42.07","178.939","9.663","9.812"
"alacritty","cmd","11","warm/repeated-fresh-process; unchanged/uncontrolled caches",,,,,,,,,,,,,,,,,,,,,,,,,,,,,,,,,,,,,,,,,,,,,,,,,,,,,"-0.01720000000022992",,"197.8451","161.5897","175.02880000000002","171.75070000000002","-3.278099999999995","32.3119999999999","2.352","338.9705","163.9417","7.7659","42.9637","167.2198",,,"3.1169000000000153",,"17.996399999999994","20.91630000000002",,"12.040599999999984",,,"21.23659999999998","6.860900000000001",,,,,,,"66.7743","94.7485",,,,,,"132.20100000000002",,,,,,,"163.9329","152.4376",,,,,,"109.7394","91.74300000000001",,,,,"151.8923","81.7652",,,,,,"130.65570000000002",,,,,"84.88210000000001",,"85.2856","14.9909",,,,,,,"0.005699999999999999","64.74119999999999",,,,
"terminal","no-profile-hook","11","warm/repeated-fresh-process; unchanged/uncontrolled caches","0.001","30.838","30.789","0.006","0.139","0.166","1.498","0.174","0.366","0.644","0.261","26.482","26.445","0.003","4.459","0.012","1.218","1.181","0.371","0.004","0.014","0","27.44","0.033","0.097","0","0.01","1.714","0.038","7.111","0.01","64.488","0.116","0.03","0.006","0.184","0.156","0.003","0","0.665","5.285","1.063","0.385","0.324","0.041","0.009","4.688","0.029","26.122","6.53","16.861","0.012","-0.020500000000083674","195.247","224.9857","219.6546","523.1147","578.6496","55.53489999999999","30.915299999999995","1.2624","744.0317","220.917","3.5403","56.0126","165.3821","111.102","27.569000000000003",,"96.93199999999999",,,"64.507",,"25.138000000000005","7.852000000000004",,,"17.629000000000005","42.76700000000001","17.16300000000001","441.25399999999996","450.61499999999995","12.097000000000094",,,"88.513","0.304","171.631","282.733","6.337",,"115.4","171.079","171.606","137.893","300.058","299.896",,,"120.56","745.445","733.348","50.901","23.332",,,"115.42","50.913","120.403","171.06",,,"723.987","163.133","163.144","163.167","171.019",,"282.867","282.759","163.093","282.851",,"120.264",,,"163.154","163.12","674.3","688.683","724.018","5.784",,,"23.316","163.031","6.104","6.165"
"alacritty","no-profile-hook","11","warm/repeated-fresh-process; unchanged/uncontrolled caches",,,,,,,,,,,,,,,,,,,,,,,,,,,,,,,,,,,,,,,,,,,,,,,,,,,,,"-0.0227999999997337",,"180.3707","183.86589999999998","474.5146000000001","509.99190000000004","35.477299999999985","31.825699999999983","1.4019","659.7824","185.2678","5.1656","41.497","149.7905",,,"3.326499999999996",,"17.536599999999993","22.027199999999993",,"13.128000000000014",,,"72.873","6.239400000000003",,,,,,,"59.27900000000001","86.3815",,,,,,"127.8086",,,,,,,"212.431","199.7697",,,,,,"104.4028","86.8662",,,,,"199.303","77.30030000000001",,,,,,"126.42999999999999",,,,,"80.6268",,"81.05510000000001","18.0213",,,,,,,"0.0047","68.6162",,,,
"terminal","normal-hook","11","warm/repeated-fresh-process; unchanged/uncontrolled caches","0.001","31.467","31.429","0.006","0.151","0.184","1.941","0.322","0.318","0.721","0.311","27.438","27.392","0.003","3.992","0.007","1.074","1.048","0.38","0.003","0.009","0","25.845","0.025","0.059","0","0.018","2.329","0.062","5.292","0.009","65.988","0.158","0.028","0.006","0.136","0.135","0.002","0","0.32","4.92","0.435","0.426","0.34","0.045","0.008","4.015","0.029","24.688","6.448","12.203","0.012","-0.022399999999834108","183.7092","212.9796","219.9871","631.2567","685.683","54.4263","30.4970000000003","1.191","852.4348","221.1781","3.2353","41.1928","166.7518","116.88199999999998","25.932000000000002",,"96.15",,,"66.006",,"26.357","8.388999999999982",,,"15.159000000000006","41.516000000000005","24.451000000000022","544.303","575.287","9.95399999999995",,,"82.533","0.322","165.162","282.044","6.159",,"110.402","164.787","165.144","129.782","306.64","306.495",,,"115.045","867.285","857.331","44.405","18.473",,,"110.422","44.416","114.813","164.773",,,"826.347","156.287","156.31","156.354","164.743",,"282.165","282.071","156.218","282.151",,"114.623",,,"156.332","156.258","793.484","802.923","826.389","5.474",,,"18.461","156.139","5.849","5.911"
"alacritty","normal-hook","11","warm/repeated-fresh-process; unchanged/uncontrolled caches",,,,,,,,,,,,,,,,,,,,,,,,,,,,,,,,,,,,,,,,,,,,,,,,,,,,,"-0.025200000000040745",,"196.081","187.4561","557.265","597.165","39.900000000000006","30.745700000000003","2.3981","747.1192","189.8542","6.843","57.0754","149.9542",,,"2.3468000000000018",,"17.235500000000002","24.115499999999997",,"12.17489999999998",,,"79.41670000000002","6.142099999999985",,,,,,,"57.104200000000006","82.8286",,,,,,"124.0051",,,,,,,"214.2181","202.56859999999998",,,,,,"98.511","81.2755",,,,,"202.0432","72.7866",,,,,,"122.6265",,,,,"75.13340000000001",,"75.49419999999999","15.6824",,,,,,,"0.0047","65.9089",,,,
"alacritty","no-profile-hook","12","warm/repeated-fresh-process; unchanged/uncontrolled caches",,,,,,,,,,,,,,,,,,,,,,,,,,,,,,,,,,,,,,,,,,,,,,,,,,,,,"-0.02029999999967913",,"161.8946","156.2061","430.05370000000005","472.4719","42.4182","30.859800000000178","1.1953","587.4551","157.4014","3.3657","22.437","114.9832",,,"2.419000000000011",,"13.29310000000001","18.347099999999983",,"13.105499999999978",,,"61.85490000000003","6.390299999999996",,,,,,,"52.17809999999999","74.2805",,,,,,"106.81219999999999",,,,,,,"180.4058","167.8058",,,,,,"87.09830000000001","73.8052",,,,,"167.30030000000002","64.99589999999999",,,,,,"105.44539999999999",,,,,"67.4149",,"67.7861","12.8178",,,,,,,"0.0046","58.3663",,,,
"terminal","no-profile-hook","12","warm/repeated-fresh-process; unchanged/uncontrolled caches","0.001","32.321","32.288","0.005","0.132","0.162","1.235","0.198","0.172","0.807","0.292","22.996","22.964","0.002","4.377","0.01","1.105","1.077","0.386","0.003","0.01","0","29.3","0.027","0.064","0","0.009","1.473","0.041","5.637","0.01","62.855","0.113","0.033","0.006","0.073","0.079","0.002","0","0.321","5.467","0.484","0.367","0.304","0.046","0.008","4.23","0.03","28.109","6.97","14.983","0.013","-0.026299999999991996","162.9702","208.7586","201.7381","526.2038","567.0627000000001","40.858900000000006","17.291300000000092","2.091","730.0329","203.8291","5.3845","38.278","162.9702","110.40900000000002","29.392000000000003",,"96.639",,,"62.872",,"20.573000000000008","8.424999999999983",,,"15.02600000000001","35.59900000000002","10.140999999999963","443.515","453.341","10.357999999999947",,,"90.622","0.312","162.965","273.374","6.622",,"113.98","162.584","162.947","133.388","283.693","283.515",,,"118.773","737.073","726.715","51.115","21.723",,,"113.997","51.125","118.494","162.57",,,"716.889","154.086","154.097","154.121","162.546",,"273.513","273.409","154.02","273.499",,"118.362",,,"154.107","154.052","666.593","680.986","716.919","5.93",,,"21.71","153.961","6.287","6.35"
"alacritty","normal-hook","12","warm/repeated-fresh-process; unchanged/uncontrolled caches",,,,,,,,,,,,,,,,,,,,,,,,,,,,,,,,,,,,,,,,,,,,,,,,,,,,,"-0.02290000000039072",,"183.3397","177.0845","559.9794999999999","601.7769","41.79739999999998","31.812900000000127","2.1318","739.1958","179.2163","6.9464","29.0738","137.4189",,,"3.2486999999999995",,"13.773799999999994","23.951800000000006",,"9.968700000000013",,,"70.84189999999998","6.2605000000000075",,,,,,,"61.209199999999996","84.4922",,,,,,"124.54650000000001",,,,,,,"203.9135","194.4667",,,,,,"99.1511","85.3773",,,,,"193.9448","75.8681",,,,,,"123.1029",,,,,"79.1168",,"79.59670000000001","14.658900000000001",,,,,,,"0.0052","67.4363",,,,
"terminal","normal-hook","12","warm/repeated-fresh-process; unchanged/uncontrolled caches","0.001","31.727","31.686","0.007","0.131","0.163","1.269","0.167","0.254","0.634","0.262","24.324","24.29","0.002","3.232","0.008","1.11","1.062","0.243","0.003","0.01","0","27.466","0.027","0.065","0","0.01","1.479","0.032","6.15","0.009","62.628","0.126","0.04","0.004","0.119","0.106","0.002","0","0.35","4.9","0.439","0.357","0.305","0.036","0.007","4.135","0.029","26.266","5.97","12.882","0.012","-0.021600000000034925","167.6906","196.6837","201.42360000000002","596.3506","648.3551","52.00450000000001","31.391999999999996","1.2505","799.0247","202.6741","4.2978","42.026","150.6696","111.77499999999998","27.559",,"94.475",,,"62.645",,"22.480999999999995","9.699999999999989",,,"14.688000000000002","37.169","11.581000000000017","512.072","529.136","8.569000000000074",,,"85.912","0.419","162.394","274.169","7.456",,"110.641","161.968","162.376","129.607","285.921","285.75",,,"115.132","811.874","803.305","48.003","20.444",,,"110.658","48.013","115.077","161.953",,,"786.241","152.189","152.2","152.222","161.922",,"274.276","274.197","152.147","274.263",,"114.919",,,"152.209","152.176","747.508","755.181","786.296","4.674",,,"20.432","152.088","5.003","5.072"
"alacritty","cmd","12","warm/repeated-fresh-process; unchanged/uncontrolled caches",,,,,,,,,,,,,,,,,,,,,,,,,,,,,,,,,,,,,,,,,,,,,,,,,,,,,"-0.009000000000014552",,"182.2079","146.54930000000002","181.90799999999996","195.55839999999998","13.650400000000019","32.11609999999996","2.1232","330.5805","148.6725","7.9707","42.8338","135.0221",,,"2.411900000000003",,"12.616200000000006","18.9974",,"13.613100000000003",,,"30.478499999999997","5.759600000000006",,,,,,,"57.24369999999999","78.0314",,,,,,"114.6542",,,,,,,"157.3435","144.94879999999998",,,,,,"94.25450000000001","81.6383",,,,,"143.7304","73.46679999999999",,,,,,"113.2519",,,,,"75.8787",,"76.23259999999999","16.223100000000002",,,,,,,"0.0056","65.1291",,,,
"terminal","cmd","12","warm/repeated-fresh-process; unchanged/uncontrolled caches","0.001","33.18","33.142","0.006","0.139","0.171","1.224","0.141","0.158","0.612","0.23","24.431","24.394","0.003","3.621","0.009","1.223","1.195","0.254","0.004","0.009","0","25.699","0.025","0.074","0","0.008","1.397","0.038","4.959","0.009","64.728","0.055","0.026","0.005","0.064","0.073","0.002","0","0.378","4.868","0.382","0.399","0.339","0.035","0.009","3.96","0.03","24.391","6.516","13.915","0.012","-0.018500000000130967","173.038","203.4264","175.12179999999998","142.66819999999998","162.48979999999997","19.82159999999999","16.72129999999993","1.2101","319.0001","176.3319","4.154","48.4037","156.5103","9.561000000000007","25.801000000000002",,"94.645",,,"64.745",,"19.88900000000001","8.365999999999985",,,"13.188000000000002","33.07700000000001","13.870999999999981",,"31.654999999999973","21.594000000000023",,,"93.861","0.287","164.793","174.354","14.105",,"118.688","164.417","164.779","135.982","188.431","188.225",,,"122.912","227.603","206.009","53.95","28.149",,,"118.705","53.96","122.868","164.4",,,,"155.969","155.98","156.002","164.368",,"174.48","174.381","155.93","174.465",,"122.794",,,"155.989","155.956",,,,"4.944",,,"28.136","155.871","5.241","5.309"
"terminal","normal-hook","13","warm/repeated-fresh-process; unchanged/uncontrolled caches","0.001","30.368","30.33","0.006","0.141","0.174","1.387","0.188","0.343","0.745","0.302","25.494","25.452","0.003","5.846","0.008","1.402","1.369","0.267","0.005","0.008","0","29.722","0.024","0.146","0","0.014","1.618","0.032","5.254","0.011","63.048","0.102","0.023","0.005","0.088","0.223","0.002","0","0.358","4.512","0.53","0.34","0.288","0.04","0.01","4.845","0.029","28.233","6.549","17.769","0.014","-0.023799999999937427","191.762","222.4745","221.7406","608.4328","657.9461","49.513300000000015","30.830400000000004","2.1568","832.3302","223.8974","7.7192","50.7615","174.3841","117.56900000000002","29.913999999999994",,"97.988",,,"63.068",,"20.651999999999987","8.64500000000001",,,"13.677999999999997","34.329999999999984","10.560000000000002","520.404","532.962","9.688999999999965",,,"101.787","0.373","176.214","293.783","16.804",,"127.696","175.87","176.201","146.388","304.522","304.343",,,"132.877","836.434","826.745","64.636","34.722",,,"127.716","64.648","132.831","175.856",,,"814.187","167.148","167.16","167.183","175.828",,"293.895","293.809","167.1","293.882",,"132.71",,,"167.17","167.135","774.836","783.072","814.225","7.407",,,"34.709","167.04","7.78","7.854"
"alacritty","normal-hook","13","warm/repeated-fresh-process; unchanged/uncontrolled caches",,,,,,,,,,,,,,,,,,,,,,,,,,,,,,,,,,,,,,,,,,,,,,,,,,,,,"-0.04109999999991487",,"182.3677","182.85700000000003","602.1946","637.3325","35.1379","30.91749999999996","2.8275","787.8791","185.6845","9.0281","41.7889","150.5466",,,"2.379000000000005",,"13.159899999999993","19.15570000000001",,"11.059300000000007",,,"76.91879999999998","5.857299999999995",,,,,,,"73.00120000000001","94.3974",,,,,,"132.1729",,,,,,,"218.8944","208.2381",,,,,,"111.7606","98.6007",,,,,"207.83509999999998","90.3644",,,,,,"130.9163",,,,,"92.74340000000001",,"93.0605","17.3632",,,,,,,"0.0049","72.4803",,,,
"terminal","cmd","13","warm/repeated-fresh-process; unchanged/uncontrolled caches","0","33.927","33.887","0.006","0.127","0.154","1.291","0.213","0.449","0.631","0.211","23.4","23.361","0.002","4.038","0.009","1.188","1.159","0.392","0.004","0.009","0.001","26.508","0.025","0.094","0","0.014","1.555","0.042","5.581","0.01","63.534","0.124","0.029","0.005","0.113","0.298","0.003","0","0.374","5.256","0.772","0.432","0.367","0.047","0.021","4.777","0.026","25.234","5.563","14.367","0.01","-0.005400000000008731","175.3003","205.3789","181.8243","127.58510000000004","151.95880000000002","24.373699999999985","32.514199999999846","1.8731","311.2825","183.6974","4.396","50.4441","159.3237","8.086999999999989","26.633000000000003",,"95.122",,,"63.55299999999999",,"21.601","9.639999999999986",,,"15.332999999999998","36.934","10.427999999999997",,"28.337999999999994","22.712000000000018",,,"95.85","0.342","171.77","179.857","14.998",,"119.675","171.368","171.755","139.952","190.452","190.285",,,"124.813","230.907","208.195","56.13","29.497",,,"119.695","56.142","124.764","171.356",,,,"161.652","161.665","161.687","171.327",,"179.987","179.891","161.616","179.968",,"124.619",,,"161.674","161.639",,,,"5.406",,,"29.483","161.553","5.673","5.734"
"alacritty","cmd","13","warm/repeated-fresh-process; unchanged/uncontrolled caches",,,,,,,,,,,,,,,,,,,,,,,,,,,,,,,,,,,,,,,,,,,,,,,,,,,,,"-0.007000000000061846",,"180.9864","152.3507","162.6527","183.8854","21.232699999999994","31.29419999999999","2.2697","317.2731","154.6204","7.8956","55.3911","133.3877",,,"2.256399999999985",,"13.237899999999996","22.253600000000006",,"11.983499999999992",,,"18.96669999999999","5.678300000000021",,,,,,,"66.9576","88.1302",,,,,,"126.3014",,,,,,,"156.0443","144.7724",,,,,,"102.8405","89.60260000000001",,,,,"144.0608","81.6679",,,,,,"125.09410000000001",,,,,"83.92429999999999",,"84.244","14.7103",,,,,,,"0.0059","67.18169999999999",,,,
"terminal","no-profile-hook","13","warm/repeated-fresh-process; unchanged/uncontrolled caches","0.001","31.764","31.727","0.006","0.141","0.174","1.394","0.219","0.865","0.783","0.289","24.512","24.477","0.002","3.538","0.006","1.075","1.05","0.59","0.003","0.008","0","26.941","0.024","0.058","0","0.011","1.685","0.038","5.588","0.009","62.889","0.116","0.025","0.005","0.387","0.336","0.003","0","0.484","5.499","0.984","0.397","0.334","0.066","0.007","4.238","0.026","25.784","6.047","14.065","0.013","-0.04309999999986758","182.5507","210.4008","206.1636","527.3662999999999","552.2655","24.899200000000008","33.416499999999985","1.2863","734.8162","207.4499","3.4776","39.2497","182.5507","110.595","27.025999999999996",,"94.31099999999999",,,"62.904999999999994",,"20.171999999999997","9.326999999999998",,,"16.691000000000003","36.863","10.113","442.417","465.282","12.242000000000075",,,"94.722","0.359","170.73","281.325","15.495",,"119.595","170.359","170.715","140.672","291.601","291.438",,,"124.172","758.849","746.607","56.696","29.67",,,"119.612","56.707","124.12","170.345",,,"723.742","160.953","160.964","160.986","170.313",,"281.44","281.353","160.902","281.427",,"123.981",,,"160.974","160.94","672.404","687.252","723.771","5.127",,,"29.657","160.844","5.486","5.558"
"alacritty","no-profile-hook","13","warm/repeated-fresh-process; unchanged/uncontrolled caches",,,,,,,,,,,,,,,,,,,,,,,,,,,,,,,,,,,,,,,,,,,,,,,,,,,,,"-0.022199999999884312",,"190.7687","183.2567","475.8923","519.1011","43.2088","16.958499999999958","2.8881","662.0371","186.1448","5.8356","36.5126","142.936",,,"2.740300000000005",,"13.777000000000015","18.14519999999999",,"10.2534",,,"77.7969","5.966199999999986",,,,,,,"77.5719","100.0554",,,,,,"135.5344",,,,,,,"222.28719999999998","212.446",,,,,,"116.0917","102.31469999999999",,,,,"212.03379999999999","93.6082",,,,,,"134.2369",,,,,"96.3485",,"96.71340000000001","16.0363",,,,,,,"0.0051","76.7332",,,,
"alacritty","cmd","14","warm/repeated-fresh-process; unchanged/uncontrolled caches",,,,,,,,,,,,,,,,,,,,,,,,,,,,,,,,,,,,,,,,,,,,,,,,,,,,,"-0.017199999999775173",,"174.8378","144.6427","161.1666","179.07529999999997","17.908699999999996","32.669399999999996","1.2605","307.0698","145.9032","3.287","32.6979","127.9945",,,"2.530299999999997",,"12.448499999999996","20.097200000000015",,"9.678699999999992",,,"30.973799999999983","6.131699999999995",,,,,,,"57.82990000000001","78.9404",,,,,,"116.1952",,,,,,,"154.85479999999998","145.7268",,,,,,"94.1051","81.6566",,,,,"145.1761","72.9946",,,,,,"114.20230000000001",,,,,"75.5249",,"75.9248","15.1647",,,,,,,"0.0054","64.81439999999999",,,,
"terminal","cmd","14","warm/repeated-fresh-process; unchanged/uncontrolled caches","0","31.844","31.81","0.006","0.131","0.162","1.06","0.142","0.155","0.622","0.221","23.707","23.668","0.003","3.124","0.009","1.074","1.046","0.6","0.003","0.009","0","26.155","0.025","0.06","0","0.008","1.235","0.063","5.442","0.009","61.677","0.09","0.027","0.005","0.063","0.072","0.002","0","0.305","4.938","0.436","0.671","0.561","0.043","0.007","4.407","0.026","24.996","5.54","13.446","0.011","-0.0059000000001105946","162.0361","192.4573","166.3788","129.20489999999998","150.53629999999998","21.331400000000002","30.408699999999982","1.1077","296.6914","167.4865","4.2072","37.7029","146.1551","7.771000000000015","26.244",,"92.48500000000001",,,"61.694",,"19.518","8.905000000000001",,,"14.235","33.753","12.147999999999996",,"33.053","22.48999999999998",,,"83.53","0.308","155.636","163.407","6.11",,"107.604","155.037","155.609","126.394","175.707","175.555",,,"112.325","218.95","196.46","45.918","19.674",,,"107.622","45.928","112.273","155.014",,,,"146.01","146.022","146.044","154.949",,"163.562","163.445","145.973","163.544",,"112.159",,,"146.031","145.997",,,,"4.468",,,"19.66","145.912","4.753","4.822"
"alacritty","no-profile-hook","14","warm/repeated-fresh-process; unchanged/uncontrolled caches",,,,,,,,,,,,,,,,,,,,,,,,,,,,,,,,,,,,,,,,,,,,,,,,,,,,,"-0.027599999999893043",,"180.8362","179.0007","481.15319999999997","527.4141999999999","46.260999999999996","30.81139999999982","2.1107","662.2646","181.1114","7.1528","41.4765","134.8504",,,"2.6333999999999946",,"13.118999999999986","18.473500000000016",,"10.67919999999998",,,"80.6954","6.119700000000009",,,,,,,"65.9687","87.84079999999999",,,,,,"123.8715",,,,,,,"213.9287","203.8409",,,,,,"104.08059999999999","90.9616",,,,,"203.2495","82.2085",,,,,,"122.5541",,,,,"84.8419",,"85.2272","16.2398",,,,,,,"0.0053","73.7462",,,,
"terminal","no-profile-hook","14","warm/repeated-fresh-process; unchanged/uncontrolled caches","0.001","34.46","34.422","0.006","0.134","0.168","1.642","0.333","0.325","0.736","0.326","24.595","24.558","0.002","4.723","0.009","1.098","1.07","0.569","0.003","0.008","0","26.391","0.027","0.057","0","0.013","2.045","0.057","4.899","0.009","65.379","0.138","0.029","0.005","0.165","0.129","0.003","0","0.612","4.484","0.977","0.392","0.316","0.07","0.009","4.903","0.026","25.194","5.719","15.734","0.014","-0.01999999999998181","172.0492","202.1703","209.1175","515.168","553.5101999999999","38.34219999999999","31.384700000000066","1.2739","725.5594","210.3914","3.9271","46.1038","172.0492","105.655","26.476",,"96.928",,,"65.404",,"21.020999999999987","8.257999999999981",,,"14.905000000000001","35.92599999999999","10.889999999999986","435.102","456.049","10.647000000000048",,,"98.21","0.358","173.032","278.687","15.496",,"123.218","172.669","173.016","143.186","289.76","289.577",,,"128.504","745.383","734.736","57.829","31.353",,,"123.243","57.839","128.439","172.657",,,"713.789","164.337","164.348","164.372","172.63",,"278.809","278.716","164.274","278.795",,"128.281",,,"164.358","164.322","663.308","678.807","713.816","6.237",,,"31.34","164.207","6.638","6.711"
"alacritty","normal-hook","14","warm/repeated-fresh-process; unchanged/uncontrolled caches",,,,,,,,,,,,,,,,,,,,,,,,,,,,,,,,,,,,,,,,,,,,,,,,,,,,,"-0.022800000000188447",,"189.8347","189.6071","559.9447","607.9035","47.9588","31.14910000000009","2.1823","751.7341","191.7894","6.8843","36.4724","143.8306",,,"2.315100000000001",,"14.119900000000001","20.691100000000006",,"10.670799999999986",,,"80.5129","6.439999999999998",,,,,,,"70.7199","93.5949",,,,,,"132.1414",,,,,,,"221.9339","211.7157",,,,,,"110.0591","95.9392",,,,,"211.2631","87.1841",,,,,,"130.7502",,,,,"89.4992",,"89.8094","16.464199999999998",,,,,,,"0.0051","70.9568",,,,
"terminal","normal-hook","14","warm/repeated-fresh-process; unchanged/uncontrolled caches","0","32.264","32.229","0.006","0.136","0.167","1.312","0.162","0.162","0.72","0.282","22.878","22.844","0.002","3.704","0.006","1.079","1.056","0.301","0.003","0.01","0","26.862","0.026","0.063","0","0.008","1.508","0.035","5.429","0.009","62.507","0.078","0.023","0.005","0.067","0.075","0.002","0","0.492","5.655","0.538","0.366","0.31","0.037","0.008","4.115","0.026","25.694","6.8","12.609","0.014","-0.02639999999973952","166.0887","211.674","205.6626","589.853","645.6866","55.83359999999999","31.196100000000115","1.2713","796.7869","206.9339","3.9243","40.3377","151.1003","113.381","26.954",,"93.743",,,"62.522999999999996",,"21.501000000000005","7.172999999999973",,,"14.894999999999996","36.396","10.545000000000016","506.406","526.3820000000001","9.735000000000014",,,"93.552","0.342","165.227","278.608","14.592",,"116.8","164.821","165.204","135.968","289.316","289.153",,,"121.221","814.725","804.99","54.284","27.33",,,"116.817","54.294","121.171","164.804",,,"785.014","157.566","157.577","157.598","164.771",,"278.733","278.636","157.524","278.719",,"121.073",,,"157.586","157.553","745.609","753.27","785.043","5.212",,,"27.318","157.469","5.562","5.635"
"terminal","no-profile-hook","15","warm/repeated-fresh-process; unchanged/uncontrolled caches","0.001","34.923","34.884","0.006","0.196","0.241","1.501","0.192","0.223","0.691","0.304","25.29","25.249","0.003","4.991","0.008","1.369","1.33","0.339","0.005","0.011","0","33.436","0.031","0.116","0","0.015","1.753","0.041","5.792","0.01","66.326","0.082","0.025","0.005","0.088","0.105","0.002","0","0.294","4.944","0.485","0.378","0.317","0.051","0.008","4.419","0.026","31.97","5.548","13.65","0.015","-0.03330000000005384","178.8309","209.2368","212.11059999999998","558.4949","610.6348","52.13989999999998","29.8422","2.4079","773.0134","214.5185","7.5552","38.8607","162.3786","114.75899999999999","33.58",,"104.493",,,"66.34299999999999",,"20.901999999999987","8.830999999999989",,,"14.678000000000011","35.58","10.574000000000012","471.55400000000003","481.728","12.17100000000005",,,"95.247","0.36","170.417","285.176","7.21",,"120.907","170.079","170.403","140.163","295.991","295.75",,,"125.645","779.075","766.904","54.572","20.992",,,"120.925","54.582","125.599","170.064",,,"756.73","161.171","161.182","161.204","170.035",,"285.364","285.226","161.13","285.347",,"125.485",,,"161.191","161.158","699.076","714.951","756.771","6.525",,,"20.979","161.065","6.898","6.973"
"alacritty","no-profile-hook","15","warm/repeated-fresh-process; unchanged/uncontrolled caches",,,,,,,,,,,,,,,,,,,,,,,,,,,,,,,,,,,,,,,,,,,,,,,,,,,,,"-0.023699999999735155",,"177.5258","173.57960000000003","485.06510000000003","532.0248","46.959700000000026","30.885500000000093","2.8018","661.4465","176.3814","9.5254","52.125","129.4217",,,"3.6868999999999943",,"12.863699999999994","18.012599999999992",,"12.167100000000005",,,"80.31909999999999","6.023300000000006",,,,,,,"53.811800000000005","76.3857",,,,,,"112.8746",,,,,,,"203.7806","192.351",,,,,,"93.2818","80.41810000000001",,,,,"191.6135","70.70790000000001",,,,,,"111.2944",,,,,"74.3948",,"74.798","16.8961",,,,,,,"0.006","63.0735",,,,
"terminal","normal-hook","15","warm/repeated-fresh-process; unchanged/uncontrolled caches","0.001","33.439","33.4","0.006","0.136","0.168","2.029","0.428","0.285","0.717","0.275","27.336","27.305","0.003","4.831","0.009","1.227","1.193","0.392","0.004","0.009","0","28.324","0.025","0.109","0","0.017","2.522","0.043","6.9","0.01","67.619","0.142","0.026","0.007","0.154","0.106","0.003","0","0.58","5.784","0.506","0.393","0.328","0.051","0.009","5.403","0.026","27.007","6.232","13.384","0.013","-0.020899999999983265","184.5415","215.2752","213.88289999999998","618.4952","677.8471","59.3519","32.653299999999945","1.598","833.9761","215.4809","3.9055","30.5401","156.129","112.49900000000002","28.463",,"101.666",,,"67.637",,"27.107","8.788999999999987",,,"17.969999999999985","45.076999999999984","11.919999999999959","531.726","548.003","10.433999999999969",,,"89.942","0.399","177.837","290.336","8.098",,"117.691","177.32","177.814","141.236","302.414","302.256",,,"123.507","848.773","838.339","50.063","21.6",,,"117.711","50.074","123.432","177.303",,,"822.062","168.443","168.454","168.476","177.265",,"290.447","290.363","168.401","290.434",,"123.266",,,"168.464","168.43","789.732","799.045","822.095","6.351",,,"21.587","168.343","6.695","6.765"
"alacritty","normal-hook","15","warm/repeated-fresh-process; unchanged/uncontrolled caches",,,,,,,,,,,,,,,,,,,,,,,,,,,,,,,,,,,,,,,,,,,,,,,,,,,,,"-0.02680000000009386",,"189.2087","192.96020000000001","546.1668000000001","596.0627000000001","49.89590000000001","32.2494999999999","1.3062","740.4332","194.2664","5.7143","35.1816","144.3705",,,"2.3712000000000018",,"15.926900000000003","22.770400000000024",,"10.741399999999999",,,"81.72029999999998","6.062799999999996",,,,,,,"69.0456","93.4065",,,,,,"135.33319999999998",,,,,,,"226.208","215.8801",,,,,,"110.9759","95.04899999999999",,,,,"215.4666","86.615",,,,,,"133.74630000000002",,,,,"88.9862",,"89.318","17.569399999999998",,,,,,,"0.0051","70.99980000000001",,,,
"terminal","cmd","15","warm/repeated-fresh-process; unchanged/uncontrolled caches","0","31.341","31.299","0.007","0.134","0.166","1.417","0.25","0.281","0.69","0.248","23.775","23.736","0.002","3.64","0.009","1.079","1.052","0.376","0.003","0.008","0","26.821","0.025","0.059","0","0.011","1.717","0.032","5.952","0.009","62.21","0.106","0.026","0.004","0.116","0.132","0.003","0","0.388","5.498","0.572","0.37","0.318","0.035","0.007","4.096","0.027","25.658","6.475","12.759","0.012","-0.0045999999997548","165.2151","196.0862","177.9945","133.80230000000003","162.05920000000003","28.2569","31.597600000000057","1.1569","312.9537","179.1514","3.3707","39.5582","150.8945","9.347999999999985","26.909",,"93.367",,,"62.227",,"21.46199999999999","8.484999999999985",,,"15.616","37.07799999999999","11.725000000000023",,"23.442000000000007","21.768",,,"93.041","0.364","167.894","177.242","15.232",,"117.237","167.331","167.864","137.09","189.149","188.967",,,"121.644","222.452","200.684","55.016","28.107",,,"117.253","55.026","121.6","167.304",,,,"158.723","158.735","158.758","167.243",,"177.352","177.267","158.633","177.338",,"121.474",,,"158.744","158.664",,,,"5.105",,,"28.094","158.552","5.42","5.489"
"alacritty","cmd","15","warm/repeated-fresh-process; unchanged/uncontrolled caches",,,,,,,,,,,,,,,,,,,,,,,,,,,,,,,,,,,,,,,,,,,,,,,,,,,,,"-0.005799999999908323",,"193.2187","158.7741","172.9917","188.1593","15.167599999999993","30.7817","2.0007","333.7665","160.7748","6.421","39.4638","145.6072",,,"2.3389999999999844",,"12.053600000000017","23.200399999999988",,"14.425600000000003",,,"28.41239999999999","5.774900000000002",,,,,,,"72.7594","92.92690000000002",,,,,,"131.96099999999998",,,,,,,"173.5768","160.54070000000002",,,,,,"107.53840000000001","95.48479999999999",,,,,"159.1512","87.3709",,,,,,"130.7388",,,,,"89.70989999999999",,"90.0405","14.6115",,,,,,,"0.0056","70.19359999999999",,,,
