"App","Scenario","Metric","N","MedianMs","MinMs","MaxMs"
"alacritty","cmd","external-ClockDriftMs","15","-0.00579999999990832","-0.0172000000002299","-0.00370000000020809"
"alacritty","cmd","external-FocusMs","2","141.7471","137.2595","146.2347"
"alacritty","cmd","external-InputIdleMs","15","182.2079","164.6557","242.4617"
"alacritty","cmd","external-interval-launch-to-shell","15","152.3507","133.9321","217.2211"
"alacritty","cmd","external-interval-shell-to-readiness","15","162.6527","149.9573","181.908"
"alacritty","cmd","external-interval-visible-to-readiness","15","188.1593","158.8966","241.1014"
"alacritty","cmd","external-interval-visible-to-shell","15","17.9087","-3.27809999999999","83.3675"
"alacritty","cmd","external-MaxPollGapMs","15","31.8046000000001","17.1619000000001","32.6694"
"alacritty","cmd","external-ProcessCreatedMs","15","2.0007","1.1595","2.4721"
"alacritty","cmd","external-PromptFunctionMs","15","326.364","295.006","376.4736"
"alacritty","cmd","external-ShellProcessCreatedMs","15","154.6204","135.1596","218.7397"
"alacritty","cmd","external-StartReturnedMs","15","5.8519","3.0193","7.9707"
"alacritty","cmd","external-WindowExistsMs","15","39.4638","25.0747","55.3911"
"alacritty","cmd","external-WindowVisibleMs","15","137.2595","117.9177","167.2198"
"alacritty","cmd","interval-font-surface-proxy","15","2.5303","2.25639999999999","4.614"
"alacritty","cmd","interval-glyph-fill","15","13.2379","11.6321","19.449"
"alacritty","cmd","interval-glyphs-to-pty","15","21.2618","18.0904","80.5308"
"alacritty","cmd","interval-init-to-wakeup-proxy","15","13.151","9.67869999999999","18.1856"
"alacritty","cmd","interval-pty-setup-proxy","15","23.5958","14.4286","30.9738"
"alacritty","cmd","interval-renderer-proxy","15","6.03739999999999","5.6508","6.8609"
"alacritty","cmd","interval-window-context-proxy","15","63.642","54.9859","72.7594"
"alacritty","cmd","interval-window-through-glyphs","15","87.1428","78.0314","94.7485"
"alacritty","cmd","stage-conpty-api","15","126.804","111.0961","193.68"
"alacritty","cmd","stage-first-pty-wakeup-proxy","15","159.8358","145.3793","229.9179"
"alacritty","cmd","stage-first-redraw-request","15","149.0731","135.4218","217.8468"
"alacritty","cmd","stage-glyph-fill-done","15","102.8405","91.7696","111.7181"
"alacritty","cmd","stage-glyph-fill-start","15","89.4518","78.2488","97.156"
"alacritty","cmd","stage-initialisation-complete","15","148.2786","134.753","216.6865"
"alacritty","cmd","stage-loading-font","15","80.5772","69.2976","88.9442"
"alacritty","cmd","stage-pty-dimensions","15","125.3563","109.86","192.2489"
"alacritty","cmd","stage-renderer-entered","15","83.1708","72.0746","91.4157"
"alacritty","cmd","stage-renderer-selected","15","83.506","72.4942","91.7755"
"alacritty","cmd","stage-scale-factor","15","15.1647","13.3448","19.2601"
"alacritty","cmd","stage-welcome","15","0.0056","0.005","0.0086"
"alacritty","cmd","stage-wgl-selected","15","66.9868","62.5567","80.8672"
"alacritty","no-profile-hook","external-ClockDriftMs","15","-0.0236999999997352","-0.032799999999952","-0.0202999999996791"
"alacritty","no-profile-hook","external-FocusMs","2","160.59215","135.5031","185.6812"
"alacritty","no-profile-hook","external-InputIdleMs","15","188.4623","161.8946","265.1507"
"alacritty","no-profile-hook","external-interval-launch-to-shell","15","183.8659","156.2061","266.1393"
"alacritty","no-profile-hook","external-interval-shell-to-readiness","15","483.8496","430.0537","553.1331"
"alacritty","no-profile-hook","external-interval-visible-to-readiness","15","532.0248","472.4719","600.3982"
"alacritty","no-profile-hook","external-interval-visible-to-shell","15","49.3382","35.4773","71.0563"
"alacritty","no-profile-hook","external-MaxPollGapMs","15","31.1810999999998","16.8970999999999","32.2629000000002"
"alacritty","no-profile-hook","external-ProcessCreatedMs","15","2.1107","1.1953","2.8881"
"alacritty","no-profile-hook","external-PromptFunctionMs","15","668.7812","587.4551","775.9725"
"alacritty","no-profile-hook","external-ShellProcessCreatedMs","15","186.1448","157.4014","267.3723"
"alacritty","no-profile-hook","external-StartReturnedMs","15","6.5979","3.3657","9.5254"
"alacritty","no-profile-hook","external-WindowExistsMs","15","40.2721","22.437","123.7646"
"alacritty","no-profile-hook","external-WindowVisibleMs","15","137.2642","114.9832","218.0341"
"alacritty","no-profile-hook","interval-font-surface-proxy","15","2.63339999999999","2.2102","9.5103"
"alacritty","no-profile-hook","interval-glyph-fill","15","13.3457","12.2037","18.7685"
"alacritty","no-profile-hook","interval-glyphs-to-pty","15","22.5327","18.0126","47.0526"
"alacritty","no-profile-hook","interval-init-to-wakeup-proxy","15","12.1671","9.83800000000002","16.8652"
"alacritty","no-profile-hook","interval-pty-setup-proxy","15","80.17","54.8251","90.8415"
"alacritty","no-profile-hook","interval-renderer-proxy","15","6.0895","5.3379","11.0422"
"alacritty","no-profile-hook","interval-window-context-proxy","15","63.6054","52.1781","94.4275"
"alacritty","no-profile-hook","interval-window-through-glyphs","15","86.3815","74.2805","133.7485"
"alacritty","no-profile-hook","stage-conpty-api","15","127.8086","106.8122","211.0059"
"alacritty","no-profile-hook","stage-first-pty-wakeup-proxy","15","218.6619","180.4058","298.866"
"alacritty","no-profile-hook","stage-first-redraw-request","15","207.2361","167.8058","289.4957"
"alacritty","no-profile-hook","stage-glyph-fill-done","15","104.4028","87.0983","190.8674"
"alacritty","no-profile-hook","stage-glyph-fill-start","15","90.9616","73.8052","176.3661"
"alacritty","no-profile-hook","stage-initialisation-complete","15","206.8187","167.3003","289.028"
"alacritty","no-profile-hook","stage-loading-font","15","82.1201","64.9959","167.6653"
"alacritty","no-profile-hook","stage-pty-dimensions","15","126.43","105.4454","209.6466"
"alacritty","no-profile-hook","stage-renderer-entered","15","84.8419","67.4149","170.1623"
"alacritty","no-profile-hook","stage-renderer-selected","15","85.2272","67.7861","170.5682"
"alacritty","no-profile-hook","stage-scale-factor","15","16.2398","12.8178","107.1241"
"alacritty","no-profile-hook","stage-welcome","15","0.0052","0.0046","0.0063"
"alacritty","no-profile-hook","stage-wgl-selected","15","68.6162","58.3663","160.4394"
"alacritty","normal-hook","external-ClockDriftMs","15","-0.0252000000000407","-0.0410999999999149","-0.0205999999998312"
"alacritty","normal-hook","external-FocusMs","2","135.68125","133.6053","137.7572"
"alacritty","normal-hook","external-InputIdleMs","15","189.8347","169.1254","244.7244"
"alacritty","normal-hook","external-interval-launch-to-shell","15","188.0155","171.4095","236.5672"
"alacritty","normal-hook","external-interval-shell-to-readiness","15","562.0201","536.6733","666.3418"
"alacritty","normal-hook","external-interval-visible-to-readiness","15","607.9035","594.1074","736.9237"
"alacritty","normal-hook","external-interval-visible-to-shell","15","49.7503","35.1379","70.5819"
"alacritty","normal-hook","external-MaxPollGapMs","15","31.3508","16.873","33.2769"
"alacritty","normal-hook","external-ProcessCreatedMs","15","2.1823","1.3062","3.0239"
"alacritty","normal-hook","external-PromptFunctionMs","15","751.7341","717.8229","904.5049"
"alacritty","normal-hook","external-ShellProcessCreatedMs","15","191.0394","173.6381","238.1631"
"alacritty","normal-hook","external-StartReturnedMs","15","6.9464","3.9702","9.0281"
"alacritty","normal-hook","external-WindowExistsMs","15","41.7374","26.2651","60.0479"
"alacritty","normal-hook","external-WindowVisibleMs","15","143.8306","120.1312","167.5812"
"alacritty","normal-hook","interval-font-surface-proxy","15","2.5119","2.3151","3.52839999999999"
"alacritty","normal-hook","interval-glyph-fill","15","13.9801","12.3241","20.1307"
"alacritty","normal-hook","interval-glyphs-to-pty","15","22.8167","17.7997","47.8444"
"alacritty","normal-hook","interval-init-to-wakeup-proxy","15","11.6077","9.96870000000001","17.3945"
"alacritty","normal-hook","interval-pty-setup-proxy","15","78.3204","54.7911","88.768"
"alacritty","normal-hook","interval-renderer-proxy","15","6.1015","5.3912","6.82430000000001"
"alacritty","normal-hook","interval-window-context-proxy","15","66.3989","56.4696","73.9771"
"alacritty","normal-hook","interval-window-through-glyphs","15","91.4408","78.4005","103.0167"
"alacritty","normal-hook","stage-conpty-api","15","132.1729","112.5251","178.8328"
"alacritty","normal-hook","stage-first-pty-wakeup-proxy","15","220.8233","203.9135","264.3834"
"alacritty","normal-hook","stage-first-redraw-request","15","210.6284","192.4413","253.2935"
"alacritty","normal-hook","stage-glyph-fill-done","15","106.7119","93.2716","129.3344"
"alacritty","normal-hook","stage-glyph-fill-start","15","90.9191","79.6256","109.2037"
"alacritty","normal-hook","stage-initialisation-complete","15","210.1881","191.8454","252.7757"
"alacritty","normal-hook","stage-loading-font","15","81.67","71.3407","98.851"
"alacritty","normal-hook","stage-pty-dimensions","15","130.9163","111.0713","177.1788"
"alacritty","normal-hook","stage-renderer-entered","15","84.2438","73.6846","102.3794"
"alacritty","normal-hook","stage-renderer-selected","15","84.6794","74.0315","102.8055"
"alacritty","normal-hook","stage-scale-factor","15","15.5446","13.1958","26.3177"
"alacritty","normal-hook","stage-welcome","15","0.0052","0.0047","0.008"
"alacritty","normal-hook","stage-wgl-selected","15","69.6513","63.5577","89.765"
"terminal","cmd","cost-adapter-info","15","0","0","0.002"
"terminal","cmd","cost-adapter-request","15","32.773","30.779","41.14"
"terminal","cmd","cost-adapter-request-call","15","32.74","30.738","41.098"
"terminal","cmd","cost-adapter-request-poll","15","0.006","0.005","0.007"
"terminal","cmd","cost-application-default-state","15","0.143","0.127","0.241"
"terminal","cmd","cost-application-state-and-paths","15","0.176","0.154","0.324"
"terminal","cmd","cost-atlas-texture-create","15","1.269","1.06","1.694"
"terminal","cmd","cost-atlas-view-sampler-bind-group","15","0.19","0.141","0.25"
"terminal","cmd","cost-buffer-create-upload","15","0.264","0.155","0.449"
"terminal","cmd","cost-cli-parse","15","0.659","0.593","1.08"
"terminal","cmd","cost-config-read-parse","15","0.23","0.193","0.437"
"terminal","cmd","cost-device-request","15","24.334","23.4","30.949"
"terminal","cmd","cost-device-request-call","15","24.295","23.361","30.888"
"terminal","cmd","cost-device-request-poll","15","0.002","0.002","0.005"
"terminal","cmd","cost-event-loop-create","15","3.758","3.124","6.646"
"terminal","cmd","cost-fallback-candidate-collection","15","0.009","0.008","0.01"
"terminal","cmd","cost-fallback-candidate-ordering","15","1.186","1.06","1.304"
"terminal","cmd","cost-fallback-candidate-sort","15","1.156","1.033","1.273"
"terminal","cmd","cost-first-present","15","0.33","0.254","0.649"
"terminal","cmd","cost-font-cache-setup","15","0.004","0.003","0.005"
"terminal","cmd","cost-font-configured-family-query","15","0.009","0.008","0.012"
"terminal","cmd","cost-font-database-create","15","0","0","0.001"
"terminal","cmd","cost-font-family-preparation","15","26.821","25.381","34.967"
"terminal","cmd","cost-font-family-resolution","15","0.025","0.024","0.032"
"terminal","cmd","cost-font-metrics","15","0.074","0.054","0.179"
"terminal","cmd","cost-font-primary-monospace-validation","15","0","0","0"
"terminal","cmd","cost-frame-texture-view","15","0.01","0.007","0.015"
"terminal","cmd","cost-glyph-atlas","15","1.498","1.235","1.99"
"terminal","cmd","cost-glyph-bind-group-layout","15","0.039","0.032","0.063"
"terminal","cmd","cost-glyph-pipeline","15","5.647","4.959","7.857"
"terminal","cmd","cost-gpu-backend-policy","15","0.009","0.008","0.015"
"terminal","cmd","cost-gpu-initialize","15","63.712","60.999","74.076"
"terminal","cmd","cost-initial-grid-resize","15","0.105","0.055","0.156"
"terminal","cmd","cost-initial-projection","15","0.028","0.021","0.037"
"terminal","cmd","cost-initial-ui-and-pane-layout","15","0.005","0.004","0.01"
"terminal","cmd","cost-instance-buffer-allocation","15","0.092","0.063","0.152"
"terminal","cmd","cost-instance-buffer-writes","15","0.113","0.072","0.298"
"terminal","cmd","cost-instance-generation","15","0.003","0.002","0.003"
"terminal","cmd","cost-pre-present-notify","15","0","0","0"
"terminal","cmd","cost-queue-submit","15","0.378","0.305","0.542"
"terminal","cmd","cost-rectangle-pipeline","15","5.168","4.428","5.498"
"terminal","cmd","cost-render-encoding","15","0.566","0.382","0.772"
"terminal","cmd","cost-shader-and-layout","15","0.399","0.337","0.671"
"terminal","cmd","cost-shader-module-create","15","0.339","0.273","0.561"
"terminal","cmd","cost-surface-acquire","15","0.042","0.034","0.055"
"terminal","cmd","cost-surface-capabilities-and-config","15","0.008","0.007","0.024"
"terminal","cmd","cost-surface-configure","15","4.728","3.782","6.348"
"terminal","cmd","cost-surface-create","15","0.026","0.025","0.033"
"terminal","cmd","cost-system-font-discovery","15","25.658","24.088","33.665"
"terminal","cmd","cost-wgpu-instance","15","5.876","5.264","6.942"
"terminal","cmd","cost-window-create-and-branding","15","13.83","12.759","23.23"
"terminal","cmd","cost-workspace-model-and-runtimes","15","0.012","0.01","0.024"
"terminal","cmd","external-ClockDriftMs","15","-0.00749999999970896","-0.018500000000131","-0.00389999999970314"
"terminal","cmd","external-FocusMs","15","168.4439","152.5558","205.0356"
"terminal","cmd","external-InputIdleMs","15","198.1248","176.4929","235.7348"
"terminal","cmd","external-interval-launch-to-shell","15","177.8629","164.4873","208.0203"
"terminal","cmd","external-interval-shell-to-readiness","15","135.6587","126.2398","154.6599"
"terminal","cmd","external-interval-visible-to-readiness","15","162.0592","145.2572","175.3169"
"terminal","cmd","external-interval-visible-to-shell","15","21.771","14.9269","33.1004"
"terminal","cmd","external-MaxPollGapMs","15","31.2098","16.7212999999999","32.5141999999998"
"terminal","cmd","external-ProcessCreatedMs","15","1.2749","1.1077","2.6801"
"terminal","cmd","external-PromptFunctionMs","15","314.6333","296.6914","354.5679"
"terminal","cmd","external-ShellProcessCreatedMs","15","178.9746","165.7005","210.7004"
"terminal","cmd","external-StartReturnedMs","15","4.2072","3.2151","7.2472"
"terminal","cmd","external-WindowExistsMs","15","39.5582","34.8287","64.9036"
"terminal","cmd","external-WindowVisibleMs","15","153.5606","145.0435","188.7397"
"terminal","cmd","interval-child-spawn","15","8.08699999999999","6.352","9.56100000000001"
"terminal","cmd","interval-font","15","26.909","25.483","35.101"
"terminal","cmd","interval-font-through-renderer","15","95.122","92.443","110.651"
"terminal","cmd","interval-gpu","15","63.729","61.015","74.095"
"terminal","cmd","interval-present-to-show","15","20.543","17.895","28.601"
"terminal","cmd","interval-pty-create","15","8.38200000000001","7.13800000000001","9.71199999999999"
"terminal","cmd","interval-renderer-to-present","15","15.098","13.188","17.381"
"terminal","cmd","interval-renderer-to-show","15","35.366","33.001","45.982"
"terminal","cmd","interval-spawn-to-bytes","15","12.148","10.428","22.163"
"terminal","cmd","interval-spawn-to-text","15","32.506","23.442","36.01"
"terminal","cmd","interval-text-to-render","15","21.872","21.116","25.023"
"terminal","cmd","stage-adapter-selected","15","91.124","81.732","116.659"
"terminal","cmd","stage-application-started","15","0.338","0.287","9.107"
"terminal","cmd","stage-child-spawn-requested","15","166.471","153.981","187.838"
"terminal","cmd","stage-child-spawned","15","174.354","160.994","195.826"
"terminal","cmd","stage-config-loaded","15","7.209","5.079","18.66"
"terminal","cmd","stage-device-queue-ready","15","116.403","106.433","141.285"
"terminal","cmd","stage-environment-build-begin","15","166.085","153.642","187.396"
"terminal","cmd","stage-environment-build-end","15","166.455","153.967","187.807"
"terminal","cmd","stage-first-frame-presented","15","135.982","125.731","161.044"
"terminal","cmd","stage-first-output-processed","15","188.431","175.707","208.538"
"terminal","cmd","stage-first-pty-bytes","15","188.225","175.555","208.018"
"terminal","cmd","stage-first-redraw-requested","15","121.644","111.47","145.337"
"terminal","cmd","stage-first-shell-output-rendered","15","222.916","216.041","253.114"
"terminal","cmd","stage-first-shell-text-processed","15","201.262","194.554","231.447"
"terminal","cmd","stage-fonts-ready","15","51.152","45.425","77.185"
"terminal","cmd","stage-fonts-started","15","23.373","18.86","42.084"
"terminal","cmd","stage-gpu-ready","15","116.424","106.45","141.303"
"terminal","cmd","stage-gpu-started","15","51.162","45.435","77.196"
"terminal","cmd","stage-initial-grid-ready","15","121.6","111.429","145.294"
"terminal","cmd","stage-initial-size-sent","15","166.069","153.629","187.369"
"terminal","cmd","stage-pty-backend-created","15","158.12","144.723","179.035"
"terminal","cmd","stage-pty-config-ready","15","158.138","144.734","179.046"
"terminal","cmd","stage-pty-create-begin","15","158.171","144.758","179.068"
"terminal","cmd","stage-pty-created","15","166.015","153.601","187.332"
"terminal","cmd","stage-pty-spawn-complete","15","174.48","161.107","195.933"
"terminal","cmd","stage-pty-spawned","15","174.381","161.021","195.853"
"terminal","cmd","stage-pty-started","15","158.065","144.687","178.998"
"terminal","cmd","stage-pty-worker-ready","15","174.465","161.093","195.919"
"terminal","cmd","stage-renderer-ready","15","121.474","111.303","145.209"
"terminal","cmd","stage-session-config-ready","15","158.152","144.744","179.055"
"terminal","cmd","stage-session-preparation-begin","15","158.099","144.71","179.022"
"terminal","cmd","stage-terminal-state-created","15","5.194","4.468","13.976"
"terminal","cmd","stage-window-created","15","23.36","18.847","42.07"
"terminal","cmd","stage-window-shown","15","157.999","144.628","178.939"
"terminal","cmd","stage-workspace-restore-begin","15","5.453","4.753","14.263"
"terminal","cmd","stage-workspace-restore-end","15","5.514","4.822","14.332"
"terminal","no-profile-hook","cost-adapter-info","15","0.001","0","0.001"
"terminal","no-profile-hook","cost-adapter-request","15","33.338","30.838","36.222"
"terminal","no-profile-hook","cost-adapter-request-call","15","33.302","30.789","36.176"
"terminal","no-profile-hook","cost-adapter-request-poll","15","0.006","0.005","0.008"
"terminal","no-profile-hook","cost-application-default-state","15","0.142","0.125","0.218"
"terminal","no-profile-hook","cost-application-state-and-paths","15","0.174","0.153","0.253"
"terminal","no-profile-hook","cost-atlas-texture-create","15","1.431","1.231","2.579"
"terminal","no-profile-hook","cost-atlas-view-sampler-bind-group","15","0.198","0.17","0.356"
"terminal","no-profile-hook","cost-buffer-create-upload","15","0.283","0.172","0.865"
"terminal","no-profile-hook","cost-cli-parse","15","0.734","0.644","1.246"
"terminal","no-profile-hook","cost-config-read-parse","15","0.293","0.26","0.419"
"terminal","no-profile-hook","cost-device-request","15","25.143","22.677","26.807"
"terminal","no-profile-hook","cost-device-request-call","15","25.107","22.637","26.764"
"terminal","no-profile-hook","cost-device-request-poll","15","0.002","0.002","0.003"
"terminal","no-profile-hook","cost-event-loop-create","15","4.377","3.372","8.069"
"terminal","no-profile-hook","cost-fallback-candidate-collection","15","0.008","0.006","0.014"
"terminal","no-profile-hook","cost-fallback-candidate-ordering","15","1.105","1.07","1.369"
"terminal","no-profile-hook","cost-fallback-candidate-sort","15","1.077","1.035","1.33"
"terminal","no-profile-hook","cost-first-present","15","0.339","0.25","0.59"
"terminal","no-profile-hook","cost-font-cache-setup","15","0.003","0.003","0.005"
"terminal","no-profile-hook","cost-font-configured-family-query","15","0.01","0.008","0.014"
"terminal","no-profile-hook","cost-font-database-create","15","0","0","0.001"
"terminal","no-profile-hook","cost-font-family-preparation","15","28.211","26.391","33.436"
"terminal","no-profile-hook","cost-font-family-resolution","15","0.026","0.024","0.033"
"terminal","no-profile-hook","cost-font-metrics","15","0.064","0.056","0.116"
"terminal","no-profile-hook","cost-font-primary-monospace-validation","15","0","0","0"
"terminal","no-profile-hook","cost-frame-texture-view","15","0.011","0.008","0.019"
"terminal","no-profile-hook","cost-glyph-atlas","15","1.685","1.45","2.972"
"terminal","no-profile-hook","cost-glyph-bind-group-layout","15","0.038","0.034","0.057"
"terminal","no-profile-hook","cost-glyph-pipeline","15","5.792","4.872","7.111"
"terminal","no-profile-hook","cost-gpu-backend-policy","15","0.01","0.009","0.013"
"terminal","no-profile-hook","cost-gpu-initialize","15","65.17","61.225","70.84"
"terminal","no-profile-hook","cost-initial-grid-resize","15","0.095","0.065","0.145"
"terminal","no-profile-hook","cost-initial-projection","15","0.027","0.023","0.036"
"terminal","no-profile-hook","cost-initial-ui-and-pane-layout","15","0.005","0.004","0.007"
"terminal","no-profile-hook","cost-instance-buffer-allocation","15","0.108","0.067","0.431"
"terminal","no-profile-hook","cost-instance-buffer-writes","15","0.127","0.079","0.336"
"terminal","no-profile-hook","cost-instance-generation","15","0.003","0.002","0.005"
"terminal","no-profile-hook","cost-pre-present-notify","15","0","0","0"
"terminal","no-profile-hook","cost-queue-submit","15","0.408","0.294","0.769"
"terminal","no-profile-hook","cost-rectangle-pipeline","15","5.285","4.484","5.723"
"terminal","no-profile-hook","cost-render-encoding","15","0.567","0.484","1.063"
"terminal","no-profile-hook","cost-shader-and-layout","15","0.379","0.359","0.427"
"terminal","no-profile-hook","cost-shader-module-create","15","0.317","0.304","0.366"
"terminal","no-profile-hook","cost-surface-acquire","15","0.044","0.036","0.07"
"terminal","no-profile-hook","cost-surface-capabilities-and-config","15","0.008","0.007","0.009"
"terminal","no-profile-hook","cost-surface-configure","15","4.601","3.934","5.58"
"terminal","no-profile-hook","cost-surface-create","15","0.026","0.026","0.036"
"terminal","no-profile-hook","cost-system-font-discovery","15","27.043","25.194","31.97"
"terminal","no-profile-hook","cost-wgpu-instance","15","6.047","5.329","9.094"
"terminal","no-profile-hook","cost-window-create-and-branding","15","14.941","13.65","16.861"
"terminal","no-profile-hook","cost-workspace-model-and-runtimes","15","0.014","0.012","0.019"
"terminal","no-profile-hook","external-ClockDriftMs","15","-0.0258000000003449","-0.0493000000001302","-0.0193999999996777"
"terminal","no-profile-hook","external-FocusMs","15","178.8309","159.1222","203.5541"
"terminal","no-profile-hook","external-InputIdleMs","15","215.7511","193.9744","247.7564"
"terminal","no-profile-hook","external-interval-launch-to-shell","15","212.1106","197.0486","242.641"
"terminal","no-profile-hook","external-interval-shell-to-readiness","15","537.5444","515.168","585.8348"
"terminal","no-profile-hook","external-interval-visible-to-readiness","15","591.4532","552.2655","642.5406"
"terminal","no-profile-hook","external-interval-visible-to-shell","15","52.7032","24.8992","65.2551"
"terminal","no-profile-hook","external-MaxPollGapMs","15","31.1187999999997","17.0747999999999","33.4165"
"terminal","no-profile-hook","external-ProcessCreatedMs","15","1.4122","1.1586","2.5245"
"terminal","no-profile-hook","external-PromptFunctionMs","15","748.2598","725.5594","831.0003"
"terminal","no-profile-hook","external-ShellProcessCreatedMs","15","214.5185","198.2952","245.1655"
"terminal","no-profile-hook","external-StartReturnedMs","15","5.0656","3.1875","9.0464"
"terminal","no-profile-hook","external-WindowExistsMs","15","40.3351","31.3869","64.0459"
"terminal","no-profile-hook","external-WindowVisibleMs","15","162.3786","148.8939","188.4597"
"terminal","no-profile-hook","interval-child-spawn","15","113.414","105.655","121.909"
"terminal","no-profile-hook","interval-font","15","28.309","26.476","33.58"
"terminal","no-profile-hook","interval-font-through-renderer","15","98.114","93.702","105.95"
"terminal","no-profile-hook","interval-gpu","15","65.187","61.241","70.859"
"terminal","no-profile-hook","interval-present-to-show","15","23.479","20.172","32.603"
"terminal","no-profile-hook","interval-pty-create","15","8.321","7.67000000000002","9.327"
"terminal","no-profile-hook","interval-renderer-to-present","15","15.137","14.205","18.205"
"terminal","no-profile-hook","interval-renderer-to-show","15","38.751","35.515","50.377"
"terminal","no-profile-hook","interval-spawn-to-bytes","15","11.1799999999999","9.839","17.163"
"terminal","no-profile-hook","interval-spawn-to-prompt","15","451.483","431.748","491.061"
"terminal","no-profile-hook","interval-spawn-to-text","15","465.282","444.518","512.475"
"terminal","no-profile-hook","interval-text-to-render","15","11.498","9.78399999999999","14.01"
"terminal","no-profile-hook","stage-adapter-selected","15","94.664","86.653","103.44"
"terminal","no-profile-hook","stage-application-started","15","0.358","0.298","0.611"
"terminal","no-profile-hook","stage-child-spawn-requested","15","171.631","160.06","190.923"
"terminal","no-profile-hook","stage-child-spawned","15","285.834","273.374","311.699"
"terminal","no-profile-hook","stage-config-loaded","15","7.531","5.309","15.948"
"terminal","no-profile-hook","stage-device-queue-ready","15","120.088","109.687","128.948"
"terminal","no-profile-hook","stage-environment-build-begin","15","171.079","159.731","190.533"
"terminal","no-profile-hook","stage-environment-build-end","15","171.606","160.044","190.908"
"terminal","no-profile-hook","stage-first-frame-presented","15","139.326","129.652","150.405"
"terminal","no-profile-hook","stage-first-output-processed","15","298.865","283.58","328.585"
"terminal","no-profile-hook","stage-first-pty-bytes","15","298.688","283.313","328.399"
"terminal","no-profile-hook","stage-first-redraw-requested","15","124.319","115.047","133.451"
"terminal","no-profile-hook","stage-first-shell-output-rendered","15","763.331","735.961","834.223"
"terminal","no-profile-hook","stage-first-shell-text-processed","15","751.833","726.177","823.484"
"terminal","no-profile-hook","stage-fonts-ready","15","53.117","47.884","60.502"
"terminal","no-profile-hook","stage-fonts-started","15","23.146","19.575","31.353"
"terminal","no-profile-hook","stage-gpu-ready","15","120.105","109.703","128.967"
"terminal","no-profile-hook","stage-gpu-started","15","53.128","47.895","60.515"
"terminal","no-profile-hook","stage-initial-grid-ready","15","124.262","114.883","133.399"
"terminal","no-profile-hook","stage-initial-size-sent","15","171.06","159.717","190.518"
"terminal","no-profile-hook","stage-prompt-ready","15","736.032","713.789","802.141"
"terminal","no-profile-hook","stage-pty-backend-created","15","163.133","150.398","182.674"
"terminal","no-profile-hook","stage-pty-config-ready","15","163.144","150.408","182.685"
"terminal","no-profile-hook","stage-pty-create-begin","15","163.167","150.43","182.707"
"terminal","no-profile-hook","stage-pty-created","15","171.019","159.689","190.49"
"terminal","no-profile-hook","stage-pty-spawn-complete","15","285.95","273.513","311.805"
"terminal","no-profile-hook","stage-pty-spawned","15","285.862","273.409","311.724"
"terminal","no-profile-hook","stage-pty-started","15","163.093","150.357","182.633"
"terminal","no-profile-hook","stage-pty-worker-ready","15","285.936","273.499","311.792"
"terminal","no-profile-hook","stage-renderer-ready","15","124.165","114.792","133.282"
"terminal","no-profile-hook","stage-session-config-ready","15","163.154","150.418","182.694"
"terminal","no-profile-hook","stage-session-preparation-begin","15","163.12","150.385","182.661"
"terminal","no-profile-hook","stage-shell-integration-begin","15","684.883","660.637","735.267"
"terminal","no-profile-hook","stage-shell-integration-end","15","700.011","678.807","758.934"
"terminal","no-profile-hook","stage-shell-ready","15","736.068","713.816","802.174"
"terminal","no-profile-hook","stage-terminal-state-created","15","5.784","4.74","9.958"
"terminal","no-profile-hook","stage-window-created","15","23.133","19.562","31.34"
"terminal","no-profile-hook","stage-window-shown","15","163.031","150.307","182.577"
"terminal","no-profile-hook","stage-workspace-restore-begin","15","6.145","5.072","10.475"
"terminal","no-profile-hook","stage-workspace-restore-end","15","6.216","5.142","10.558"
"terminal","normal-hook","cost-adapter-info","15","0.001","0","0.002"
"terminal","normal-hook","cost-adapter-request","15","33.22","30.368","35.768"
"terminal","normal-hook","cost-adapter-request-call","15","33.181","30.33","35.726"
"terminal","normal-hook","cost-adapter-request-poll","15","0.006","0.005","0.007"
"terminal","normal-hook","cost-application-default-state","15","0.141","0.13","0.233"
"terminal","normal-hook","cost-application-state-and-paths","15","0.174","0.161","0.304"
"terminal","normal-hook","cost-atlas-texture-create","15","1.345","1.128","2.149"
"terminal","normal-hook","cost-atlas-view-sampler-bind-group","15","0.188","0.162","0.428"
"terminal","normal-hook","cost-buffer-create-upload","15","0.26","0.162","0.582"
"terminal","normal-hook","cost-cli-parse","15","0.73","0.634","1.143"
"terminal","normal-hook","cost-config-read-parse","15","0.302","0.262","0.47"
"terminal","normal-hook","cost-device-request","15","25.339","22.287","27.688"
"terminal","normal-hook","cost-device-request-call","15","25.303","22.251","27.65"
"terminal","normal-hook","cost-device-request-poll","15","0.002","0.002","0.003"
"terminal","normal-hook","cost-event-loop-create","15","4.27","3.232","5.897"
"terminal","normal-hook","cost-fallback-candidate-collection","15","0.008","0.006","0.014"
"terminal","normal-hook","cost-fallback-candidate-ordering","15","1.119","1.071","1.402"
"terminal","normal-hook","cost-fallback-candidate-sort","15","1.091","1.046","1.369"
"terminal","normal-hook","cost-first-present","15","0.317","0.243","0.448"
"terminal","normal-hook","cost-font-cache-setup","15","0.004","0.003","0.013"
"terminal","normal-hook","cost-font-configured-family-query","15","0.01","0.008","0.013"
"terminal","normal-hook","cost-font-database-create","15","0","0","0"
"terminal","normal-hook","cost-font-family-preparation","15","27.466","25.525","32.429"
"terminal","normal-hook","cost-font-family-resolution","15","0.026","0.024","0.04"
"terminal","normal-hook","cost-font-metrics","15","0.078","0.059","0.188"
"terminal","normal-hook","cost-font-primary-monospace-validation","15","0","0","0"
"terminal","normal-hook","cost-frame-texture-view","15","0.01","0.007","0.018"
"terminal","normal-hook","cost-glyph-atlas","15","1.577","1.327","2.522"
"terminal","normal-hook","cost-glyph-bind-group-layout","15","0.041","0.032","0.062"
"terminal","normal-hook","cost-glyph-pipeline","15","5.429","4.945","6.9"
"terminal","normal-hook","cost-gpu-backend-policy","15","0.01","0.009","0.017"
"terminal","normal-hook","cost-gpu-initialize","15","64.696","59.657","71.236"
"terminal","normal-hook","cost-initial-grid-resize","15","0.12","0.078","0.17"
"terminal","normal-hook","cost-initial-projection","15","0.028","0.023","0.084"
"terminal","normal-hook","cost-initial-ui-and-pane-layout","15","0.006","0.004","0.009"
"terminal","normal-hook","cost-instance-buffer-allocation","15","0.095","0.062","0.257"
"terminal","normal-hook","cost-instance-buffer-writes","15","0.109","0.075","0.268"
"terminal","normal-hook","cost-instance-generation","15","0.002","0.002","0.005"
"terminal","normal-hook","cost-pre-present-notify","15","0","0","0"
"terminal","normal-hook","cost-queue-submit","15","0.358","0.311","0.581"
"terminal","normal-hook","cost-rectangle-pipeline","15","5.145","4.512","5.784"
"terminal","normal-hook","cost-render-encoding","15","0.518","0.403","0.904"
"terminal","normal-hook","cost-shader-and-layout","15","0.381","0.34","0.507"
"terminal","normal-hook","cost-shader-module-create","15","0.312","0.288","0.436"
"terminal","normal-hook","cost-surface-acquire","15","0.045","0.036","0.066"
"terminal","normal-hook","cost-surface-capabilities-and-config","15","0.008","0.007","0.01"
"terminal","normal-hook","cost-surface-configure","15","4.507","4.015","5.403"
"terminal","normal-hook","cost-surface-create","15","0.029","0.025","0.034"
"terminal","normal-hook","cost-system-font-discovery","15","26.266","24.37","31.063"
"terminal","normal-hook","cost-wgpu-instance","15","6.527","5.574","8.359"
"terminal","normal-hook","cost-window-create-and-branding","15","14.126","12.203","20.969"
"terminal","normal-hook","cost-workspace-model-and-runtimes","15","0.014","0.011","0.025"
"terminal","normal-hook","external-ClockDriftMs","15","-0.0257000000001426","-0.0356999999999061","-0.0208999999999833"
"terminal","normal-hook","external-FocusMs","15","181.8083","166.0887","192.7272"
"terminal","normal-hook","external-InputIdleMs","15","215.2752","196.6837","233.2021"
"terminal","normal-hook","external-interval-launch-to-shell","15","211.6326","193.9217","230.4626"
"terminal","normal-hook","external-interval-shell-to-readiness","15","612.4743","589.853","641.8793"
"terminal","normal-hook","external-interval-visible-to-readiness","15","668.1677","645.6866","690.7219"
"terminal","normal-hook","external-interval-visible-to-shell","15","54.4263","39.4017","59.3519"
"terminal","normal-hook","external-MaxPollGapMs","15","31.1961000000001","29.828","32.6532999999999"
"terminal","normal-hook","external-ProcessCreatedMs","15","1.6871","1.1522","2.6331"
"terminal","normal-hook","external-PromptFunctionMs","15","829.6653","796.7869","862.7523"
"terminal","normal-hook","external-ShellProcessCreatedMs","15","213.3197","195.1446","233.0957"
"terminal","normal-hook","external-StartReturnedMs","15","4.2978","3.1325","7.774"
"terminal","normal-hook","external-WindowExistsMs","15","41.3962","28.6879","64.4781"
"terminal","normal-hook","external-WindowVisibleMs","15","163.2793","150.6696","174.3841"
"terminal","normal-hook","interval-child-spawn","15","112.978","108.871","117.569"
"terminal","normal-hook","interval-font","15","27.559","25.614","32.627"
"terminal","normal-hook","interval-font-through-renderer","15","96.382","89.592","104.966"
"terminal","normal-hook","interval-gpu","15","64.712","59.675","71.253"
"terminal","normal-hook","interval-present-to-show","15","23.5","19.229","27.231"
"terminal","normal-hook","interval-pty-create","15","8.38899999999998","6.85300000000001","9.69999999999999"
"terminal","normal-hook","interval-renderer-to-present","15","15.159","13.079","17.97"
"terminal","normal-hook","interval-renderer-to-show","15","38.865","32.423","45.077"
"terminal","normal-hook","interval-spawn-to-bytes","15","11.92","9.92099999999999","24.451"
"terminal","normal-hook","interval-spawn-to-prompt","15","527.887","506.406","553.68"
"terminal","normal-hook","interval-spawn-to-text","15","541.295","522.78","575.287"
"terminal","normal-hook","interval-text-to-render","15","9.68899999999996","8.298","14.6850000000001"
"terminal","normal-hook","stage-adapter-selected","15","93.552","82.533","105.132"
"terminal","normal-hook","stage-application-started","15","0.369","0.322","10.129"
"terminal","normal-hook","stage-child-spawn-requested","15","171.042","159.745","185.659"
"terminal","normal-hook","stage-child-spawned","15","283.111","270.85","300.293"
"terminal","normal-hook","stage-config-loaded","15","8.363","6.159","16.863"
"terminal","normal-hook","stage-device-queue-ready","15","119.339","110.402","131.825"
"terminal","normal-hook","stage-environment-build-begin","15","170.718","159.395","185.319"
"terminal","normal-hook","stage-environment-build-end","15","171.028","159.73","185.646"
"terminal","normal-hook","stage-first-frame-presented","15","141.236","129.607","150.2"
"terminal","normal-hook","stage-first-output-processed","15","297.347","282.607","311.683"
"terminal","normal-hook","stage-first-pty-bytes","15","297.185","282.452","311.446"
"terminal","normal-hook","stage-first-redraw-requested","15","124.28","115.045","136.687"
"terminal","normal-hook","stage-first-shell-output-rendered","15","836.968","811.874","876.469"
"terminal","normal-hook","stage-first-shell-text-processed","15","827.127","803.305","867.643"
"terminal","normal-hook","stage-fonts-ready","15","52.087","44.405","64.636"
"terminal","normal-hook","stage-fonts-started","15","24.074","18.473","34.722"
"terminal","normal-hook","stage-gpu-ready","15","119.439","110.422","131.843"
"terminal","normal-hook","stage-gpu-started","15","52.099","44.416","64.648"
"terminal","normal-hook","stage-initial-grid-ready","15","124.226","114.813","136.627"
"terminal","normal-hook","stage-initial-size-sent","15","170.706","159.382","185.305"
"terminal","normal-hook","stage-prompt-ready","15","814.187","785.014","846.162"
"terminal","normal-hook","stage-pty-backend-created","15","162.637","150.722","177.532"
"terminal","normal-hook","stage-pty-config-ready","15","162.648","150.734","177.544"
"terminal","normal-hook","stage-pty-create-begin","15","162.67","150.755","177.566"
"terminal","normal-hook","stage-pty-created","15","170.681","159.355","185.28"
"terminal","normal-hook","stage-pty-spawn-complete","15","283.226","270.972","300.429"
"terminal","normal-hook","stage-pty-spawned","15","283.138","270.876","300.325"
"terminal","normal-hook","stage-pty-started","15","162.593","150.679","177.481"
"terminal","normal-hook","stage-pty-worker-ready","15","283.212","270.959","300.415"
"terminal","normal-hook","stage-renderer-ready","15","124.099","114.623","136.515"
"terminal","normal-hook","stage-session-config-ready","15","162.657","150.743","177.554"
"terminal","normal-hook","stage-session-preparation-begin","15","162.624","150.709","177.519"
"terminal","normal-hook","stage-shell-integration-begin","15","773.256","745.609","807.486"
"terminal","normal-hook","stage-shell-integration-end","15","782.333","753.27","815.391"
"terminal","normal-hook","stage-shell-ready","15","814.225","785.043","846.204"
"terminal","normal-hook","stage-terminal-state-created","15","5.882","4.674","15.884"
"terminal","normal-hook","stage-window-created","15","24.06","18.461","34.709"
"terminal","normal-hook","stage-window-shown","15","162.529","150.627","177.431"
"terminal","normal-hook","stage-workspace-restore-begin","15","6.232","5.003","16.372"
"terminal","normal-hook","stage-workspace-restore-end","15","6.295","5.072","16.445"
