"run","stage","duration_us"
"1","cli-parse","2750"
"1","event-loop-create","6974"
"1","application-default-state","174"
"1","application-state-and-paths","210"
"1","config-read-parse","159"
"1","workspace-model-and-runtimes","16"
"1","window-create-and-branding","17001"
"1","font-database-create","1"
"1","system-font-discovery","28822"
"1","font-generic-family-query","10"
"1","font-primary-monospace-validation","0"
"1","font-family-resolution","28"
"1","fallback-candidate-collection","13"
"1","fallback-candidate-sort","1194"
"1","fallback-candidate-ordering","1228"
"1","font-cache-setup","4"
"1","font-family-preparation","30145"
"1","font-metrics","72"
"1","gpu-backend-policy","16"
"1","wgpu-instance","7376"
"1","surface-create","47"
"1","adapter-request-call","66960"
"1","adapter-request-poll","11"
"1","adapter-request","67008"
"1","device-request-call","25515"
"1","device-request-poll","4"
"1","device-request","25557"
"1","gpu-initialize","100622"
"1","adapter-info","1"
"1","surface-capabilities-and-config","11"
"1","surface-configure","4967"
"1","initial-grid-resize","131"
"1","initial-ui-and-pane-layout","6"
"1","initial-projection","29"
"1","surface-acquire","62"
"1","shader-module-create","350"
"1","glyph-bind-group-layout","50"
"1","shader-and-layout","424"
"1","rectangle-pipeline","6034"
"1","glyph-pipeline","6325"
"1","atlas-texture-create","1343"
"1","atlas-view-sampler-bind-group","274"
"1","glyph-atlas","1668"
"1","frame-texture-view","10"
"1","instance-generation","2"
"1","instance-buffer-allocation","129"
"1","instance-buffer-writes","150"
"1","buffer-create-upload","312"
"1","render-encoding","518"
"1","queue-submit","379"
"1","pre-present-notify","0"
"1","first-present","682"
"2","cli-parse","412"
"2","event-loop-create","3754"
"2","application-default-state","143"
"2","application-state-and-paths","177"
"2","config-read-parse","153"
"2","workspace-model-and-runtimes","11"
"2","window-create-and-branding","17417"
"2","font-database-create","1"
"2","system-font-discovery","27900"
"2","font-generic-family-query","9"
"2","font-primary-monospace-validation","0"
"2","font-family-resolution","29"
"2","fallback-candidate-collection","7"
"2","fallback-candidate-sort","1181"
"2","fallback-candidate-ordering","1209"
"2","font-cache-setup","3"
"2","font-family-preparation","29207"
"2","font-metrics","54"
"2","gpu-backend-policy","10"
"2","wgpu-instance","6883"
"2","surface-create","29"
"2","adapter-request-call","32583"
"2","adapter-request-poll","6"
"2","adapter-request","32620"
"2","device-request-call","26694"
"2","device-request-poll","3"
"2","device-request","26735"
"2","gpu-initialize","66883"
"2","adapter-info","0"
"2","surface-capabilities-and-config","10"
"2","surface-configure","4835"
"2","initial-grid-resize","80"
"2","initial-ui-and-pane-layout","5"
"2","initial-projection","31"
"2","surface-acquire","46"
"2","shader-module-create","315"
"2","glyph-bind-group-layout","36"
"2","shader-and-layout","373"
"2","rectangle-pipeline","5117"
"2","glyph-pipeline","6375"
"2","atlas-texture-create","1257"
"2","atlas-view-sampler-bind-group","188"
"2","glyph-atlas","1488"
"2","frame-texture-view","10"
"2","instance-generation","3"
"2","instance-buffer-allocation","313"
"2","instance-buffer-writes","355"
"2","buffer-create-upload","725"
"2","render-encoding","619"
"2","queue-submit","425"
"2","pre-present-notify","0"
"2","first-present","386"
"3","cli-parse","567"
"3","event-loop-create","3917"
"3","application-default-state","155"
"3","application-state-and-paths","190"
"3","config-read-parse","176"
"3","workspace-model-and-runtimes","13"
"3","window-create-and-branding","13864"
"3","font-database-create","1"
"3","system-font-discovery","29414"
"3","font-generic-family-query","10"
"3","font-primary-monospace-validation","0"
"3","font-family-resolution","26"
"3","fallback-candidate-collection","12"
"3","fallback-candidate-sort","1069"
"3","fallback-candidate-ordering","1099"
"3","font-cache-setup","3"
"3","font-family-preparation","30600"
"3","font-metrics","59"
"3","gpu-backend-policy","8"
"3","wgpu-instance","5693"
"3","surface-create","26"
"3","adapter-request-call","34083"
"3","adapter-request-poll","6"
"3","adapter-request","34124"
"3","device-request-call","24332"
"3","device-request-poll","3"
"3","device-request","24373"
"3","gpu-initialize","64805"
"3","adapter-info","0"
"3","surface-capabilities-and-config","9"
"3","surface-configure","5434"
"3","initial-grid-resize","120"
"3","initial-ui-and-pane-layout","17"
"3","initial-projection","30"
"3","surface-acquire","46"
"3","shader-module-create","295"
"3","glyph-bind-group-layout","37"
"3","shader-and-layout","350"
"3","rectangle-pipeline","4935"
"3","glyph-pipeline","5637"
"3","atlas-texture-create","1181"
"3","atlas-view-sampler-bind-group","206"
"3","glyph-atlas","1447"
"3","frame-texture-view","10"
"3","instance-generation","2"
"3","instance-buffer-allocation","218"
"3","instance-buffer-writes","187"
"3","buffer-create-upload","443"
"3","render-encoding","740"
"3","queue-submit","801"
"3","pre-present-notify","0"
"3","first-present","596"
"4","cli-parse","651"
"4","event-loop-create","4585"
"4","application-default-state","144"
"4","application-state-and-paths","179"
"4","config-read-parse","177"
"4","workspace-model-and-runtimes","11"
"4","window-create-and-branding","14478"
"4","font-database-create","1"
"4","system-font-discovery","28013"
"4","font-generic-family-query","9"
"4","font-primary-monospace-validation","0"
"4","font-family-resolution","28"
"4","fallback-candidate-collection","7"
"4","fallback-candidate-sort","1201"
"4","fallback-candidate-ordering","1229"
"4","font-cache-setup","3"
"4","font-family-preparation","29335"
"4","font-metrics","55"
"4","gpu-backend-policy","10"
"4","wgpu-instance","7553"
"4","surface-create","32"
"4","adapter-request-call","34299"
"4","adapter-request-poll","5"
"4","adapter-request","34333"
"4","device-request-call","25721"
"4","device-request-poll","2"
"4","device-request","25756"
"4","gpu-initialize","68564"
"4","adapter-info","1"
"4","surface-capabilities-and-config","9"
"4","surface-configure","6070"
"4","initial-grid-resize","136"
"4","initial-ui-and-pane-layout","4"
"4","initial-projection","30"
"4","surface-acquire","47"
"4","shader-module-create","274"
"4","glyph-bind-group-layout","36"
"4","shader-and-layout","329"
"4","rectangle-pipeline","4802"
"4","glyph-pipeline","5921"
"4","atlas-texture-create","1151"
"4","atlas-view-sampler-bind-group","152"
"4","glyph-atlas","1336"
"4","frame-texture-view","8"
"4","instance-generation","2"
"4","instance-buffer-allocation","65"
"4","instance-buffer-writes","74"
"4","buffer-create-upload","159"
"4","render-encoding","485"
"4","queue-submit","434"
"4","pre-present-notify","0"
"4","first-present","326"
"5","cli-parse","469"
"5","event-loop-create","4815"
"5","application-default-state","147"
"5","application-state-and-paths","183"
"5","config-read-parse","158"
"5","workspace-model-and-runtimes","11"
"5","window-create-and-branding","13748"
"5","font-database-create","2"
"5","system-font-discovery","27770"
"5","font-generic-family-query","10"
"5","font-primary-monospace-validation","0"
"5","font-family-resolution","26"
"5","fallback-candidate-collection","10"
"5","fallback-candidate-sort","1162"
"5","fallback-candidate-ordering","1193"
"5","font-cache-setup","4"
"5","font-family-preparation","29054"
"5","font-metrics","73"
"5","gpu-backend-policy","10"
"5","wgpu-instance","6685"
"5","surface-create","30"
"5","adapter-request-call","35138"
"5","adapter-request-poll","5"
"5","adapter-request","35173"
"5","device-request-call","26181"
"5","device-request-poll","2"
"5","device-request","26217"
"5","gpu-initialize","68678"
"5","adapter-info","1"
"5","surface-capabilities-and-config","8"
"5","surface-configure","5224"
"5","initial-grid-resize","128"
"5","initial-ui-and-pane-layout","7"
"5","initial-projection","38"
"5","surface-acquire","50"
"5","shader-module-create","306"
"5","glyph-bind-group-layout","43"
"5","shader-and-layout","372"
"5","rectangle-pipeline","5481"
"5","glyph-pipeline","6483"
"5","atlas-texture-create","1307"
"5","atlas-view-sampler-bind-group","163"
"5","glyph-atlas","1508"
"5","frame-texture-view","9"
"5","instance-generation","2"
"5","instance-buffer-allocation","75"
"5","instance-buffer-writes","75"
"5","buffer-create-upload","171"
"5","render-encoding","556"
"5","queue-submit","384"
"5","pre-present-notify","0"
"5","first-present","637"
"6","cli-parse","438"
"6","event-loop-create","5450"
"6","application-default-state","147"
"6","application-state-and-paths","183"
"6","config-read-parse","151"
"6","workspace-model-and-runtimes","12"
"6","window-create-and-branding","14772"
"6","font-database-create","1"
"6","system-font-discovery","28341"
"6","font-generic-family-query","14"
"6","font-primary-monospace-validation","0"
"6","font-family-resolution","40"
"6","fallback-candidate-collection","14"
"6","fallback-candidate-sort","2500"
"6","fallback-candidate-ordering","2584"
"6","font-cache-setup","8"
"6","font-family-preparation","31053"
"6","font-metrics","183"
"6","gpu-backend-policy","15"
"6","wgpu-instance","7372"
"6","surface-create","32"
"6","adapter-request-call","43071"
"6","adapter-request-poll","5"
"6","adapter-request","43106"
"6","device-request-call","25588"
"6","device-request-poll","3"
"6","device-request","25623"
"6","gpu-initialize","76795"
"6","adapter-info","1"
"6","surface-capabilities-and-config","9"
"6","surface-configure","4955"
"6","initial-grid-resize","121"
"6","initial-ui-and-pane-layout","5"
"6","initial-projection","164"
"6","surface-acquire","48"
"6","shader-module-create","320"
"6","glyph-bind-group-layout","39"
"6","shader-and-layout","381"
"6","rectangle-pipeline","6105"
"6","glyph-pipeline","5903"
"6","atlas-texture-create","1253"
"6","atlas-view-sampler-bind-group","262"
"6","glyph-atlas","1557"
"6","frame-texture-view","10"
"6","instance-generation","2"
"6","instance-buffer-allocation","109"
"6","instance-buffer-writes","202"
"6","buffer-create-upload","344"
"6","render-encoding","857"
"6","queue-submit","512"
"6","pre-present-notify","0"
"6","first-present","428"
"7","cli-parse","410"
"7","event-loop-create","4275"
"7","application-default-state","157"
"7","application-state-and-paths","192"
"7","config-read-parse","182"
"7","workspace-model-and-runtimes","12"
"7","window-create-and-branding","14034"
"7","font-database-create","1"
"7","system-font-discovery","29192"
"7","font-generic-family-query","12"
"7","font-primary-monospace-validation","0"
"7","font-family-resolution","28"
"7","fallback-candidate-collection","7"
"7","fallback-candidate-sort","1079"
"7","fallback-candidate-ordering","1105"
"7","font-cache-setup","4"
"7","font-family-preparation","30401"
"7","font-metrics","83"
"7","gpu-backend-policy","15"
"7","wgpu-instance","7916"
"7","surface-create","28"
"7","adapter-request-call","43574"
"7","adapter-request-poll","6"
"7","adapter-request","43615"
"7","device-request-call","31351"
"7","device-request-poll","3"
"7","device-request","31397"
"7","gpu-initialize","83584"
"7","adapter-info","1"
"7","surface-capabilities-and-config","10"
"7","surface-configure","7149"
"7","initial-grid-resize","100"
"7","initial-ui-and-pane-layout","6"
"7","initial-projection","29"
"7","surface-acquire","52"
"7","shader-module-create","329"
"7","glyph-bind-group-layout","45"
"7","shader-and-layout","396"
"7","rectangle-pipeline","6160"
"7","glyph-pipeline","6830"
"7","atlas-texture-create","2078"
"7","atlas-view-sampler-bind-group","307"
"7","glyph-atlas","2444"
"7","frame-texture-view","15"
"7","instance-generation","3"
"7","instance-buffer-allocation","177"
"7","instance-buffer-writes","196"
"7","buffer-create-upload","413"
"7","render-encoding","600"
"7","queue-submit","412"
"7","pre-present-notify","0"
"7","first-present","308"
"8","cli-parse","492"
"8","event-loop-create","4020"
"8","application-default-state","145"
"8","application-state-and-paths","180"
"8","config-read-parse","154"
"8","workspace-model-and-runtimes","11"
"8","window-create-and-branding","15559"
"8","font-database-create","0"
"8","system-font-discovery","26682"
"8","font-generic-family-query","9"
"8","font-primary-monospace-validation","0"
"8","font-family-resolution","28"
"8","fallback-candidate-collection","8"
"8","fallback-candidate-sort","1245"
"8","fallback-candidate-ordering","1277"
"8","font-cache-setup","4"
"8","font-family-preparation","28052"
"8","font-metrics","84"
"8","gpu-backend-policy","10"
"8","wgpu-instance","7064"
"8","surface-create","31"
"8","adapter-request-call","33432"
"8","adapter-request-poll","5"
"8","adapter-request","33469"
"8","device-request-call","27001"
"8","device-request-poll","3"
"8","device-request","27037"
"8","gpu-initialize","68207"
"8","adapter-info","1"
"8","surface-capabilities-and-config","47"
"8","surface-configure","4691"
"8","initial-grid-resize","133"
"8","initial-ui-and-pane-layout","4"
"8","initial-projection","25"
"8","surface-acquire","40"
"8","shader-module-create","326"
"8","glyph-bind-group-layout","47"
"8","shader-and-layout","395"
"8","rectangle-pipeline","5354"
"8","glyph-pipeline","6056"
"8","atlas-texture-create","1420"
"8","atlas-view-sampler-bind-group","448"
"8","glyph-atlas","1922"
"8","frame-texture-view","13"
"8","instance-generation","2"
"8","instance-buffer-allocation","216"
"8","instance-buffer-writes","128"
"8","buffer-create-upload","376"
"8","render-encoding","750"
"8","queue-submit","512"
"8","pre-present-notify","0"
"8","first-present","304"
"9","cli-parse","394"
"9","event-loop-create","3851"
"9","application-default-state","148"
"9","application-state-and-paths","184"
"9","config-read-parse","364"
"9","workspace-model-and-runtimes","26"
"9","window-create-and-branding","14662"
"9","font-database-create","1"
"9","system-font-discovery","26592"
"9","font-generic-family-query","10"
"9","font-primary-monospace-validation","0"
"9","font-family-resolution","29"
"9","fallback-candidate-collection","8"
"9","fallback-candidate-sort","1182"
"9","fallback-candidate-ordering","1211"
"9","font-cache-setup","3"
"9","font-family-preparation","27897"
"9","font-metrics","56"
"9","gpu-backend-policy","9"
"9","wgpu-instance","7423"
"9","surface-create","27"
"9","adapter-request-call","34884"
"9","adapter-request-poll","5"
"9","adapter-request","34917"
"9","device-request-call","26915"
"9","device-request-poll","3"
"9","device-request","26954"
"9","gpu-initialize","69880"
"9","adapter-info","0"
"9","surface-capabilities-and-config","8"
"9","surface-configure","4701"
"9","initial-grid-resize","103"
"9","initial-ui-and-pane-layout","6"
"9","initial-projection","35"
"9","surface-acquire","40"
"9","shader-module-create","301"
"9","glyph-bind-group-layout","33"
"9","shader-and-layout","352"
"9","rectangle-pipeline","6291"
"9","glyph-pipeline","7204"
"9","atlas-texture-create","1528"
"9","atlas-view-sampler-bind-group","207"
"9","glyph-atlas","1785"
"9","frame-texture-view","13"
"9","instance-generation","3"
"9","instance-buffer-allocation","81"
"9","instance-buffer-writes","202"
"9","buffer-create-upload","316"
"9","render-encoding","663"
"9","queue-submit","730"
"9","pre-present-notify","0"
"9","first-present","389"
"10","cli-parse","498"
"10","event-loop-create","4550"
"10","application-default-state","145"
"10","application-state-and-paths","180"
"10","config-read-parse","140"
"10","workspace-model-and-runtimes","10"
"10","window-create-and-branding","14206"
"10","font-database-create","1"
"10","system-font-discovery","26872"
"10","font-generic-family-query","10"
"10","font-primary-monospace-validation","0"
"10","font-family-resolution","26"
"10","fallback-candidate-collection","10"
"10","fallback-candidate-sort","1106"
"10","fallback-candidate-ordering","1135"
"10","font-cache-setup","3"
"10","font-family-preparation","28098"
"10","font-metrics","56"
"10","gpu-backend-policy","9"
"10","wgpu-instance","5589"
"10","surface-create","29"
"10","adapter-request-call","33462"
"10","adapter-request-poll","5"
"10","adapter-request","33500"
"10","device-request-call","25394"
"10","device-request-poll","2"
"10","device-request","25431"
"10","gpu-initialize","65153"
"10","adapter-info","0"
"10","surface-capabilities-and-config","8"
"10","surface-configure","5203"
"10","initial-grid-resize","118"
"10","initial-ui-and-pane-layout","4"
"10","initial-projection","25"
"10","surface-acquire","33"
"10","shader-module-create","310"
"10","glyph-bind-group-layout","30"
"10","shader-and-layout","360"
"10","rectangle-pipeline","5359"
"10","glyph-pipeline","5748"
"10","atlas-texture-create","1190"
"10","atlas-view-sampler-bind-group","148"
"10","glyph-atlas","1368"
"10","frame-texture-view","8"
"10","instance-generation","2"
"10","instance-buffer-allocation","70"
"10","instance-buffer-writes","77"
"10","buffer-create-upload","167"
"10","render-encoding","420"
"10","queue-submit","327"
"10","pre-present-notify","0"
"10","first-present","544"
"11","cli-parse","424"
"11","event-loop-create","4868"
"11","application-default-state","163"
"11","application-state-and-paths","201"
"11","config-read-parse","192"
"11","workspace-model-and-runtimes","15"
"11","window-create-and-branding","15704"
"11","font-database-create","1"
"11","system-font-discovery","32180"
"11","font-generic-family-query","13"
"11","font-primary-monospace-validation","0"
"11","font-family-resolution","31"
"11","fallback-candidate-collection","12"
"11","fallback-candidate-sort","1281"
"11","fallback-candidate-ordering","1317"
"11","font-cache-setup","4"
"11","font-family-preparation","33599"
"11","font-metrics","84"
"11","gpu-backend-policy","11"
"11","wgpu-instance","7315"
"11","surface-create","35"
"11","adapter-request-call","39123"
"11","adapter-request-poll","5"
"11","adapter-request","39162"
"11","device-request-call","29816"
"11","device-request-poll","3"
"11","device-request","29857"
"11","gpu-initialize","76987"
"11","adapter-info","1"
"11","surface-capabilities-and-config","9"
"11","surface-configure","4919"
"11","initial-grid-resize","103"
"11","initial-ui-and-pane-layout","6"
"11","initial-projection","31"
"11","surface-acquire","48"
"11","shader-module-create","497"
"11","glyph-bind-group-layout","48"
"11","shader-and-layout","580"
"11","rectangle-pipeline","6387"
"11","glyph-pipeline","6194"
"11","atlas-texture-create","1831"
"11","atlas-view-sampler-bind-group","562"
"11","glyph-atlas","2453"
"11","frame-texture-view","16"
"11","instance-generation","2"
"11","instance-buffer-allocation","127"
"11","instance-buffer-writes","137"
"11","buffer-create-upload","296"
"11","render-encoding","565"
"11","queue-submit","543"
"11","pre-present-notify","0"
"11","first-present","517"
"12","cli-parse","350"
"12","event-loop-create","4249"
"12","application-default-state","148"
"12","application-state-and-paths","182"
"12","config-read-parse","166"
"12","workspace-model-and-runtimes","10"
"12","window-create-and-branding","15341"
"12","font-database-create","1"
"12","system-font-discovery","26178"
"12","font-generic-family-query","10"
"12","font-primary-monospace-validation","0"
"12","font-family-resolution","26"
"12","fallback-candidate-collection","6"
"12","fallback-candidate-sort","1426"
"12","fallback-candidate-ordering","1460"
"12","font-cache-setup","6"
"12","font-family-preparation","27726"
"12","font-metrics","93"
"12","gpu-backend-policy","9"
"12","wgpu-instance","5855"
"12","surface-create","26"
"12","adapter-request-call","34070"
"12","adapter-request-poll","5"
"12","adapter-request","34106"
"12","device-request-call","25114"
"12","device-request-poll","2"
"12","device-request","25153"
"12","gpu-initialize","65690"
"12","adapter-info","0"
"12","surface-capabilities-and-config","8"
"12","surface-configure","4666"
"12","initial-grid-resize","119"
"12","initial-ui-and-pane-layout","4"
"12","initial-projection","25"
"12","surface-acquire","41"
"12","shader-module-create","302"
"12","glyph-bind-group-layout","42"
"12","shader-and-layout","366"
"12","rectangle-pipeline","5410"
"12","glyph-pipeline","6143"
"12","atlas-texture-create","1385"
"12","atlas-view-sampler-bind-group","170"
"12","glyph-atlas","1600"
"12","frame-texture-view","9"
"12","instance-generation","2"
"12","instance-buffer-allocation","166"
"12","instance-buffer-writes","146"
"12","buffer-create-upload","350"
"12","render-encoding","539"
"12","queue-submit","320"
"12","pre-present-notify","0"
"12","first-present","279"
"13","cli-parse","454"
"13","event-loop-create","3826"
"13","application-default-state","143"
"13","application-state-and-paths","172"
"13","config-read-parse","145"
"13","workspace-model-and-runtimes","10"
"13","window-create-and-branding","13840"
"13","font-database-create","1"
"13","system-font-discovery","25647"
"13","font-generic-family-query","10"
"13","font-primary-monospace-validation","0"
"13","font-family-resolution","27"
"13","fallback-candidate-collection","9"
"13","fallback-candidate-sort","1034"
"13","fallback-candidate-ordering","1061"
"13","font-cache-setup","3"
"13","font-family-preparation","26795"
"13","font-metrics","52"
"13","gpu-backend-policy","8"
"13","wgpu-instance","6392"
"13","surface-create","25"
"13","adapter-request-call","37645"
"13","adapter-request-poll","6"
"13","adapter-request","37686"
"13","device-request-call","25162"
"13","device-request-poll","2"
"13","device-request","25199"
"13","gpu-initialize","69890"
"13","adapter-info","0"
"13","surface-capabilities-and-config","7"
"13","surface-configure","5179"
"13","initial-grid-resize","166"
"13","initial-ui-and-pane-layout","4"
"13","initial-projection","30"
"13","surface-acquire","39"
"13","shader-module-create","332"
"13","glyph-bind-group-layout","36"
"13","shader-and-layout","388"
"13","rectangle-pipeline","4827"
"13","glyph-pipeline","6306"
"13","atlas-texture-create","1425"
"13","atlas-view-sampler-bind-group","192"
"13","glyph-atlas","1658"
"13","frame-texture-view","9"
"13","instance-generation","2"
"13","instance-buffer-allocation","99"
"13","instance-buffer-writes","97"
"13","buffer-create-upload","220"
"13","render-encoding","584"
"13","queue-submit","323"
"13","pre-present-notify","0"
"13","first-present","285"
"14","cli-parse","333"
"14","event-loop-create","3910"
"14","application-default-state","183"
"14","application-state-and-paths","235"
"14","config-read-parse","153"
"14","workspace-model-and-runtimes","11"
"14","window-create-and-branding","17345"
"14","font-database-create","1"
"14","system-font-discovery","26838"
"14","font-generic-family-query","10"
"14","font-primary-monospace-validation","0"
"14","font-family-resolution","26"
"14","fallback-candidate-collection","8"
"14","fallback-candidate-sort","1211"
"14","fallback-candidate-ordering","1238"
"14","font-cache-setup","3"
"14","font-family-preparation","28163"
"14","font-metrics","74"
"14","gpu-backend-policy","9"
"14","wgpu-instance","5761"
"14","surface-create","26"
"14","adapter-request-call","32967"
"14","adapter-request-poll","6"
"14","adapter-request","33004"
"14","device-request-call","25800"
"14","device-request-poll","2"
"14","device-request","25840"
"14","gpu-initialize","65258"
"14","adapter-info","1"
"14","surface-capabilities-and-config","11"
"14","surface-configure","5225"
"14","initial-grid-resize","150"
"14","initial-ui-and-pane-layout","4"
"14","initial-projection","25"
"14","surface-acquire","39"
"14","shader-module-create","316"
"14","glyph-bind-group-layout","36"
"14","shader-and-layout","374"
"14","rectangle-pipeline","6481"
"14","glyph-pipeline","6773"
"14","atlas-texture-create","1562"
"14","atlas-view-sampler-bind-group","209"
"14","glyph-atlas","1814"
"14","frame-texture-view","10"
"14","instance-generation","2"
"14","instance-buffer-allocation","158"
"14","instance-buffer-writes","189"
"14","buffer-create-upload","399"
"14","render-encoding","531"
"14","queue-submit","394"
"14","pre-present-notify","0"
"14","first-present","307"
"15","cli-parse","423"
"15","event-loop-create","5937"
"15","application-default-state","192"
"15","application-state-and-paths","229"
"15","config-read-parse","163"
"15","workspace-model-and-runtimes","11"
"15","window-create-and-branding","15644"
"15","font-database-create","1"
"15","system-font-discovery","29165"
"15","font-generic-family-query","12"
"15","font-primary-monospace-validation","0"
"15","font-family-resolution","29"
"15","fallback-candidate-collection","15"
"15","fallback-candidate-sort","1029"
"15","fallback-candidate-ordering","1063"
"15","font-cache-setup","3"
"15","font-family-preparation","30318"
"15","font-metrics","59"
"15","gpu-backend-policy","9"
"15","wgpu-instance","7012"
"15","surface-create","30"
"15","adapter-request-call","34360"
"15","adapter-request-poll","5"
"15","adapter-request","34394"
"15","device-request-call","25388"
"15","device-request-poll","3"
"15","device-request","25425"
"15","gpu-initialize","67478"
"15","adapter-info","1"
"15","surface-capabilities-and-config","7"
"15","surface-configure","6330"
"15","initial-grid-resize","122"
"15","initial-ui-and-pane-layout","4"
"15","initial-projection","25"
"15","surface-acquire","42"
"15","shader-module-create","400"
"15","glyph-bind-group-layout","41"
"15","shader-and-layout","477"
"15","rectangle-pipeline","5417"
"15","glyph-pipeline","6299"
"15","atlas-texture-create","1372"
"15","atlas-view-sampler-bind-group","254"
"15","glyph-atlas","1705"
"15","frame-texture-view","12"
"15","instance-generation","3"
"15","instance-buffer-allocation","155"
"15","instance-buffer-writes","144"
"15","buffer-create-upload","328"
"15","render-encoding","589"
"15","queue-submit","547"
"15","pre-present-notify","0"
"15","first-present","372"
