run,stage,ordinal,duration_us
1,dxgi-enumerate,1,225
1,native-device-create,1,92431
1,feature-queries-and-packaging,1,306
1,candidate-expose,1,92768
1,native-device-create,2,2586
1,feature-queries-and-packaging,2,58
1,candidate-expose,2,2649
1,dx12-enumeration-and-exposure,1,95657
1,adapter-drop-body,1,0
1,native-device-release,1,387
1,backend-enumerate-and-expose,1,95685
1,candidate-surface-check,1,9
1,candidate-surface-check,2,0
1,selection-metadata,1,0
1,unused-candidates-destroy,1,400
1,selected-adapter-wrap,1,5
1,request-total,1,96129
2,dxgi-enumerate,1,327
2,native-device-create,1,29164
2,feature-queries-and-packaging,1,289
2,candidate-expose,1,29462
2,native-device-create,2,2846
2,feature-queries-and-packaging,2,77
2,candidate-expose,2,2930
2,dx12-enumeration-and-exposure,1,32736
2,adapter-drop-body,1,0
2,native-device-release,1,943
2,backend-enumerate-and-expose,1,32751
2,candidate-surface-check,1,6
2,candidate-surface-check,2,0
2,selection-metadata,1,0
2,unused-candidates-destroy,1,953
2,selected-adapter-wrap,1,1
2,request-total,1,33736
3,dxgi-enumerate,1,255
3,native-device-create,1,30389
3,feature-queries-and-packaging,1,294
3,candidate-expose,1,30692
3,native-device-create,2,3161
3,feature-queries-and-packaging,2,69
3,candidate-expose,2,3238
3,dx12-enumeration-and-exposure,1,34197
3,adapter-drop-body,1,0
3,native-device-release,1,432
3,backend-enumerate-and-expose,1,34212
3,candidate-surface-check,1,6
3,candidate-surface-check,2,0
3,selection-metadata,1,0
3,unused-candidates-destroy,1,444
3,selected-adapter-wrap,1,1
3,request-total,1,34685
4,dxgi-enumerate,1,258
4,native-device-create,1,32979
4,feature-queries-and-packaging,1,326
4,candidate-expose,1,33314
4,native-device-create,2,4043
4,feature-queries-and-packaging,2,87
4,candidate-expose,2,4138
4,dx12-enumeration-and-exposure,1,37723
4,adapter-drop-body,1,0
4,native-device-release,1,1015
4,backend-enumerate-and-expose,1,37739
4,candidate-surface-check,1,6
4,candidate-surface-check,2,0
4,selection-metadata,1,0
4,unused-candidates-destroy,1,1029
4,selected-adapter-wrap,1,2
4,request-total,1,38799
5,dxgi-enumerate,1,244
5,native-device-create,1,30839
5,feature-queries-and-packaging,1,253
5,candidate-expose,1,31101
5,native-device-create,2,2867
5,feature-queries-and-packaging,2,69
5,candidate-expose,2,2942
5,dx12-enumeration-and-exposure,1,34299
5,adapter-drop-body,1,0
5,native-device-release,1,1193
5,backend-enumerate-and-expose,1,34315
5,candidate-surface-check,1,6
5,candidate-surface-check,2,0
5,selection-metadata,1,0
5,unused-candidates-destroy,1,1207
5,selected-adapter-wrap,1,2
5,request-total,1,35553
6,dxgi-enumerate,1,256
6,native-device-create,1,31809
6,feature-queries-and-packaging,1,458
6,candidate-expose,1,32274
6,native-device-create,2,2887
6,feature-queries-and-packaging,2,72
6,candidate-expose,2,2966
6,dx12-enumeration-and-exposure,1,35509
6,adapter-drop-body,1,0
6,native-device-release,1,1090
6,backend-enumerate-and-expose,1,35526
6,candidate-surface-check,1,7
6,candidate-surface-check,2,0
6,selection-metadata,1,0
6,unused-candidates-destroy,1,1102
6,selected-adapter-wrap,1,2
6,request-total,1,36661
7,dxgi-enumerate,1,254
7,native-device-create,1,31365
7,feature-queries-and-packaging,1,249
7,candidate-expose,1,31622
7,native-device-create,2,3458
7,feature-queries-and-packaging,2,93
7,candidate-expose,2,3559
7,dx12-enumeration-and-exposure,1,35446
7,adapter-drop-body,1,0
7,native-device-release,1,1016
7,backend-enumerate-and-expose,1,35462
7,candidate-surface-check,1,6
7,candidate-surface-check,2,0
7,selection-metadata,1,0
7,unused-candidates-destroy,1,1029
7,selected-adapter-wrap,1,2
7,request-total,1,36522
8,dxgi-enumerate,1,261
8,native-device-create,1,32092
8,feature-queries-and-packaging,1,289
8,candidate-expose,1,32392
8,native-device-create,2,3341
8,feature-queries-and-packaging,2,92
8,candidate-expose,2,3440
8,dx12-enumeration-and-exposure,1,36105
8,adapter-drop-body,1,0
8,native-device-release,1,1286
8,backend-enumerate-and-expose,1,36121
8,candidate-surface-check,1,8
8,candidate-surface-check,2,1
8,selection-metadata,1,0
8,unused-candidates-destroy,1,1301
8,selected-adapter-wrap,1,4
8,request-total,1,37459
9,dxgi-enumerate,1,256
9,native-device-create,1,31397
9,feature-queries-and-packaging,1,278
9,candidate-expose,1,31683
9,native-device-create,2,3600
9,feature-queries-and-packaging,2,75
9,candidate-expose,2,3682
9,dx12-enumeration-and-exposure,1,35633
9,adapter-drop-body,1,0
9,native-device-release,1,505
9,backend-enumerate-and-expose,1,35649
9,candidate-surface-check,1,6
9,candidate-surface-check,2,0
9,selection-metadata,1,0
9,unused-candidates-destroy,1,516
9,selected-adapter-wrap,1,1
9,request-total,1,36192
10,dxgi-enumerate,1,255
10,native-device-create,1,30328
10,feature-queries-and-packaging,1,254
10,candidate-expose,1,30590
10,native-device-create,2,3622
10,feature-queries-and-packaging,2,81
10,candidate-expose,2,3711
10,dx12-enumeration-and-exposure,1,34567
10,adapter-drop-body,1,0
10,native-device-release,1,645
10,backend-enumerate-and-expose,1,34583
10,candidate-surface-check,1,6
10,candidate-surface-check,2,0
10,selection-metadata,1,0
10,unused-candidates-destroy,1,657
10,selected-adapter-wrap,1,1
10,request-total,1,35270
11,dxgi-enumerate,1,228
11,native-device-create,1,30069
11,feature-queries-and-packaging,1,375
11,candidate-expose,1,30453
11,native-device-create,2,3296
11,feature-queries-and-packaging,2,68
11,candidate-expose,2,3372
11,dx12-enumeration-and-exposure,1,34066
11,adapter-drop-body,1,0
11,native-device-release,1,450
11,backend-enumerate-and-expose,1,34078
11,candidate-surface-check,1,6
11,candidate-surface-check,2,0
11,selection-metadata,1,0
11,unused-candidates-destroy,1,461
11,selected-adapter-wrap,1,2
11,request-total,1,34566
12,dxgi-enumerate,1,232
12,native-device-create,1,31856
12,feature-queries-and-packaging,1,232
12,candidate-expose,1,32097
12,native-device-create,2,3144
12,feature-queries-and-packaging,2,68
12,candidate-expose,2,3217
12,dx12-enumeration-and-exposure,1,35557
12,adapter-drop-body,1,0
12,native-device-release,1,606
12,backend-enumerate-and-expose,1,35570
12,candidate-surface-check,1,6
12,candidate-surface-check,2,0
12,selection-metadata,1,0
12,unused-candidates-destroy,1,618
12,selected-adapter-wrap,1,2
12,request-total,1,36216
13,dxgi-enumerate,1,268
13,native-device-create,1,28721
13,feature-queries-and-packaging,1,242
13,candidate-expose,1,28972
13,native-device-create,2,3439
13,feature-queries-and-packaging,2,89
13,candidate-expose,2,3536
13,dx12-enumeration-and-exposure,1,32788
13,adapter-drop-body,1,0
13,native-device-release,1,702
13,backend-enumerate-and-expose,1,32802
13,candidate-surface-check,1,6
13,candidate-surface-check,2,0
13,selection-metadata,1,0
13,unused-candidates-destroy,1,713
13,selected-adapter-wrap,1,2
13,request-total,1,33544
14,dxgi-enumerate,1,373
14,native-device-create,1,32132
14,feature-queries-and-packaging,1,330
14,candidate-expose,1,32472
14,native-device-create,2,4045
14,feature-queries-and-packaging,2,93
14,candidate-expose,2,4147
14,dx12-enumeration-and-exposure,1,37008
14,adapter-drop-body,1,0
14,native-device-release,1,977
14,backend-enumerate-and-expose,1,37022
14,candidate-surface-check,1,7
14,candidate-surface-check,2,0
14,selection-metadata,1,0
14,unused-candidates-destroy,1,991
14,selected-adapter-wrap,1,2
14,request-total,1,38045
15,dxgi-enumerate,1,264
15,native-device-create,1,30384
15,feature-queries-and-packaging,1,277
15,candidate-expose,1,30670
15,native-device-create,2,3015
15,feature-queries-and-packaging,2,77
15,candidate-expose,2,3101
15,dx12-enumeration-and-exposure,1,34048
15,adapter-drop-body,1,0
15,native-device-release,1,583
15,backend-enumerate-and-expose,1,34063
15,candidate-surface-check,1,7
15,candidate-surface-check,2,0
15,selection-metadata,1,0
15,unused-candidates-destroy,1,596
15,selected-adapter-wrap,1,2
15,request-total,1,34691
