"scenario","run","warmup","forced","close_ms","exit_code","descendants"
"cmd","1","True","False","123.3034","0","2"
"no-profile","1","True","False","119.4267","0","2"
"configured-pwsh","1","True","False","104.4124","0","2"
"no-profile","2","True","False","111.8716","0","2"
"configured-pwsh","2","True","False","111.7356","0","2"
"cmd","2","True","False","96.208","0","2"
"configured-pwsh","1","False","False","104.5937","0","2"
"cmd","1","False","False","93.0194","0","2"
"no-profile","1","False","False","96.7219","0","2"
"cmd","2","False","False","99.6587","0","2"
"no-profile","2","False","False","95.4325","0","2"
"configured-pwsh","2","False","False","113.3343","0","2"
"no-profile","3","False","False","112.0179","0","2"
"configured-pwsh","3","False","False","108.0863","0","2"
"cmd","3","False","False","111.4008","0","2"
"configured-pwsh","4","False","False","103.846","0","2"
"cmd","4","False","False","110.8855","0","2"
"no-profile","4","False","False","106.7159","0","2"
"cmd","5","False","False","106.4326","0","2"
"no-profile","5","False","False","115.9849","0","2"
"configured-pwsh","5","False","False","93.6673","0","2"
"no-profile","6","False","False","102.4773","0","2"
"configured-pwsh","6","False","False","98.9549","0","2"
"cmd","6","False","False","106.85","0","2"
"configured-pwsh","7","False","False","96.5847","0","2"
"cmd","7","False","False","86.7358","0","2"
"no-profile","7","False","False","110.3415","0","2"
"cmd","8","False","False","95.2897","0","2"
"no-profile","8","False","False","106.2222","0","2"
"configured-pwsh","8","False","False","113.5913","0","2"
"no-profile","9","False","False","102.608","0","2"
"configured-pwsh","9","False","False","96.4275","0","2"
"cmd","9","False","False","91.504","0","2"
"configured-pwsh","10","False","False","103.5343","0","2"
"cmd","10","False","False","105.1141","0","2"
"no-profile","10","False","False","113.5821","0","2"
"cmd","11","False","False","101.9011","0","2"
"no-profile","11","False","False","103.238","0","2"
"configured-pwsh","11","False","False","110.9418","0","2"
"no-profile","12","False","False","105.1473","0","2"
"configured-pwsh","12","False","False","109.7749","0","2"
"cmd","12","False","False","101.5384","0","2"
"configured-pwsh","13","False","False","112.1897","0","2"
"cmd","13","False","False","99.5633","0","2"
"no-profile","13","False","False","112.3586","0","2"
"cmd","14","False","False","99.386","0","2"
"no-profile","14","False","False","115.1126","0","2"
"configured-pwsh","14","False","False","114.812","0","2"
"no-profile","15","False","False","93.3809","0","2"
"configured-pwsh","15","False","False","92.7182","0","2"
"cmd","15","False","False","88.6492","0","2"
