"scenario","run","stage","elapsed_us"
"configured-pwsh","1","pty-started","157064"
"configured-pwsh","1","fonts-started","19579"
"configured-pwsh","1","initial-size-sent","165406"
"configured-pwsh","1","renderer-ready","117917"
"configured-pwsh","1","pty-backend-created","157105"
"configured-pwsh","1","prompt-ready","1033919"
"configured-pwsh","1","pty-spawn-complete","524481"
"configured-pwsh","1","first-shell-output-rendered","1060761"
"configured-pwsh","1","shell-integration-begin","993960"
"configured-pwsh","1","device-queue-ready","113135"
"configured-pwsh","1","shell-integration-preparation-begin","157114"
"configured-pwsh","1","pty-config-ready","157144"
"configured-pwsh","1","pty-spawned","524394"
"configured-pwsh","1","pty-worker-ready","524466"
"configured-pwsh","1","terminal-state-created","4535"
"configured-pwsh","1","environment-build-end","165760"
"configured-pwsh","1","first-output-processed","535818"
"configured-pwsh","1","initial-grid-ready","118025"
"configured-pwsh","1","pty-created","165378"
"configured-pwsh","1","first-redraw-requested","118075"
"configured-pwsh","1","first-pty-bytes","535633"
"configured-pwsh","1","gpu-ready","113155"
"configured-pwsh","1","window-created","19566"
"configured-pwsh","1","pty-create-begin","157169"
"configured-pwsh","1","environment-build-begin","165418"
"configured-pwsh","1","child-spawned","524365"
"configured-pwsh","1","shell-integration-preparation-end","157133"
"configured-pwsh","1","shell-ready","1033979"
"configured-pwsh","1","workspace-restore-end","4885"
"configured-pwsh","1","fonts-ready","47153"
"configured-pwsh","1","workspace-restore-begin","4816"
"configured-pwsh","1","window-shown","156990"
"configured-pwsh","1","first-frame-presented","132524"
"configured-pwsh","1","config-loaded","5068"
"configured-pwsh","1","session-preparation-begin","157091"
"configured-pwsh","1","adapter-selected","86945"
"configured-pwsh","1","first-shell-text-processed","1048038"
"configured-pwsh","1","gpu-started","47165"
"configured-pwsh","1","session-config-ready","157153"
"configured-pwsh","1","child-spawn-requested","165774"
"configured-pwsh","1","application-started","292"
"configured-pwsh","1","shell-integration-end","1003349"
"cmd","1","pty-started","159010"
"cmd","1","fonts-started","21363"
"cmd","1","initial-size-sent","166937"
"cmd","1","renderer-ready","123246"
"cmd","1","pty-backend-created","159047"
"cmd","1","prompt-ready","310286"
"cmd","1","pty-spawn-complete","174156"
"cmd","1","first-shell-output-rendered","234656"
"cmd","1","device-queue-ready","118337"
"cmd","1","shell-integration-preparation-begin","159057"
"cmd","1","pty-config-ready","159089"
"cmd","1","pty-spawned","174081"
"cmd","1","pty-worker-ready","174141"
"cmd","1","terminal-state-created","6662"
"cmd","1","environment-build-end","167252"
"cmd","1","first-output-processed","186841"
"cmd","1","initial-grid-ready","123369"
"cmd","1","pty-created","166912"
"cmd","1","first-redraw-requested","123412"
"cmd","1","first-pty-bytes","186678"
"cmd","1","gpu-ready","118356"
"cmd","1","window-created","21210"
"cmd","1","pty-create-begin","159111"
"cmd","1","environment-build-begin","166950"
"cmd","1","child-spawned","174056"
"cmd","1","shell-integration-preparation-end","159078"
"cmd","1","shell-ready","310318"
"cmd","1","workspace-restore-end","7064"
"cmd","1","fonts-ready","49774"
"cmd","1","workspace-restore-begin","6993"
"cmd","1","window-shown","158958"
"cmd","1","first-frame-presented","137471"
"cmd","1","config-loaded","7101"
"cmd","1","session-preparation-begin","159035"
"cmd","1","adapter-selected","92014"
"cmd","1","first-shell-text-processed","205630"
"cmd","1","gpu-started","49786"
"cmd","1","session-config-ready","159098"
"cmd","1","child-spawn-requested","167265"
"cmd","1","application-started","340"
"no-profile","1","pty-started","155287"
"no-profile","1","fonts-started","19770"
"no-profile","1","initial-size-sent","162787"
"no-profile","1","renderer-ready","118522"
"no-profile","1","pty-backend-created","155326"
"no-profile","1","prompt-ready","992118"
"no-profile","1","pty-spawn-complete","534544"
"no-profile","1","first-shell-output-rendered","1032992"
"no-profile","1","shell-integration-begin","932274"
"no-profile","1","device-queue-ready","113744"
"no-profile","1","shell-integration-preparation-begin","155335"
"no-profile","1","pty-config-ready","155364"
"no-profile","1","pty-spawned","534455"
"no-profile","1","pty-worker-ready","534531"
"no-profile","1","terminal-state-created","5733"
"no-profile","1","environment-build-end","163200"
"no-profile","1","first-output-processed","547661"
"no-profile","1","initial-grid-ready","118647"
"no-profile","1","pty-created","162760"
"no-profile","1","first-redraw-requested","118690"
"no-profile","1","first-pty-bytes","547506"
"no-profile","1","gpu-ready","113761"
"no-profile","1","window-created","19757"
"no-profile","1","pty-create-begin","155385"
"no-profile","1","environment-build-begin","162800"
"no-profile","1","child-spawned","534431"
"no-profile","1","shell-integration-preparation-end","155353"
"no-profile","1","shell-ready","992153"
"no-profile","1","workspace-restore-end","6121"
"no-profile","1","fonts-ready","46664"
"no-profile","1","workspace-restore-begin","6051"
"no-profile","1","window-shown","155226"
"no-profile","1","first-frame-presented","133377"
"no-profile","1","config-loaded","6389"
"no-profile","1","session-preparation-begin","155312"
"no-profile","1","adapter-selected","86695"
"no-profile","1","first-shell-text-processed","1012326"
"no-profile","1","gpu-started","46674"
"no-profile","1","session-config-ready","155373"
"no-profile","1","child-spawn-requested","163216"
"no-profile","1","application-started","282"
"no-profile","1","shell-integration-end","947261"
"cmd","2","pty-started","187193"
"cmd","2","fonts-started","22867"
"cmd","2","initial-size-sent","196572"
"cmd","2","renderer-ready","133344"
"cmd","2","pty-backend-created","187229"
"cmd","2","prompt-ready","365799"
"cmd","2","pty-spawn-complete","205716"
"cmd","2","first-shell-output-rendered","283651"
"cmd","2","device-queue-ready","127921"
"cmd","2","shell-integration-preparation-begin","187240"
"cmd","2","pty-config-ready","187272"
"cmd","2","pty-spawned","205588"
"cmd","2","pty-worker-ready","205701"
"cmd","2","terminal-state-created","6974"
"cmd","2","environment-build-end","196933"
"cmd","2","first-output-processed","228224"
"cmd","2","initial-grid-ready","133493"
"cmd","2","pty-created","196546"
"cmd","2","first-redraw-requested","133551"
"cmd","2","first-pty-bytes","227822"
"cmd","2","gpu-ready","127941"
"cmd","2","window-created","22680"
"cmd","2","pty-create-begin","187295"
"cmd","2","environment-build-begin","196585"
"cmd","2","child-spawned","205549"
"cmd","2","shell-integration-preparation-end","187261"
"cmd","2","shell-ready","365855"
"cmd","2","workspace-restore-end","7355"
"cmd","2","fonts-ready","55383"
"cmd","2","workspace-restore-begin","7286"
"cmd","2","window-shown","187131"
"cmd","2","first-frame-presented","148584"
"cmd","2","config-loaded","7391"
"cmd","2","session-preparation-begin","187216"
"cmd","2","adapter-selected","99117"
"cmd","2","first-shell-text-processed","246784"
"cmd","2","gpu-started","55396"
"cmd","2","session-config-ready","187282"
"cmd","2","child-spawn-requested","196948"
"cmd","2","application-started","545"
"no-profile","2","pty-started","161740"
"no-profile","2","fonts-started","21766"
"no-profile","2","initial-size-sent","169127"
"no-profile","2","renderer-ready","119379"
"no-profile","2","pty-backend-created","161777"
"no-profile","2","prompt-ready","994715"
"no-profile","2","pty-spawn-complete","532279"
"no-profile","2","first-shell-output-rendered","1035544"
"no-profile","2","shell-integration-begin","933979"
"no-profile","2","device-queue-ready","115084"
"no-profile","2","shell-integration-preparation-begin","161786"
"no-profile","2","pty-config-ready","161815"
"no-profile","2","pty-spawned","532196"
"no-profile","2","pty-worker-ready","532265"
"no-profile","2","terminal-state-created","7068"
"no-profile","2","environment-build-end","169438"
"no-profile","2","first-output-processed","543841"
"no-profile","2","initial-grid-ready","119481"
"no-profile","2","pty-created","169100"
"no-profile","2","first-redraw-requested","119532"
"no-profile","2","first-pty-bytes","543549"
"no-profile","2","gpu-ready","115116"
"no-profile","2","window-created","21753"
"no-profile","2","pty-create-begin","161837"
"no-profile","2","environment-build-begin","169140"
"no-profile","2","child-spawned","532169"
"no-profile","2","shell-integration-preparation-end","161804"
"no-profile","2","shell-ready","994748"
"no-profile","2","workspace-restore-end","7434"
"no-profile","2","fonts-ready","51617"
"no-profile","2","workspace-restore-begin","7366"
"no-profile","2","window-shown","161680"
"no-profile","2","first-frame-presented","134472"
"no-profile","2","config-loaded","7611"
"no-profile","2","session-preparation-begin","161764"
"no-profile","2","adapter-selected","89433"
"no-profile","2","first-shell-text-processed","1014460"
"no-profile","2","gpu-started","51627"
"no-profile","2","session-config-ready","161825"
"no-profile","2","child-spawn-requested","169451"
"no-profile","2","application-started","292"
"no-profile","2","shell-integration-end","948827"
"configured-pwsh","2","pty-started","161324"
"configured-pwsh","2","fonts-started","22011"
"configured-pwsh","2","initial-size-sent","169200"
"configured-pwsh","2","renderer-ready","123584"
"configured-pwsh","2","pty-backend-created","161362"
"configured-pwsh","2","prompt-ready","1101510"
"configured-pwsh","2","pty-spawn-complete","545343"
"configured-pwsh","2","first-shell-output-rendered","1132446"
"configured-pwsh","2","shell-integration-begin","1063614"
"configured-pwsh","2","device-queue-ready","117835"
"configured-pwsh","2","shell-integration-preparation-begin","161372"
"configured-pwsh","2","pty-config-ready","161400"
"configured-pwsh","2","pty-spawned","545245"
"configured-pwsh","2","pty-worker-ready","545329"
"configured-pwsh","2","terminal-state-created","5980"
"configured-pwsh","2","environment-build-end","169574"
"configured-pwsh","2","first-output-processed","559109"
"configured-pwsh","2","initial-grid-ready","123731"
"configured-pwsh","2","pty-created","169173"
"configured-pwsh","2","first-redraw-requested","123969"
"configured-pwsh","2","first-pty-bytes","558761"
"configured-pwsh","2","gpu-ready","117852"
"configured-pwsh","2","window-created","21998"
"configured-pwsh","2","pty-create-begin","161424"
"configured-pwsh","2","environment-build-begin","169214"
"configured-pwsh","2","child-spawned","545217"
"configured-pwsh","2","shell-integration-preparation-end","161389"
"configured-pwsh","2","shell-ready","1101542"
"configured-pwsh","2","workspace-restore-end","6355"
"configured-pwsh","2","fonts-ready","50793"
"configured-pwsh","2","workspace-restore-begin","6286"
"configured-pwsh","2","window-shown","161264"
"configured-pwsh","2","first-frame-presented","140303"
"configured-pwsh","2","config-loaded","6742"
"configured-pwsh","2","session-preparation-begin","161348"
"configured-pwsh","2","adapter-selected","91353"
"configured-pwsh","2","first-shell-text-processed","1112629"
"configured-pwsh","2","gpu-started","50804"
"configured-pwsh","2","session-config-ready","161409"
"configured-pwsh","2","child-spawn-requested","169589"
"configured-pwsh","2","application-started","327"
"configured-pwsh","2","shell-integration-end","1071874"
"no-profile","3","pty-started","184464"
"no-profile","3","fonts-started","27228"
"no-profile","3","initial-size-sent","191985"
"no-profile","3","renderer-ready","135811"
"no-profile","3","pty-backend-created","184501"
"no-profile","3","prompt-ready","1015488"
"no-profile","3","pty-spawn-complete","561825"
"no-profile","3","first-shell-output-rendered","1053470"
"no-profile","3","shell-integration-begin","959407"
"no-profile","3","device-queue-ready","129899"
"no-profile","3","shell-integration-preparation-begin","184510"
"no-profile","3","pty-config-ready","184540"
"no-profile","3","pty-spawned","561723"
"no-profile","3","pty-worker-ready","561809"
"no-profile","3","terminal-state-created","8178"
"no-profile","3","environment-build-end","192364"
"no-profile","3","first-output-processed","575580"
"no-profile","3","initial-grid-ready","135911"
"no-profile","3","pty-created","191958"
"no-profile","3","first-redraw-requested","136011"
"no-profile","3","first-pty-bytes","575400"
"no-profile","3","gpu-ready","129919"
"no-profile","3","window-created","27215"
"no-profile","3","pty-create-begin","184562"
"no-profile","3","environment-build-begin","191999"
"no-profile","3","child-spawned","561688"
"no-profile","3","shell-integration-preparation-end","184530"
"no-profile","3","shell-ready","1015532"
"no-profile","3","workspace-restore-end","8551"
"no-profile","3","fonts-ready","59788"
"no-profile","3","workspace-restore-begin","8483"
"no-profile","3","window-shown","184407"
"no-profile","3","first-frame-presented","150953"
"no-profile","3","config-loaded","8797"
"no-profile","3","session-preparation-begin","184489"
"no-profile","3","adapter-selected","104349"
"no-profile","3","first-shell-text-processed","1030990"
"no-profile","3","gpu-started","59800"
"no-profile","3","session-config-ready","184549"
"no-profile","3","child-spawn-requested","192386"
"no-profile","3","application-started","380"
"no-profile","3","shell-integration-end","976082"
"configured-pwsh","3","pty-started","192363"
"configured-pwsh","3","fonts-started","20867"
"configured-pwsh","3","initial-size-sent","201306"
"configured-pwsh","3","renderer-ready","136452"
"configured-pwsh","3","pty-backend-created","192399"
"configured-pwsh","3","prompt-ready","1120615"
"configured-pwsh","3","pty-spawn-complete","577238"
"configured-pwsh","3","first-shell-output-rendered","1153283"
"configured-pwsh","3","shell-integration-begin","1083444"
"configured-pwsh","3","device-queue-ready","127426"
"configured-pwsh","3","shell-integration-preparation-begin","192409"
"configured-pwsh","3","pty-config-ready","192438"
"configured-pwsh","3","pty-spawned","577154"
"configured-pwsh","3","pty-worker-ready","577223"
"configured-pwsh","3","terminal-state-created","5157"
"configured-pwsh","3","environment-build-end","201797"
"configured-pwsh","3","first-output-processed","597760"
"configured-pwsh","3","initial-grid-ready","136647"
"configured-pwsh","3","pty-created","201277"
"configured-pwsh","3","first-redraw-requested","136810"
"configured-pwsh","3","first-pty-bytes","596965"
"configured-pwsh","3","gpu-ready","127456"
"configured-pwsh","3","window-created","20853"
"configured-pwsh","3","pty-create-begin","192460"
"configured-pwsh","3","environment-build-begin","201320"
"configured-pwsh","3","child-spawned","577127"
"configured-pwsh","3","shell-integration-preparation-end","192427"
"configured-pwsh","3","shell-ready","1120653"
"configured-pwsh","3","workspace-restore-end","5519"
"configured-pwsh","3","fonts-ready","47728"
"configured-pwsh","3","workspace-restore-begin","5451"
"configured-pwsh","3","window-shown","192300"
"configured-pwsh","3","first-frame-presented","154644"
"configured-pwsh","3","config-loaded","5693"
"configured-pwsh","3","session-preparation-begin","192387"
"configured-pwsh","3","adapter-selected","95387"
"configured-pwsh","3","first-shell-text-processed","1140742"
"configured-pwsh","3","gpu-started","47739"
"configured-pwsh","3","session-config-ready","192447"
"configured-pwsh","3","child-spawn-requested","201817"
"configured-pwsh","3","application-started","461"
"configured-pwsh","3","shell-integration-end","1091565"
"cmd","3","pty-started","163353"
"cmd","3","fonts-started","20926"
"cmd","3","initial-size-sent","170421"
"cmd","3","renderer-ready","118445"
"cmd","3","pty-backend-created","163397"
"cmd","3","prompt-ready","334076"
"cmd","3","pty-spawn-complete","178740"
"cmd","3","first-shell-output-rendered","258932"
"cmd","3","device-queue-ready","113433"
"cmd","3","shell-integration-preparation-begin","163407"
"cmd","3","pty-config-ready","163440"
"cmd","3","pty-spawned","178662"
"cmd","3","pty-worker-ready","178726"
"cmd","3","terminal-state-created","6156"
"cmd","3","environment-build-end","170776"
"cmd","3","first-output-processed","196904"
"cmd","3","initial-grid-ready","118603"
"cmd","3","pty-created","170395"
"cmd","3","first-redraw-requested","118842"
"cmd","3","first-pty-bytes","196400"
"cmd","3","gpu-ready","113452"
"cmd","3","window-created","20763"
"cmd","3","pty-create-begin","163464"
"cmd","3","environment-build-begin","170435"
"cmd","3","child-spawned","178635"
"cmd","3","shell-integration-preparation-end","163430"
"cmd","3","shell-ready","334118"
"cmd","3","workspace-restore-end","6526"
"cmd","3","fonts-ready","47231"
"cmd","3","workspace-restore-begin","6457"
"cmd","3","window-shown","163305"
"cmd","3","first-frame-presented","133676"
"cmd","3","config-loaded","6562"
"cmd","3","session-preparation-begin","163384"
"cmd","3","adapter-selected","87633"
"cmd","3","first-shell-text-processed","219889"
"cmd","3","gpu-started","47242"
"cmd","3","session-config-ready","163450"
"cmd","3","child-spawn-requested","170789"
"cmd","3","application-started","308"
"configured-pwsh","4","pty-started","175060"
"configured-pwsh","4","fonts-started","24869"
"configured-pwsh","4","initial-size-sent","183173"
"configured-pwsh","4","renderer-ready","129293"
"configured-pwsh","4","pty-backend-created","175098"
"configured-pwsh","4","prompt-ready","1099712"
"configured-pwsh","4","pty-spawn-complete","579633"
"configured-pwsh","4","first-shell-output-rendered","1126833"
"configured-pwsh","4","shell-integration-begin","1063536"
"configured-pwsh","4","device-queue-ready","124663"
"configured-pwsh","4","shell-integration-preparation-begin","175108"
"configured-pwsh","4","pty-config-ready","175139"
"configured-pwsh","4","pty-spawned","579546"
"configured-pwsh","4","pty-worker-ready","579618"
"configured-pwsh","4","terminal-state-created","6338"
"configured-pwsh","4","environment-build-end","183804"
"configured-pwsh","4","first-output-processed","591208"
"configured-pwsh","4","initial-grid-ready","129415"
"configured-pwsh","4","pty-created","183132"
"configured-pwsh","4","first-redraw-requested","129465"
"configured-pwsh","4","first-pty-bytes","591061"
"configured-pwsh","4","gpu-ready","124683"
"configured-pwsh","4","window-created","24848"
"configured-pwsh","4","pty-create-begin","175163"
"configured-pwsh","4","environment-build-begin","183225"
"configured-pwsh","4","child-spawned","579516"
"configured-pwsh","4","shell-integration-preparation-end","175128"
"configured-pwsh","4","shell-ready","1099746"
"configured-pwsh","4","workspace-restore-end","6728"
"configured-pwsh","4","fonts-ready","57581"
"configured-pwsh","4","workspace-restore-begin","6658"
"configured-pwsh","4","window-shown","175014"
"configured-pwsh","4","first-frame-presented","144597"
"configured-pwsh","4","config-loaded","7210"
"configured-pwsh","4","session-preparation-begin","175086"
"configured-pwsh","4","adapter-selected","97972"
"configured-pwsh","4","first-shell-text-processed","1116403"
"configured-pwsh","4","gpu-started","57593"
"configured-pwsh","4","session-config-ready","175149"
"configured-pwsh","4","child-spawn-requested","183836"
"configured-pwsh","4","application-started","349"
"configured-pwsh","4","shell-integration-end","1071377"
"cmd","4","pty-started","152543"
"cmd","4","fonts-started","18072"
"cmd","4","initial-size-sent","160103"
"cmd","4","renderer-ready","116260"
"cmd","4","pty-backend-created","152580"
"cmd","4","prompt-ready","301906"
"cmd","4","pty-spawn-complete","168843"
"cmd","4","first-shell-output-rendered","228083"
"cmd","4","device-queue-ready","111777"
"cmd","4","shell-integration-preparation-begin","152589"
"cmd","4","pty-config-ready","152645"
"cmd","4","pty-spawned","168754"
"cmd","4","pty-worker-ready","168829"
"cmd","4","terminal-state-created","4642"
"cmd","4","environment-build-end","160428"
"cmd","4","first-output-processed","180928"
"cmd","4","initial-grid-ready","116400"
"cmd","4","pty-created","160078"
"cmd","4","first-redraw-requested","116471"
"cmd","4","first-pty-bytes","180763"
"cmd","4","gpu-ready","111796"
"cmd","4","window-created","17646"
"cmd","4","pty-create-begin","152669"
"cmd","4","environment-build-begin","160126"
"cmd","4","child-spawned","168728"
"cmd","4","shell-integration-preparation-end","152634"
"cmd","4","shell-ready","301936"
"cmd","4","workspace-restore-end","4992"
"cmd","4","fonts-ready","47065"
"cmd","4","workspace-restore-begin","4925"
"cmd","4","window-shown","152486"
"cmd","4","first-frame-presented","130876"
"cmd","4","config-loaded","5028"
"cmd","4","session-preparation-begin","152567"
"cmd","4","adapter-selected","86462"
"cmd","4","first-shell-text-processed","197341"
"cmd","4","gpu-started","47075"
"cmd","4","session-config-ready","152655"
"cmd","4","child-spawn-requested","160441"
"cmd","4","application-started","292"
"no-profile","4","pty-started","163121"
"no-profile","4","fonts-started","18531"
"no-profile","4","initial-size-sent","170902"
"no-profile","4","renderer-ready","126464"
"no-profile","4","pty-backend-created","163163"
"no-profile","4","prompt-ready","964706"
"no-profile","4","pty-spawn-complete","524379"
"no-profile","4","first-shell-output-rendered","1007509"
"no-profile","4","shell-integration-begin","908785"
"no-profile","4","device-queue-ready","122002"
"no-profile","4","shell-integration-preparation-begin","163172"
"no-profile","4","pty-config-ready","163202"
"no-profile","4","pty-spawned","524280"
"no-profile","4","pty-worker-ready","524364"
"no-profile","4","terminal-state-created","5169"
"no-profile","4","environment-build-end","171252"
"no-profile","4","first-output-processed","535189"
"no-profile","4","initial-grid-ready","126615"
"no-profile","4","pty-created","170875"
"no-profile","4","first-redraw-requested","126668"
"no-profile","4","first-pty-bytes","535027"
"no-profile","4","gpu-ready","122019"
"no-profile","4","window-created","18518"
"no-profile","4","pty-create-begin","163224"
"no-profile","4","environment-build-begin","170915"
"no-profile","4","child-spawned","524253"
"no-profile","4","shell-integration-preparation-end","163191"
"no-profile","4","shell-ready","964744"
"no-profile","4","workspace-restore-end","5516"
"no-profile","4","fonts-ready","54644"
"no-profile","4","workspace-restore-begin","5452"
"no-profile","4","window-shown","163064"
"no-profile","4","first-frame-presented","141181"
"no-profile","4","config-loaded","5714"
"no-profile","4","session-preparation-begin","163146"
"no-profile","4","adapter-selected","96125"
"no-profile","4","first-shell-text-processed","988846"
"no-profile","4","gpu-started","54655"
"no-profile","4","session-config-ready","163211"
"no-profile","4","child-spawn-requested","171267"
"no-profile","4","application-started","297"
"no-profile","4","shell-integration-end","923157"
"cmd","5","pty-started","152731"
"cmd","5","fonts-started","20894"
"cmd","5","initial-size-sent","161001"
"cmd","5","renderer-ready","116710"
"cmd","5","pty-backend-created","152767"
"cmd","5","prompt-ready","291942"
"cmd","5","pty-spawn-complete","168549"
"cmd","5","first-shell-output-rendered","239000"
"cmd","5","device-queue-ready","111370"
"cmd","5","shell-integration-preparation-begin","152777"
"cmd","5","pty-config-ready","152808"
"cmd","5","pty-spawned","168471"
"cmd","5","pty-worker-ready","168536"
"cmd","5","terminal-state-created","6079"
"cmd","5","environment-build-end","161317"
"cmd","5","first-output-processed","182099"
"cmd","5","initial-grid-ready","116855"
"cmd","5","pty-created","160974"
"cmd","5","first-redraw-requested","116895"
"cmd","5","first-pty-bytes","181910"
"cmd","5","gpu-ready","111386"
"cmd","5","window-created","20711"
"cmd","5","pty-create-begin","152831"
"cmd","5","environment-build-begin","161013"
"cmd","5","child-spawned","168445"
"cmd","5","shell-integration-preparation-end","152798"
"cmd","5","shell-ready","291967"
"cmd","5","workspace-restore-end","6433"
"cmd","5","fonts-ready","47905"
"cmd","5","workspace-restore-begin","6365"
"cmd","5","window-shown","152671"
"cmd","5","first-frame-presented","132447"
"cmd","5","config-loaded","6469"
"cmd","5","session-preparation-begin","152755"
"cmd","5","adapter-selected","85865"
"cmd","5","first-shell-text-processed","205120"
"cmd","5","gpu-started","47917"
"cmd","5","session-config-ready","152818"
"cmd","5","child-spawn-requested","161329"
"cmd","5","application-started","279"
"no-profile","5","pty-started","155170"
"no-profile","5","fonts-started","17945"
"no-profile","5","initial-size-sent","162466"
"no-profile","5","renderer-ready","117993"
"no-profile","5","pty-backend-created","155206"
"no-profile","5","prompt-ready","950989"
"no-profile","5","pty-spawn-complete","524008"
"no-profile","5","first-shell-output-rendered","981913"
"no-profile","5","shell-integration-begin","896319"
"no-profile","5","device-queue-ready","112839"
"no-profile","5","shell-integration-preparation-begin","155215"
"no-profile","5","pty-config-ready","155245"
"no-profile","5","pty-spawned","523920"
"no-profile","5","pty-worker-ready","523996"
"no-profile","5","terminal-state-created","4815"
"no-profile","5","environment-build-end","162789"
"no-profile","5","first-output-processed","535459"
"no-profile","5","initial-grid-ready","118139"
"no-profile","5","pty-created","162438"
"no-profile","5","first-redraw-requested","118211"
"no-profile","5","first-pty-bytes","535263"
"no-profile","5","gpu-ready","112856"
"no-profile","5","window-created","17932"
"no-profile","5","pty-create-begin","155268"
"no-profile","5","environment-build-begin","162479"
"no-profile","5","child-spawned","523894"
"no-profile","5","shell-integration-preparation-end","155235"
"no-profile","5","shell-ready","951020"
"no-profile","5","workspace-restore-end","5176"
"no-profile","5","fonts-ready","46780"
"no-profile","5","workspace-restore-begin","5107"
"no-profile","5","window-shown","155117"
"no-profile","5","first-frame-presented","132462"
"no-profile","5","config-loaded","5344"
"no-profile","5","session-preparation-begin","155194"
"no-profile","5","adapter-selected","88075"
"no-profile","5","first-shell-text-processed","961508"
"no-profile","5","gpu-started","46791"
"no-profile","5","session-config-ready","155254"
"no-profile","5","child-spawn-requested","162803"
"no-profile","5","application-started","267"
"no-profile","5","shell-integration-end","911011"
"configured-pwsh","5","pty-started","152728"
"configured-pwsh","5","fonts-started","20304"
"configured-pwsh","5","initial-size-sent","160100"
"configured-pwsh","5","renderer-ready","114811"
"configured-pwsh","5","pty-backend-created","152766"
"configured-pwsh","5","prompt-ready","1021174"
"configured-pwsh","5","pty-spawn-complete","512952"
"configured-pwsh","5","first-shell-output-rendered","1047999"
"configured-pwsh","5","shell-integration-begin","985972"
"configured-pwsh","5","device-queue-ready","109893"
"configured-pwsh","5","shell-integration-preparation-begin","152776"
"configured-pwsh","5","pty-config-ready","152807"
"configured-pwsh","5","pty-spawned","512872"
"configured-pwsh","5","pty-worker-ready","512938"
"configured-pwsh","5","terminal-state-created","6403"
"configured-pwsh","5","environment-build-end","160524"
"configured-pwsh","5","first-output-processed","524393"
"configured-pwsh","5","initial-grid-ready","114945"
"configured-pwsh","5","pty-created","160074"
"configured-pwsh","5","first-redraw-requested","114988"
"configured-pwsh","5","first-pty-bytes","524195"
"configured-pwsh","5","gpu-ready","109910"
"configured-pwsh","5","window-created","20292"
"configured-pwsh","5","pty-create-begin","152830"
"configured-pwsh","5","environment-build-begin","160113"
"configured-pwsh","5","child-spawned","512840"
"configured-pwsh","5","shell-integration-preparation-end","152796"
"configured-pwsh","5","shell-ready","1021209"
"configured-pwsh","5","workspace-restore-end","6776"
"configured-pwsh","5","fonts-ready","47863"
"configured-pwsh","5","workspace-restore-begin","6717"
"configured-pwsh","5","window-shown","152676"
"configured-pwsh","5","first-frame-presented","129811"
"configured-pwsh","5","config-loaded","7547"
"configured-pwsh","5","session-preparation-begin","152753"
"configured-pwsh","5","adapter-selected","85701"
"configured-pwsh","5","first-shell-text-processed","1036963"
"configured-pwsh","5","gpu-started","47873"
"configured-pwsh","5","session-config-ready","152817"
"configured-pwsh","5","child-spawn-requested","160540"
"configured-pwsh","5","application-started","326"
"configured-pwsh","5","shell-integration-end","993891"
"no-profile","6","pty-started","151964"
"no-profile","6","fonts-started","21173"
"no-profile","6","initial-size-sent","159473"
"no-profile","6","renderer-ready","117134"
"no-profile","6","pty-backend-created","151999"
"no-profile","6","prompt-ready","952898"
"no-profile","6","pty-spawn-complete","511192"
"no-profile","6","first-shell-output-rendered","989663"
"no-profile","6","shell-integration-begin","894174"
"no-profile","6","device-queue-ready","112004"
"no-profile","6","shell-integration-preparation-begin","152008"
"no-profile","6","pty-config-ready","152036"
"no-profile","6","pty-spawned","511099"
"no-profile","6","pty-worker-ready","511174"
"no-profile","6","terminal-state-created","6152"
"no-profile","6","environment-build-end","159818"
"no-profile","6","first-output-processed","522604"
"no-profile","6","initial-grid-ready","117249"
"no-profile","6","pty-created","159446"
"no-profile","6","first-redraw-requested","117348"
"no-profile","6","first-pty-bytes","522406"
"no-profile","6","gpu-ready","112023"
"no-profile","6","window-created","21159"
"no-profile","6","pty-create-begin","152057"
"no-profile","6","environment-build-begin","159486"
"no-profile","6","child-spawned","511068"
"no-profile","6","shell-integration-preparation-end","152026"
"no-profile","6","shell-ready","952939"
"no-profile","6","workspace-restore-end","6598"
"no-profile","6","fonts-ready","47211"
"no-profile","6","workspace-restore-begin","6468"
"no-profile","6","window-shown","151913"
"no-profile","6","first-frame-presented","132194"
"no-profile","6","config-loaded","6795"
"no-profile","6","session-preparation-begin","151986"
"no-profile","6","adapter-selected","86938"
"no-profile","6","first-shell-text-processed","969734"
"no-profile","6","gpu-started","47221"
"no-profile","6","session-config-ready","152046"
"no-profile","6","child-spawn-requested","159832"
"no-profile","6","application-started","490"
"no-profile","6","shell-integration-end","911702"
"configured-pwsh","6","pty-started","150254"
"configured-pwsh","6","fonts-started","18845"
"configured-pwsh","6","initial-size-sent","157716"
"configured-pwsh","6","renderer-ready","114461"
"configured-pwsh","6","pty-backend-created","150310"
"configured-pwsh","6","prompt-ready","1030172"
"configured-pwsh","6","pty-spawn-complete","517564"
"configured-pwsh","6","first-shell-output-rendered","1056255"
"configured-pwsh","6","shell-integration-begin","993273"
"configured-pwsh","6","device-queue-ready","109811"
"configured-pwsh","6","shell-integration-preparation-begin","150325"
"configured-pwsh","6","pty-config-ready","150371"
"configured-pwsh","6","pty-spawned","517476"
"configured-pwsh","6","pty-worker-ready","517550"
"configured-pwsh","6","terminal-state-created","5625"
"configured-pwsh","6","environment-build-end","158024"
"configured-pwsh","6","first-output-processed","529131"
"configured-pwsh","6","initial-grid-ready","114570"
"configured-pwsh","6","pty-created","157692"
"configured-pwsh","6","first-redraw-requested","114607"
"configured-pwsh","6","first-pty-bytes","528816"
"configured-pwsh","6","gpu-ready","109829"
"configured-pwsh","6","window-created","18832"
"configured-pwsh","6","pty-create-begin","150412"
"configured-pwsh","6","environment-build-begin","157729"
"configured-pwsh","6","child-spawned","517449"
"configured-pwsh","6","shell-integration-preparation-end","150353"
"configured-pwsh","6","shell-ready","1030221"
"configured-pwsh","6","workspace-restore-end","5965"
"configured-pwsh","6","fonts-ready","46712"
"configured-pwsh","6","workspace-restore-begin","5897"
"configured-pwsh","6","window-shown","150170"
"configured-pwsh","6","first-frame-presented","129319"
"configured-pwsh","6","config-loaded","6259"
"configured-pwsh","6","session-preparation-begin","150289"
"configured-pwsh","6","adapter-selected","85029"
"configured-pwsh","6","first-shell-text-processed","1044699"
"configured-pwsh","6","gpu-started","46722"
"configured-pwsh","6","session-config-ready","150386"
"configured-pwsh","6","child-spawn-requested","158037"
"configured-pwsh","6","application-started","263"
"configured-pwsh","6","shell-integration-end","1001684"
"cmd","6","pty-started","157103"
"cmd","6","fonts-started","19391"
"cmd","6","initial-size-sent","164725"
"cmd","6","renderer-ready","118470"
"cmd","6","pty-backend-created","157347"
"cmd","6","prompt-ready","309283"
"cmd","6","pty-spawn-complete","173597"
"cmd","6","first-shell-output-rendered","225460"
"cmd","6","device-queue-ready","113626"
"cmd","6","shell-integration-preparation-begin","157357"
"cmd","6","pty-config-ready","157388"
"cmd","6","pty-spawned","173516"
"cmd","6","pty-worker-ready","173583"
"cmd","6","terminal-state-created","5306"
"cmd","6","environment-build-end","165062"
"cmd","6","first-output-processed","185822"
"cmd","6","initial-grid-ready","118612"
"cmd","6","pty-created","164700"
"cmd","6","first-redraw-requested","118768"
"cmd","6","first-pty-bytes","185657"
"cmd","6","gpu-ready","113643"
"cmd","6","window-created","19261"
"cmd","6","pty-create-begin","157410"
"cmd","6","environment-build-begin","164738"
"cmd","6","child-spawned","173489"
"cmd","6","shell-integration-preparation-end","157377"
"cmd","6","shell-ready","309310"
"cmd","6","workspace-restore-end","5655"
"cmd","6","fonts-ready","49529"
"cmd","6","workspace-restore-begin","5593"
"cmd","6","window-shown","157050"
"cmd","6","first-frame-presented","135223"
"cmd","6","config-loaded","5691"
"cmd","6","session-preparation-begin","157333"
"cmd","6","adapter-selected","89846"
"cmd","6","first-shell-text-processed","195123"
"cmd","6","gpu-started","49541"
"cmd","6","session-config-ready","157397"
"cmd","6","child-spawn-requested","165076"
"cmd","6","application-started","351"
"configured-pwsh","7","pty-started","153586"
"configured-pwsh","7","fonts-started","20210"
"configured-pwsh","7","initial-size-sent","162150"
"configured-pwsh","7","renderer-ready","117168"
"configured-pwsh","7","pty-backend-created","153623"
"configured-pwsh","7","prompt-ready","1047238"
"configured-pwsh","7","pty-spawn-complete","521757"
"configured-pwsh","7","first-shell-output-rendered","1068370"
"configured-pwsh","7","shell-integration-begin","1008881"
"configured-pwsh","7","device-queue-ready","112394"
"configured-pwsh","7","shell-integration-preparation-begin","153633"
"configured-pwsh","7","pty-config-ready","153663"
"configured-pwsh","7","pty-spawned","521673"
"configured-pwsh","7","pty-worker-ready","521744"
"configured-pwsh","7","terminal-state-created","6593"
"configured-pwsh","7","environment-build-end","162640"
"configured-pwsh","7","first-output-processed","532424"
"configured-pwsh","7","initial-grid-ready","117319"
"configured-pwsh","7","pty-created","162117"
"configured-pwsh","7","first-redraw-requested","117462"
"configured-pwsh","7","first-pty-bytes","532243"
"configured-pwsh","7","gpu-ready","112416"
"configured-pwsh","7","window-created","20197"
"configured-pwsh","7","pty-create-begin","153685"
"configured-pwsh","7","environment-build-begin","162166"
"configured-pwsh","7","child-spawned","521645"
"configured-pwsh","7","shell-integration-preparation-end","153652"
"configured-pwsh","7","shell-ready","1047269"
"configured-pwsh","7","workspace-restore-end","6905"
"configured-pwsh","7","fonts-ready","48555"
"configured-pwsh","7","workspace-restore-begin","6847"
"configured-pwsh","7","window-shown","153526"
"configured-pwsh","7","first-frame-presented","133004"
"configured-pwsh","7","config-loaded","7059"
"configured-pwsh","7","session-preparation-begin","153611"
"configured-pwsh","7","adapter-selected","87453"
"configured-pwsh","7","first-shell-text-processed","1056820"
"configured-pwsh","7","gpu-started","48566"
"configured-pwsh","7","session-config-ready","153672"
"configured-pwsh","7","child-spawn-requested","162661"
"configured-pwsh","7","application-started","286"
"configured-pwsh","7","shell-integration-end","1018146"
"cmd","7","pty-started","153546"
"cmd","7","fonts-started","21180"
"cmd","7","initial-size-sent","160885"
"cmd","7","renderer-ready","114576"
"cmd","7","pty-backend-created","153582"
"cmd","7","prompt-ready","293522"
"cmd","7","pty-spawn-complete","168736"
"cmd","7","first-shell-output-rendered","232514"
"cmd","7","device-queue-ready","110244"
"cmd","7","shell-integration-preparation-begin","153591"
"cmd","7","pty-config-ready","153623"
"cmd","7","pty-spawned","168661"
"cmd","7","pty-worker-ready","168722"
"cmd","7","terminal-state-created","5520"
"cmd","7","environment-build-end","161210"
"cmd","7","first-output-processed","181121"
"cmd","7","initial-grid-ready","114712"
"cmd","7","pty-created","160858"
"cmd","7","first-redraw-requested","114911"
"cmd","7","first-pty-bytes","180933"
"cmd","7","gpu-ready","110261"
"cmd","7","window-created","20751"
"cmd","7","pty-create-begin","153646"
"cmd","7","environment-build-begin","160898"
"cmd","7","child-spawned","168637"
"cmd","7","shell-integration-preparation-end","153612"
"cmd","7","shell-ready","293547"
"cmd","7","workspace-restore-end","5880"
"cmd","7","fonts-ready","49320"
"cmd","7","workspace-restore-begin","5811"
"cmd","7","window-shown","153489"
"cmd","7","first-frame-presented","129830"
"cmd","7","config-loaded","5915"
"cmd","7","session-preparation-begin","153569"
"cmd","7","adapter-selected","85073"
"cmd","7","first-shell-text-processed","198331"
"cmd","7","gpu-started","49330"
"cmd","7","session-config-ready","153633"
"cmd","7","child-spawn-requested","161223"
"cmd","7","application-started","403"
"no-profile","7","pty-started","153865"
"no-profile","7","fonts-started","20726"
"no-profile","7","initial-size-sent","161355"
"no-profile","7","renderer-ready","116364"
"no-profile","7","pty-backend-created","153901"
"no-profile","7","prompt-ready","954944"
"no-profile","7","pty-spawn-complete","514843"
"no-profile","7","first-shell-output-rendered","994101"
"no-profile","7","shell-integration-begin","899726"
"no-profile","7","device-queue-ready","111833"
"no-profile","7","shell-integration-preparation-begin","153911"
"no-profile","7","pty-config-ready","153939"
"no-profile","7","pty-spawned","514759"
"no-profile","7","pty-worker-ready","514830"
"no-profile","7","terminal-state-created","4655"
"no-profile","7","environment-build-end","161747"
"no-profile","7","first-output-processed","525619"
"no-profile","7","initial-grid-ready","116470"
"no-profile","7","pty-created","161318"
"no-profile","7","first-redraw-requested","116526"
"no-profile","7","first-pty-bytes","525383"
"no-profile","7","gpu-ready","111850"
"no-profile","7","window-created","20714"
"no-profile","7","pty-create-begin","153962"
"no-profile","7","environment-build-begin","161369"
"no-profile","7","child-spawned","514732"
"no-profile","7","shell-integration-preparation-end","153929"
"no-profile","7","shell-ready","954977"
"no-profile","7","workspace-restore-end","5009"
"no-profile","7","fonts-ready","47332"
"no-profile","7","workspace-restore-begin","4940"
"no-profile","7","window-shown","153807"
"no-profile","7","first-frame-presented","130610"
"no-profile","7","config-loaded","5190"
"no-profile","7","session-preparation-begin","153889"
"no-profile","7","adapter-selected","85670"
"no-profile","7","first-shell-text-processed","975732"
"no-profile","7","gpu-started","47342"
"no-profile","7","session-config-ready","153949"
"no-profile","7","child-spawn-requested","161760"
"no-profile","7","application-started","293"
"no-profile","7","shell-integration-end","914399"
"cmd","8","pty-started","152970"
"cmd","8","fonts-started","21962"
"cmd","8","initial-size-sent","161863"
"cmd","8","renderer-ready","119014"
"cmd","8","pty-backend-created","153008"
"cmd","8","prompt-ready","294016"
"cmd","8","pty-spawn-complete","169800"
"cmd","8","first-shell-output-rendered","235451"
"cmd","8","device-queue-ready","113857"
"cmd","8","shell-integration-preparation-begin","153017"
"cmd","8","pty-config-ready","153049"
"cmd","8","pty-spawned","169717"
"cmd","8","pty-worker-ready","169784"
"cmd","8","terminal-state-created","6116"
"cmd","8","environment-build-end","162186"
"cmd","8","first-output-processed","184440"
"cmd","8","initial-grid-ready","119172"
"cmd","8","pty-created","161837"
"cmd","8","first-redraw-requested","119261"
"cmd","8","first-pty-bytes","184280"
"cmd","8","gpu-ready","113877"
"cmd","8","window-created","21792"
"cmd","8","pty-create-begin","153072"
"cmd","8","environment-build-begin","161875"
"cmd","8","child-spawned","169691"
"cmd","8","shell-integration-preparation-end","153039"
"cmd","8","shell-ready","294040"
"cmd","8","workspace-restore-end","6481"
"cmd","8","fonts-ready","48428"
"cmd","8","workspace-restore-begin","6413"
"cmd","8","window-shown","152912"
"cmd","8","first-frame-presented","133411"
"cmd","8","config-loaded","6517"
"cmd","8","session-preparation-begin","152995"
"cmd","8","adapter-selected","88471"
"cmd","8","first-shell-text-processed","205479"
"cmd","8","gpu-started","48438"
"cmd","8","session-config-ready","153059"
"cmd","8","child-spawn-requested","162199"
"cmd","8","application-started","427"
"no-profile","8","pty-started","153766"
"no-profile","8","fonts-started","19546"
"no-profile","8","initial-size-sent","160904"
"no-profile","8","renderer-ready","115223"
"no-profile","8","pty-backend-created","153803"
"no-profile","8","prompt-ready","957319"
"no-profile","8","pty-spawn-complete","516993"
"no-profile","8","first-shell-output-rendered","990769"
"no-profile","8","shell-integration-begin","902216"
"no-profile","8","device-queue-ready","111034"
"no-profile","8","shell-integration-preparation-begin","153813"
"no-profile","8","pty-config-ready","153843"
"no-profile","8","pty-spawned","516897"
"no-profile","8","pty-worker-ready","516974"
"no-profile","8","terminal-state-created","4833"
"no-profile","8","environment-build-end","161221"
"no-profile","8","first-output-processed","529088"
"no-profile","8","initial-grid-ready","115352"
"no-profile","8","pty-created","160878"
"no-profile","8","first-redraw-requested","115395"
"no-profile","8","first-pty-bytes","528928"
"no-profile","8","gpu-ready","111050"
"no-profile","8","window-created","19533"
"no-profile","8","pty-create-begin","153866"
"no-profile","8","environment-build-begin","160918"
"no-profile","8","child-spawned","516861"
"no-profile","8","shell-integration-preparation-end","153832"
"no-profile","8","shell-ready","957352"
"no-profile","8","workspace-restore-end","5163"
"no-profile","8","fonts-ready","48034"
"no-profile","8","workspace-restore-begin","5103"
"no-profile","8","window-shown","153703"
"no-profile","8","first-frame-presented","129782"
"no-profile","8","config-loaded","5492"
"no-profile","8","session-preparation-begin","153791"
"no-profile","8","adapter-selected","84992"
"no-profile","8","first-shell-text-processed","970651"
"no-profile","8","gpu-started","48044"
"no-profile","8","session-config-ready","153853"
"no-profile","8","child-spawn-requested","161233"
"no-profile","8","application-started","452"
"no-profile","8","shell-integration-end","918928"
"configured-pwsh","8","pty-started","155442"
"configured-pwsh","8","fonts-started","21941"
"configured-pwsh","8","initial-size-sent","163194"
"configured-pwsh","8","renderer-ready","117993"
"configured-pwsh","8","pty-backend-created","155480"
"configured-pwsh","8","prompt-ready","1029858"
"configured-pwsh","8","pty-spawn-complete","518589"
"configured-pwsh","8","first-shell-output-rendered","1051140"
"configured-pwsh","8","shell-integration-begin","993439"
"configured-pwsh","8","device-queue-ready","112752"
"configured-pwsh","8","shell-integration-preparation-begin","155490"
"configured-pwsh","8","pty-config-ready","155518"
"configured-pwsh","8","pty-spawned","518513"
"configured-pwsh","8","pty-worker-ready","518576"
"configured-pwsh","8","terminal-state-created","5681"
"configured-pwsh","8","environment-build-end","163603"
"configured-pwsh","8","first-output-processed","532932"
"configured-pwsh","8","initial-grid-ready","118127"
"configured-pwsh","8","pty-created","163159"
"configured-pwsh","8","first-redraw-requested","118177"
"configured-pwsh","8","first-pty-bytes","532693"
"configured-pwsh","8","gpu-ready","112773"
"configured-pwsh","8","window-created","21929"
"configured-pwsh","8","pty-create-begin","155541"
"configured-pwsh","8","environment-build-begin","163216"
"configured-pwsh","8","child-spawned","518485"
"configured-pwsh","8","shell-integration-preparation-end","155507"
"configured-pwsh","8","shell-ready","1029892"
"configured-pwsh","8","workspace-restore-end","6021"
"configured-pwsh","8","fonts-ready","50026"
"configured-pwsh","8","workspace-restore-begin","5960"
"configured-pwsh","8","window-shown","155381"
"configured-pwsh","8","first-frame-presented","131667"
"configured-pwsh","8","config-loaded","6337"
"configured-pwsh","8","session-preparation-begin","155467"
"configured-pwsh","8","adapter-selected","87628"
"configured-pwsh","8","first-shell-text-processed","1038782"
"configured-pwsh","8","gpu-started","50038"
"configured-pwsh","8","session-config-ready","155528"
"configured-pwsh","8","child-spawn-requested","163618"
"configured-pwsh","8","application-started","336"
"configured-pwsh","8","shell-integration-end","1001685"
"no-profile","9","pty-started","152043"
"no-profile","9","fonts-started","21863"
"no-profile","9","initial-size-sent","160093"
"no-profile","9","renderer-ready","116982"
"no-profile","9","pty-backend-created","152082"
"no-profile","9","prompt-ready","946866"
"no-profile","9","pty-spawn-complete","507137"
"no-profile","9","first-shell-output-rendered","987234"
"no-profile","9","shell-integration-begin","887857"
"no-profile","9","device-queue-ready","112767"
"no-profile","9","shell-integration-preparation-begin","152091"
"no-profile","9","pty-config-ready","152125"
"no-profile","9","pty-spawned","507050"
"no-profile","9","pty-worker-ready","507124"
"no-profile","9","terminal-state-created","6553"
"no-profile","9","environment-build-end","160413"
"no-profile","9","first-output-processed","518094"
"no-profile","9","initial-grid-ready","117087"
"no-profile","9","pty-created","160065"
"no-profile","9","first-redraw-requested","117228"
"no-profile","9","first-pty-bytes","517830"
"no-profile","9","gpu-ready","112783"
"no-profile","9","window-created","21850"
"no-profile","9","pty-create-begin","152147"
"no-profile","9","environment-build-begin","160106"
"no-profile","9","child-spawned","507023"
"no-profile","9","shell-integration-preparation-end","152114"
"no-profile","9","shell-ready","946927"
"no-profile","9","workspace-restore-end","6926"
"no-profile","9","fonts-ready","48204"
"no-profile","9","workspace-restore-begin","6856"
"no-profile","9","window-shown","151936"
"no-profile","9","first-frame-presented","130883"
"no-profile","9","config-loaded","7122"
"no-profile","9","session-preparation-begin","152069"
"no-profile","9","adapter-selected","87057"
"no-profile","9","first-shell-text-processed","968898"
"no-profile","9","gpu-started","48214"
"no-profile","9","session-config-ready","152134"
"no-profile","9","child-spawn-requested","160427"
"no-profile","9","application-started","325"
"no-profile","9","shell-integration-end","907986"
"configured-pwsh","9","pty-started","167207"
"configured-pwsh","9","fonts-started","21984"
"configured-pwsh","9","initial-size-sent","174942"
"configured-pwsh","9","renderer-ready","127112"
"configured-pwsh","9","pty-backend-created","167247"
"configured-pwsh","9","prompt-ready","1106953"
"configured-pwsh","9","pty-spawn-complete","543307"
"configured-pwsh","9","first-shell-output-rendered","1130161"
"configured-pwsh","9","shell-integration-begin","1059325"
"configured-pwsh","9","device-queue-ready","121995"
"configured-pwsh","9","shell-integration-preparation-begin","167257"
"configured-pwsh","9","pty-config-ready","167286"
"configured-pwsh","9","pty-spawned","543230"
"configured-pwsh","9","pty-worker-ready","543293"
"configured-pwsh","9","terminal-state-created","4938"
"configured-pwsh","9","environment-build-end","175299"
"configured-pwsh","9","first-output-processed","553426"
"configured-pwsh","9","initial-grid-ready","127241"
"configured-pwsh","9","pty-created","174916"
"configured-pwsh","9","first-redraw-requested","127292"
"configured-pwsh","9","first-pty-bytes","553273"
"configured-pwsh","9","gpu-ready","122019"
"configured-pwsh","9","window-created","21971"
"configured-pwsh","9","pty-create-begin","167310"
"configured-pwsh","9","environment-build-begin","174956"
"configured-pwsh","9","child-spawned","543205"
"configured-pwsh","9","shell-integration-preparation-end","167275"
"configured-pwsh","9","shell-ready","1106985"
"configured-pwsh","9","workspace-restore-end","5301"
"configured-pwsh","9","fonts-ready","51737"
"configured-pwsh","9","workspace-restore-begin","5231"
"configured-pwsh","9","window-shown","167148"
"configured-pwsh","9","first-frame-presented","144131"
"configured-pwsh","9","config-loaded","5471"
"configured-pwsh","9","session-preparation-begin","167233"
"configured-pwsh","9","adapter-selected","95185"
"configured-pwsh","9","first-shell-text-processed","1117236"
"configured-pwsh","9","gpu-started","51748"
"configured-pwsh","9","session-config-ready","167295"
"configured-pwsh","9","child-spawn-requested","175312"
"configured-pwsh","9","application-started","287"
"configured-pwsh","9","shell-integration-end","1076515"
"cmd","9","pty-started","155370"
"cmd","9","fonts-started","20229"
"cmd","9","initial-size-sent","163038"
"cmd","9","renderer-ready","115552"
"cmd","9","pty-backend-created","155407"
"cmd","9","prompt-ready","298635"
"cmd","9","pty-spawn-complete","171284"
"cmd","9","first-shell-output-rendered","241761"
"cmd","9","device-queue-ready","110714"
"cmd","9","shell-integration-preparation-begin","155416"
"cmd","9","pty-config-ready","155449"
"cmd","9","pty-spawned","171183"
"cmd","9","pty-worker-ready","171268"
"cmd","9","terminal-state-created","4677"
"cmd","9","environment-build-end","163351"
"cmd","9","first-output-processed","188238"
"cmd","9","initial-grid-ready","115683"
"cmd","9","pty-created","163012"
"cmd","9","first-redraw-requested","115888"
"cmd","9","first-pty-bytes","188081"
"cmd","9","gpu-ready","110734"
"cmd","9","window-created","20063"
"cmd","9","pty-create-begin","155474"
"cmd","9","environment-build-begin","163051"
"cmd","9","child-spawned","171146"
"cmd","9","shell-integration-preparation-end","155438"
"cmd","9","shell-ready","298662"
"cmd","9","workspace-restore-end","5007"
"cmd","9","fonts-ready","46518"
"cmd","9","workspace-restore-begin","4929"
"cmd","9","window-shown","155310"
"cmd","9","first-frame-presented","131049"
"cmd","9","config-loaded","5043"
"cmd","9","session-preparation-begin","155395"
"cmd","9","adapter-selected","85578"
"cmd","9","first-shell-text-processed","212231"
"cmd","9","gpu-started","46529"
"cmd","9","session-config-ready","155458"
"cmd","9","child-spawn-requested","163363"
"cmd","9","application-started","275"
"configured-pwsh","10","pty-started","152581"
"configured-pwsh","10","fonts-started","19576"
"configured-pwsh","10","initial-size-sent","159794"
"configured-pwsh","10","renderer-ready","115832"
"configured-pwsh","10","pty-backend-created","152618"
"configured-pwsh","10","prompt-ready","1034462"
"configured-pwsh","10","pty-spawn-complete","506074"
"configured-pwsh","10","first-shell-output-rendered","1061953"
"configured-pwsh","10","shell-integration-begin","997462"
"configured-pwsh","10","device-queue-ready","111462"
"configured-pwsh","10","shell-integration-preparation-begin","152627"
"configured-pwsh","10","pty-config-ready","152656"
"configured-pwsh","10","pty-spawned","505992"
"configured-pwsh","10","pty-worker-ready","506061"
"configured-pwsh","10","terminal-state-created","6075"
"configured-pwsh","10","environment-build-end","160149"
"configured-pwsh","10","first-output-processed","518822"
"configured-pwsh","10","initial-grid-ready","115929"
"configured-pwsh","10","pty-created","159767"
"configured-pwsh","10","first-redraw-requested","115986"
"configured-pwsh","10","first-pty-bytes","518641"
"configured-pwsh","10","gpu-ready","111478"
"configured-pwsh","10","window-created","19563"
"configured-pwsh","10","pty-create-begin","152678"
"configured-pwsh","10","environment-build-begin","159807"
"configured-pwsh","10","child-spawned","505965"
"configured-pwsh","10","shell-integration-preparation-end","152645"
"configured-pwsh","10","shell-ready","1034490"
"configured-pwsh","10","workspace-restore-end","6431"
"configured-pwsh","10","fonts-ready","47026"
"configured-pwsh","10","workspace-restore-begin","6363"
"configured-pwsh","10","window-shown","152520"
"configured-pwsh","10","first-frame-presented","130173"
"configured-pwsh","10","config-loaded","6603"
"configured-pwsh","10","session-preparation-begin","152605"
"configured-pwsh","10","adapter-selected","85775"
"configured-pwsh","10","first-shell-text-processed","1049725"
"configured-pwsh","10","gpu-started","47037"
"configured-pwsh","10","session-config-ready","152665"
"configured-pwsh","10","child-spawn-requested","160162"
"configured-pwsh","10","application-started","403"
"configured-pwsh","10","shell-integration-end","1006307"
"cmd","10","pty-started","160293"
"cmd","10","fonts-started","19512"
"cmd","10","initial-size-sent","168688"
"cmd","10","renderer-ready","122315"
"cmd","10","pty-backend-created","160329"
"cmd","10","prompt-ready","326660"
"cmd","10","pty-spawn-complete","176974"
"cmd","10","first-shell-output-rendered","241428"
"cmd","10","device-queue-ready","117754"
"cmd","10","shell-integration-preparation-begin","160338"
"cmd","10","pty-config-ready","160369"
"cmd","10","pty-spawned","176893"
"cmd","10","pty-worker-ready","176959"
"cmd","10","terminal-state-created","5246"
"cmd","10","environment-build-end","169102"
"cmd","10","first-output-processed","198189"
"cmd","10","initial-grid-ready","122446"
"cmd","10","pty-created","168660"
"cmd","10","first-redraw-requested","122496"
"cmd","10","first-pty-bytes","197070"
"cmd","10","gpu-ready","117771"
"cmd","10","window-created","19112"
"cmd","10","pty-create-begin","160392"
"cmd","10","environment-build-begin","168713"
"cmd","10","child-spawned","176866"
"cmd","10","shell-integration-preparation-end","160359"
"cmd","10","shell-ready","326694"
"cmd","10","workspace-restore-end","5617"
"cmd","10","fonts-ready","48626"
"cmd","10","workspace-restore-begin","5548"
"cmd","10","window-shown","160239"
"cmd","10","first-frame-presented","136934"
"cmd","10","config-loaded","5653"
"cmd","10","session-preparation-begin","160315"
"cmd","10","adapter-selected","91922"
"cmd","10","first-shell-text-processed","208576"
"cmd","10","gpu-started","48637"
"cmd","10","session-config-ready","160379"
"cmd","10","child-spawn-requested","169117"
"cmd","10","application-started","297"
"no-profile","10","pty-started","157986"
"no-profile","10","fonts-started","20603"
"no-profile","10","initial-size-sent","165053"
"no-profile","10","renderer-ready","121119"
"no-profile","10","pty-backend-created","158036"
"no-profile","10","prompt-ready","970571"
"no-profile","10","pty-spawn-complete","514402"
"no-profile","10","first-shell-output-rendered","1005384"
"no-profile","10","shell-integration-begin","911993"
"no-profile","10","device-queue-ready","116776"
"no-profile","10","shell-integration-preparation-begin","158049"
"no-profile","10","pty-config-ready","158091"
"no-profile","10","pty-spawned","514261"
"no-profile","10","pty-worker-ready","514373"
"no-profile","10","terminal-state-created","5072"
"no-profile","10","environment-build-end","165404"
"no-profile","10","first-output-processed","525477"
"no-profile","10","initial-grid-ready","121214"
"no-profile","10","pty-created","165028"
"no-profile","10","first-redraw-requested","121257"
"no-profile","10","first-pty-bytes","525329"
"no-profile","10","gpu-ready","116793"
"no-profile","10","window-created","20589"
"no-profile","10","pty-create-begin","158122"
"no-profile","10","environment-build-begin","165067"
"no-profile","10","child-spawned","514213"
"no-profile","10","shell-integration-preparation-end","158077"
"no-profile","10","shell-ready","970602"
"no-profile","10","workspace-restore-end","5402"
"no-profile","10","fonts-ready","52419"
"no-profile","10","workspace-restore-begin","5344"
"no-profile","10","window-shown","157898"
"no-profile","10","first-frame-presented","135402"
"no-profile","10","config-loaded","5651"
"no-profile","10","session-preparation-begin","158019"
"no-profile","10","adapter-selected","91016"
"no-profile","10","first-shell-text-processed","985454"
"no-profile","10","gpu-started","52432"
"no-profile","10","session-config-ready","158104"
"no-profile","10","child-spawn-requested","165419"
"no-profile","10","application-started","265"
"no-profile","10","shell-integration-end","931155"
"cmd","11","pty-started","156677"
"cmd","11","fonts-started","19768"
"cmd","11","initial-size-sent","163719"
"cmd","11","renderer-ready","118671"
"cmd","11","pty-backend-created","156712"
"cmd","11","prompt-ready","301612"
"cmd","11","pty-spawn-complete","171879"
"cmd","11","first-shell-output-rendered","239423"
"cmd","11","device-queue-ready","113652"
"cmd","11","shell-integration-preparation-begin","156721"
"cmd","11","pty-config-ready","156752"
"cmd","11","pty-spawned","171783"
"cmd","11","pty-worker-ready","171861"
"cmd","11","terminal-state-created","5217"
"cmd","11","environment-build-end","164025"
"cmd","11","first-output-processed","187810"
"cmd","11","initial-grid-ready","118770"
"cmd","11","pty-created","163694"
"cmd","11","first-redraw-requested","118812"
"cmd","11","first-pty-bytes","187653"
"cmd","11","gpu-ready","113669"
"cmd","11","window-created","19603"
"cmd","11","pty-create-begin","156774"
"cmd","11","environment-build-begin","163732"
"cmd","11","child-spawned","171749"
"cmd","11","shell-integration-preparation-end","156741"
"cmd","11","shell-ready","301641"
"cmd","11","workspace-restore-end","5549"
"cmd","11","fonts-ready","48170"
"cmd","11","workspace-restore-begin","5490"
"cmd","11","window-shown","156625"
"cmd","11","first-frame-presented","134071"
"cmd","11","config-loaded","5593"
"cmd","11","session-preparation-begin","156699"
"cmd","11","adapter-selected","88695"
"cmd","11","first-shell-text-processed","209629"
"cmd","11","gpu-started","48181"
"cmd","11","session-config-ready","156762"
"cmd","11","child-spawn-requested","164038"
"cmd","11","application-started","304"
"no-profile","11","pty-started","147867"
"no-profile","11","fonts-started","17377"
"no-profile","11","initial-size-sent","155372"
"no-profile","11","renderer-ready","111349"
"no-profile","11","pty-backend-created","147904"
"no-profile","11","prompt-ready","954374"
"no-profile","11","pty-spawn-complete","511103"
"no-profile","11","first-shell-output-rendered","988961"
"no-profile","11","shell-integration-begin","900777"
"no-profile","11","device-queue-ready","107024"
"no-profile","11","shell-integration-preparation-begin","147913"
"no-profile","11","pty-config-ready","147951"
"no-profile","11","pty-spawned","511020"
"no-profile","11","pty-worker-ready","511090"
"no-profile","11","terminal-state-created","4569"
"no-profile","11","environment-build-end","155725"
"no-profile","11","first-output-processed","521845"
"no-profile","11","initial-grid-ready","111503"
"no-profile","11","pty-created","155345"
"no-profile","11","first-redraw-requested","111613"
"no-profile","11","first-pty-bytes","521676"
"no-profile","11","gpu-ready","107041"
"no-profile","11","window-created","17365"
"no-profile","11","pty-create-begin","147974"
"no-profile","11","environment-build-begin","155386"
"no-profile","11","child-spawned","510994"
"no-profile","11","shell-integration-preparation-end","147941"
"no-profile","11","shell-ready","954405"
"no-profile","11","workspace-restore-end","4915"
"no-profile","11","fonts-ready","44563"
"no-profile","11","workspace-restore-begin","4848"
"no-profile","11","window-shown","147812"
"no-profile","11","first-frame-presented","126835"
"no-profile","11","config-loaded","5086"
"no-profile","11","session-preparation-begin","147891"
"no-profile","11","adapter-selected","82253"
"no-profile","11","first-shell-text-processed","968101"
"no-profile","11","gpu-started","44588"
"no-profile","11","session-config-ready","147960"
"no-profile","11","child-spawn-requested","155740"
"no-profile","11","application-started","291"
"no-profile","11","shell-integration-end","916441"
"configured-pwsh","11","pty-started","151319"
"configured-pwsh","11","fonts-started","19306"
"configured-pwsh","11","initial-size-sent","158666"
"configured-pwsh","11","renderer-ready","116794"
"configured-pwsh","11","pty-backend-created","151356"
"configured-pwsh","11","prompt-ready","1048128"
"configured-pwsh","11","pty-spawn-complete","525224"
"configured-pwsh","11","first-shell-output-rendered","1071917"
"configured-pwsh","11","shell-integration-begin","1011462"
"configured-pwsh","11","device-queue-ready","111836"
"configured-pwsh","11","shell-integration-preparation-begin","151365"
"configured-pwsh","11","pty-config-ready","151397"
"configured-pwsh","11","pty-spawned","525134"
"configured-pwsh","11","pty-worker-ready","525210"
"configured-pwsh","11","terminal-state-created","5805"
"configured-pwsh","11","environment-build-end","159013"
"configured-pwsh","11","first-output-processed","536378"
"configured-pwsh","11","initial-grid-ready","116909"
"configured-pwsh","11","pty-created","158639"
"configured-pwsh","11","first-redraw-requested","116951"
"configured-pwsh","11","first-pty-bytes","535957"
"configured-pwsh","11","gpu-ready","111852"
"configured-pwsh","11","window-created","19293"
"configured-pwsh","11","pty-create-begin","151418"
"configured-pwsh","11","environment-build-begin","158680"
"configured-pwsh","11","child-spawned","525106"
"configured-pwsh","11","shell-integration-preparation-end","151385"
"configured-pwsh","11","shell-ready","1048158"
"configured-pwsh","11","workspace-restore-end","6169"
"configured-pwsh","11","fonts-ready","46204"
"configured-pwsh","11","workspace-restore-begin","6101"
"configured-pwsh","11","window-shown","151260"
"configured-pwsh","11","first-frame-presented","131310"
"configured-pwsh","11","config-loaded","6343"
"configured-pwsh","11","session-preparation-begin","151343"
"configured-pwsh","11","adapter-selected","85886"
"configured-pwsh","11","first-shell-text-processed","1059630"
"configured-pwsh","11","gpu-started","46216"
"configured-pwsh","11","session-config-ready","151406"
"configured-pwsh","11","child-spawn-requested","159026"
"configured-pwsh","11","application-started","342"
"configured-pwsh","11","shell-integration-end","1020245"
"no-profile","12","pty-started","181049"
"no-profile","12","fonts-started","18111"
"no-profile","12","initial-size-sent","189386"
"no-profile","12","renderer-ready","130366"
"no-profile","12","pty-backend-created","181087"
"no-profile","12","prompt-ready","1028693"
"no-profile","12","pty-spawn-complete","572775"
"no-profile","12","first-shell-output-rendered","1063957"
"no-profile","12","shell-integration-begin","972732"
"no-profile","12","device-queue-ready","123753"
"no-profile","12","shell-integration-preparation-begin","181096"
"no-profile","12","pty-config-ready","181137"
"no-profile","12","pty-spawned","572685"
"no-profile","12","pty-worker-ready","572760"
"no-profile","12","terminal-state-created","4674"
"no-profile","12","environment-build-end","189785"
"no-profile","12","first-output-processed","583888"
"no-profile","12","initial-grid-ready","130477"
"no-profile","12","pty-created","189362"
"no-profile","12","first-redraw-requested","130533"
"no-profile","12","first-pty-bytes","583726"
"no-profile","12","gpu-ready","123780"
"no-profile","12","window-created","18099"
"no-profile","12","pty-create-begin","181165"
"no-profile","12","environment-build-begin","189403"
"no-profile","12","child-spawned","572657"
"no-profile","12","shell-integration-preparation-end","181123"
"no-profile","12","shell-ready","1028723"
"no-profile","12","workspace-restore-end","5015"
"no-profile","12","fonts-ready","49535"
"no-profile","12","workspace-restore-begin","4948"
"no-profile","12","window-shown","180988"
"no-profile","12","first-frame-presented","150000"
"no-profile","12","config-loaded","5607"
"no-profile","12","session-preparation-begin","181074"
"no-profile","12","adapter-selected","95534"
"no-profile","12","first-shell-text-processed","1044993"
"no-profile","12","gpu-started","49548"
"no-profile","12","session-config-ready","181149"
"no-profile","12","child-spawn-requested","189805"
"no-profile","12","application-started","308"
"no-profile","12","shell-integration-end","989873"
"configured-pwsh","12","pty-started","150601"
"configured-pwsh","12","fonts-started","19173"
"configured-pwsh","12","initial-size-sent","158788"
"configured-pwsh","12","renderer-ready","115811"
"configured-pwsh","12","pty-backend-created","150639"
"configured-pwsh","12","prompt-ready","1016847"
"configured-pwsh","12","pty-spawn-complete","515771"
"configured-pwsh","12","first-shell-output-rendered","1049113"
"configured-pwsh","12","shell-integration-begin","980427"
"configured-pwsh","12","device-queue-ready","111237"
"configured-pwsh","12","shell-integration-preparation-begin","150648"
"configured-pwsh","12","pty-config-ready","150677"
"configured-pwsh","12","pty-spawned","515672"
"configured-pwsh","12","pty-worker-ready","515754"
"configured-pwsh","12","terminal-state-created","5535"
"configured-pwsh","12","environment-build-end","159139"
"configured-pwsh","12","first-output-processed","526752"
"configured-pwsh","12","initial-grid-ready","115925"
"configured-pwsh","12","pty-created","158760"
"configured-pwsh","12","first-redraw-requested","116005"
"configured-pwsh","12","first-pty-bytes","526556"
"configured-pwsh","12","gpu-ready","111254"
"configured-pwsh","12","window-created","19161"
"configured-pwsh","12","pty-create-begin","150699"
"configured-pwsh","12","environment-build-begin","158801"
"configured-pwsh","12","child-spawned","515638"
"configured-pwsh","12","shell-integration-preparation-end","150667"
"configured-pwsh","12","shell-ready","1016878"
"configured-pwsh","12","workspace-restore-end","5876"
"configured-pwsh","12","fonts-ready","46523"
"configured-pwsh","12","workspace-restore-begin","5809"
"configured-pwsh","12","window-shown","150549"
"configured-pwsh","12","first-frame-presented","129936"
"configured-pwsh","12","config-loaded","6091"
"configured-pwsh","12","session-preparation-begin","150625"
"configured-pwsh","12","adapter-selected","85451"
"configured-pwsh","12","first-shell-text-processed","1037822"
"configured-pwsh","12","gpu-started","46533"
"configured-pwsh","12","session-config-ready","150686"
"configured-pwsh","12","child-spawn-requested","159153"
"configured-pwsh","12","application-started","609"
"configured-pwsh","12","shell-integration-end","988294"
"cmd","12","pty-started","159000"
"cmd","12","fonts-started","23563"
"cmd","12","initial-size-sent","166584"
"cmd","12","renderer-ready","120888"
"cmd","12","pty-backend-created","159036"
"cmd","12","prompt-ready","314477"
"cmd","12","pty-spawn-complete","174507"
"cmd","12","first-shell-output-rendered","238316"
"cmd","12","device-queue-ready","116477"
"cmd","12","shell-integration-preparation-begin","159046"
"cmd","12","pty-config-ready","159078"
"cmd","12","pty-spawned","174381"
"cmd","12","pty-worker-ready","174482"
"cmd","12","terminal-state-created","8620"
"cmd","12","environment-build-end","166914"
"cmd","12","first-output-processed","193671"
"cmd","12","initial-grid-ready","121019"
"cmd","12","pty-created","166537"
"cmd","12","first-redraw-requested","121151"
"cmd","12","first-pty-bytes","193029"
"cmd","12","gpu-ready","116494"
"cmd","12","window-created","23183"
"cmd","12","pty-create-begin","159100"
"cmd","12","environment-build-begin","166601"
"cmd","12","child-spawned","174344"
"cmd","12","shell-integration-preparation-end","159067"
"cmd","12","shell-ready","314505"
"cmd","12","workspace-restore-end","8997"
"cmd","12","fonts-ready","50520"
"cmd","12","workspace-restore-begin","8937"
"cmd","12","window-shown","158949"
"cmd","12","first-frame-presented","136864"
"cmd","12","config-loaded","9041"
"cmd","12","session-preparation-begin","159023"
"cmd","12","adapter-selected","90847"
"cmd","12","first-shell-text-processed","205478"
"cmd","12","gpu-started","50531"
"cmd","12","session-config-ready","159087"
"cmd","12","child-spawn-requested","166926"
"cmd","12","application-started","367"
"configured-pwsh","13","pty-started","167305"
"configured-pwsh","13","fonts-started","21795"
"configured-pwsh","13","initial-size-sent","175772"
"configured-pwsh","13","renderer-ready","125777"
"configured-pwsh","13","pty-backend-created","167341"
"configured-pwsh","13","prompt-ready","1101219"
"configured-pwsh","13","pty-spawn-complete","548874"
"configured-pwsh","13","first-shell-output-rendered","1134388"
"configured-pwsh","13","shell-integration-begin","1065656"
"configured-pwsh","13","device-queue-ready","120112"
"configured-pwsh","13","shell-integration-preparation-begin","167351"
"configured-pwsh","13","pty-config-ready","167382"
"configured-pwsh","13","pty-spawned","548790"
"configured-pwsh","13","pty-worker-ready","548860"
"configured-pwsh","13","terminal-state-created","6489"
"configured-pwsh","13","environment-build-end","176194"
"configured-pwsh","13","first-output-processed","562294"
"configured-pwsh","13","initial-grid-ready","125934"
"configured-pwsh","13","pty-created","175744"
"configured-pwsh","13","first-redraw-requested","126077"
"configured-pwsh","13","first-pty-bytes","562122"
"configured-pwsh","13","gpu-ready","120132"
"configured-pwsh","13","window-created","21748"
"configured-pwsh","13","pty-create-begin","167405"
"configured-pwsh","13","environment-build-begin","175794"
"configured-pwsh","13","child-spawned","548759"
"configured-pwsh","13","shell-integration-preparation-end","167370"
"configured-pwsh","13","shell-ready","1101253"
"configured-pwsh","13","workspace-restore-end","6872"
"configured-pwsh","13","fonts-ready","52241"
"configured-pwsh","13","workspace-restore-begin","6801"
"configured-pwsh","13","window-shown","167252"
"configured-pwsh","13","first-frame-presented","141266"
"configured-pwsh","13","config-loaded","7065"
"configured-pwsh","13","session-preparation-begin","167329"
"configured-pwsh","13","adapter-selected","93217"
"configured-pwsh","13","first-shell-text-processed","1121791"
"configured-pwsh","13","gpu-started","52254"
"configured-pwsh","13","session-config-ready","167391"
"configured-pwsh","13","child-spawn-requested","176209"
"configured-pwsh","13","application-started","562"
"configured-pwsh","13","shell-integration-end","1073163"
"cmd","13","pty-started","160830"
"cmd","13","fonts-started","20237"
"cmd","13","initial-size-sent","167993"
"cmd","13","renderer-ready","119046"
"cmd","13","pty-backend-created","160874"
"cmd","13","prompt-ready","318298"
"cmd","13","pty-spawn-complete","175858"
"cmd","13","first-shell-output-rendered","243553"
"cmd","13","device-queue-ready","114249"
"cmd","13","shell-integration-preparation-begin","160886"
"cmd","13","pty-config-ready","160948"
"cmd","13","pty-spawned","175780"
"cmd","13","pty-worker-ready","175844"
"cmd","13","terminal-state-created","5697"
"cmd","13","environment-build-end","168302"
"cmd","13","first-output-processed","193548"
"cmd","13","initial-grid-ready","119178"
"cmd","13","pty-created","167968"
"cmd","13","first-redraw-requested","119361"
"cmd","13","first-pty-bytes","193065"
"cmd","13","gpu-ready","114266"
"cmd","13","window-created","20069"
"cmd","13","pty-create-begin","160975"
"cmd","13","environment-build-begin","168006"
"cmd","13","child-spawned","175753"
"cmd","13","shell-integration-preparation-end","160913"
"cmd","13","shell-ready","318328"
"cmd","13","workspace-restore-end","6028"
"cmd","13","fonts-ready","50143"
"cmd","13","workspace-restore-begin","5969"
"cmd","13","window-shown","160763"
"cmd","13","first-frame-presented","134464"
"cmd","13","config-loaded","6059"
"cmd","13","session-preparation-begin","160858"
"cmd","13","adapter-selected","88929"
"cmd","13","first-shell-text-processed","212288"
"cmd","13","gpu-started","50157"
"cmd","13","session-config-ready","160960"
"cmd","13","child-spawn-requested","168315"
"cmd","13","application-started","333"
"no-profile","13","pty-started","152667"
"no-profile","13","fonts-started","19022"
"no-profile","13","initial-size-sent","159848"
"no-profile","13","renderer-ready","113383"
"no-profile","13","pty-backend-created","152704"
"no-profile","13","prompt-ready","971774"
"no-profile","13","pty-spawn-complete","516520"
"no-profile","13","first-shell-output-rendered","1001376"
"no-profile","13","shell-integration-begin","913936"
"no-profile","13","device-queue-ready","108963"
"no-profile","13","shell-integration-preparation-begin","152713"
"no-profile","13","pty-config-ready","152744"
"no-profile","13","pty-spawned","516430"
"no-profile","13","pty-worker-ready","516505"
"no-profile","13","terminal-state-created","4897"
"no-profile","13","environment-build-end","160171"
"no-profile","13","first-output-processed","527222"
"no-profile","13","initial-grid-ready","113505"
"no-profile","13","pty-created","159823"
"no-profile","13","first-redraw-requested","113662"
"no-profile","13","first-pty-bytes","527009"
"no-profile","13","gpu-ready","108980"
"no-profile","13","window-created","19009"
"no-profile","13","pty-create-begin","152766"
"no-profile","13","environment-build-begin","159863"
"no-profile","13","child-spawned","516404"
"no-profile","13","shell-integration-preparation-end","152733"
"no-profile","13","shell-ready","971807"
"no-profile","13","workspace-restore-end","5378"
"no-profile","13","fonts-ready","47034"
"no-profile","13","workspace-restore-begin","5319"
"no-profile","13","window-shown","152610"
"no-profile","13","first-frame-presented","129273"
"no-profile","13","config-loaded","5658"
"no-profile","13","session-preparation-begin","152691"
"no-profile","13","adapter-selected","84304"
"no-profile","13","first-shell-text-processed","980286"
"no-profile","13","gpu-started","47047"
"no-profile","13","session-config-ready","152753"
"no-profile","13","child-spawn-requested","160183"
"no-profile","13","application-started","262"
"no-profile","13","shell-integration-end","929241"
"cmd","14","pty-started","146320"
"cmd","14","fonts-started","17692"
"cmd","14","initial-size-sent","153867"
"cmd","14","renderer-ready","112711"
"cmd","14","pty-backend-created","146359"
"cmd","14","prompt-ready","295699"
"cmd","14","pty-spawn-complete","161910"
"cmd","14","first-shell-output-rendered","229809"
"cmd","14","device-queue-ready","108126"
"cmd","14","shell-integration-preparation-begin","146368"
"cmd","14","pty-config-ready","146403"
"cmd","14","pty-spawned","161837"
"cmd","14","pty-worker-ready","161896"
"cmd","14","terminal-state-created","4858"
"cmd","14","environment-build-end","154182"
"cmd","14","first-output-processed","176693"
"cmd","14","initial-grid-ready","112823"
"cmd","14","pty-created","153839"
"cmd","14","first-redraw-requested","112868"
"cmd","14","first-pty-bytes","176380"
"cmd","14","gpu-ready","108143"
"cmd","14","window-created","17539"
"cmd","14","pty-create-begin","146426"
"cmd","14","environment-build-begin","153880"
"cmd","14","child-spawned","161811"
"cmd","14","shell-integration-preparation-end","146392"
"cmd","14","shell-ready","295724"
"cmd","14","workspace-restore-end","5203"
"cmd","14","fonts-ready","45854"
"cmd","14","workspace-restore-begin","5135"
"cmd","14","window-shown","146234"
"cmd","14","first-frame-presented","126919"
"cmd","14","config-loaded","5238"
"cmd","14","session-preparation-begin","146345"
"cmd","14","adapter-selected","83322"
"cmd","14","first-shell-text-processed","198457"
"cmd","14","gpu-started","45864"
"cmd","14","session-config-ready","146413"
"cmd","14","child-spawn-requested","154194"
"cmd","14","application-started","294"
"no-profile","14","pty-started","164076"
"no-profile","14","fonts-started","20919"
"no-profile","14","initial-size-sent","171187"
"no-profile","14","renderer-ready","129804"
"no-profile","14","pty-backend-created","164111"
"no-profile","14","prompt-ready","975888"
"no-profile","14","pty-spawn-complete","521498"
"no-profile","14","first-shell-output-rendered","1018838"
"no-profile","14","shell-integration-begin","913839"
"no-profile","14","device-queue-ready","124299"
"no-profile","14","shell-integration-preparation-begin","164121"
"no-profile","14","pty-config-ready","164149"
"no-profile","14","pty-spawned","521422"
"no-profile","14","pty-worker-ready","521484"
"no-profile","14","terminal-state-created","6206"
"no-profile","14","environment-build-end","171523"
"no-profile","14","first-output-processed","532115"
"no-profile","14","initial-grid-ready","129953"
"no-profile","14","pty-created","171161"
"no-profile","14","first-redraw-requested","130114"
"no-profile","14","first-pty-bytes","531965"
"no-profile","14","gpu-ready","124318"
"no-profile","14","window-created","20906"
"no-profile","14","pty-create-begin","164171"
"no-profile","14","environment-build-begin","171200"
"no-profile","14","child-spawned","521396"
"no-profile","14","shell-integration-preparation-end","164139"
"no-profile","14","shell-ready","975921"
"no-profile","14","workspace-restore-end","6628"
"no-profile","14","fonts-ready","51649"
"no-profile","14","workspace-restore-begin","6557"
"no-profile","14","window-shown","164022"
"no-profile","14","first-frame-presented","145602"
"no-profile","14","config-loaded","6851"
"no-profile","14","session-preparation-begin","164098"
"no-profile","14","adapter-selected","97693"
"no-profile","14","first-shell-text-processed","997517"
"no-profile","14","gpu-started","51661"
"no-profile","14","session-config-ready","164158"
"no-profile","14","child-spawn-requested","171544"
"no-profile","14","application-started","477"
"no-profile","14","shell-integration-end","931028"
"configured-pwsh","14","pty-started","151234"
"configured-pwsh","14","fonts-started","20146"
"configured-pwsh","14","initial-size-sent","158525"
"configured-pwsh","14","renderer-ready","114227"
"configured-pwsh","14","pty-backend-created","151270"
"configured-pwsh","14","prompt-ready","1030101"
"configured-pwsh","14","pty-spawn-complete","512251"
"configured-pwsh","14","first-shell-output-rendered","1046153"
"configured-pwsh","14","shell-integration-begin","994521"
"configured-pwsh","14","device-queue-ready","110062"
"configured-pwsh","14","shell-integration-preparation-begin","151281"
"configured-pwsh","14","pty-config-ready","151310"
"configured-pwsh","14","pty-spawned","512170"
"configured-pwsh","14","pty-worker-ready","512236"
"configured-pwsh","14","terminal-state-created","4494"
"configured-pwsh","14","environment-build-end","159098"
"configured-pwsh","14","first-output-processed","523122"
"configured-pwsh","14","initial-grid-ready","114343"
"configured-pwsh","14","pty-created","158501"
"configured-pwsh","14","first-redraw-requested","114412"
"configured-pwsh","14","first-pty-bytes","522968"
"configured-pwsh","14","gpu-ready","110078"
"configured-pwsh","14","window-created","20133"
"configured-pwsh","14","pty-create-begin","151332"
"configured-pwsh","14","environment-build-begin","158537"
"configured-pwsh","14","child-spawned","512140"
"configured-pwsh","14","shell-integration-preparation-end","151299"
"configured-pwsh","14","shell-ready","1030132"
"configured-pwsh","14","workspace-restore-end","4810"
"configured-pwsh","14","fonts-ready","47032"
"configured-pwsh","14","workspace-restore-begin","4750"
"configured-pwsh","14","window-shown","151176"
"configured-pwsh","14","first-frame-presented","130251"
"configured-pwsh","14","config-loaded","5111"
"configured-pwsh","14","session-preparation-begin","151258"
"configured-pwsh","14","adapter-selected","84622"
"configured-pwsh","14","first-shell-text-processed","1032353"
"configured-pwsh","14","gpu-started","47042"
"configured-pwsh","14","session-config-ready","151319"
"configured-pwsh","14","child-spawn-requested","159116"
"configured-pwsh","14","application-started","316"
"configured-pwsh","14","shell-integration-end","1003205"
"no-profile","15","pty-started","165759"
"no-profile","15","fonts-started","20832"
"no-profile","15","initial-size-sent","174505"
"no-profile","15","renderer-ready","124641"
"no-profile","15","pty-backend-created","165834"
"no-profile","15","prompt-ready","983788"
"no-profile","15","pty-spawn-complete","543620"
"no-profile","15","first-shell-output-rendered","1021326"
"no-profile","15","shell-integration-begin","925307"
"no-profile","15","device-queue-ready","118980"
"no-profile","15","shell-integration-preparation-begin","165844"
"no-profile","15","pty-config-ready","165876"
"no-profile","15","pty-spawned","543526"
"no-profile","15","pty-worker-ready","543606"
"no-profile","15","terminal-state-created","5331"
"no-profile","15","environment-build-end","174814"
"no-profile","15","first-output-processed","553940"
"no-profile","15","initial-grid-ready","124780"
"no-profile","15","pty-created","174479"
"no-profile","15","first-redraw-requested","124910"
"no-profile","15","first-pty-bytes","553767"
"no-profile","15","gpu-ready","119000"
"no-profile","15","window-created","20820"
"no-profile","15","pty-create-begin","165899"
"no-profile","15","environment-build-begin","174519"
"no-profile","15","child-spawned","543496"
"no-profile","15","shell-integration-preparation-end","165865"
"no-profile","15","shell-ready","983817"
"no-profile","15","workspace-restore-end","5686"
"no-profile","15","fonts-ready","50149"
"no-profile","15","workspace-restore-begin","5617"
"no-profile","15","window-shown","165707"
"no-profile","15","first-frame-presented","140348"
"no-profile","15","config-loaded","5873"
"no-profile","15","session-preparation-begin","165820"
"no-profile","15","adapter-selected","93303"
"no-profile","15","first-shell-text-processed","1001861"
"no-profile","15","gpu-started","50160"
"no-profile","15","session-config-ready","165886"
"no-profile","15","child-spawn-requested","174827"
"no-profile","15","application-started","360"
"no-profile","15","shell-integration-end","942286"
"configured-pwsh","15","pty-started","164625"
"configured-pwsh","15","fonts-started","21012"
"configured-pwsh","15","initial-size-sent","172844"
"configured-pwsh","15","renderer-ready","123790"
"configured-pwsh","15","pty-backend-created","164663"
"configured-pwsh","15","prompt-ready","1059035"
"configured-pwsh","15","pty-spawn-complete","531671"
"configured-pwsh","15","first-shell-output-rendered","1086360"
"configured-pwsh","15","shell-integration-begin","1020087"
"configured-pwsh","15","device-queue-ready","119007"
"configured-pwsh","15","shell-integration-preparation-begin","164672"
"configured-pwsh","15","pty-config-ready","164701"
"configured-pwsh","15","pty-spawned","531574"
"configured-pwsh","15","pty-worker-ready","531658"
"configured-pwsh","15","terminal-state-created","4821"
"configured-pwsh","15","environment-build-end","173309"
"configured-pwsh","15","first-output-processed","543212"
"configured-pwsh","15","initial-grid-ready","123918"
"configured-pwsh","15","pty-created","172811"
"configured-pwsh","15","first-redraw-requested","124000"
"configured-pwsh","15","first-pty-bytes","543009"
"configured-pwsh","15","gpu-ready","119025"
"configured-pwsh","15","window-created","20999"
"configured-pwsh","15","pty-create-begin","164725"
"configured-pwsh","15","environment-build-begin","172859"
"configured-pwsh","15","child-spawned","531547"
"configured-pwsh","15","shell-integration-preparation-end","164691"
"configured-pwsh","15","shell-ready","1059070"
"configured-pwsh","15","workspace-restore-end","5162"
"configured-pwsh","15","fonts-ready","52208"
"configured-pwsh","15","workspace-restore-begin","5093"
"configured-pwsh","15","window-shown","164566"
"configured-pwsh","15","first-frame-presented","140486"
"configured-pwsh","15","config-loaded","5329"
"configured-pwsh","15","session-preparation-begin","164649"
"configured-pwsh","15","adapter-selected","92705"
"configured-pwsh","15","first-shell-text-processed","1075817"
"configured-pwsh","15","gpu-started","52220"
"configured-pwsh","15","session-config-ready","164711"
"configured-pwsh","15","child-spawn-requested","173327"
"configured-pwsh","15","application-started","286"
"configured-pwsh","15","shell-integration-end","1029872"
"cmd","15","pty-started","157653"
"cmd","15","fonts-started","22098"
"cmd","15","initial-size-sent","166774"
"cmd","15","renderer-ready","120340"
"cmd","15","pty-backend-created","157697"
"cmd","15","prompt-ready","295879"
"cmd","15","pty-spawn-complete","175486"
"cmd","15","first-shell-output-rendered","232070"
"cmd","15","device-queue-ready","115950"
"cmd","15","shell-integration-preparation-begin","157707"
"cmd","15","pty-config-ready","157743"
"cmd","15","pty-spawned","175413"
"cmd","15","pty-worker-ready","175472"
"cmd","15","terminal-state-created","6231"
"cmd","15","environment-build-end","167201"
"cmd","15","first-output-processed","188670"
"cmd","15","initial-grid-ready","120425"
"cmd","15","pty-created","166738"
"cmd","15","first-redraw-requested","120467"
"cmd","15","first-pty-bytes","188515"
"cmd","15","gpu-ready","115970"
"cmd","15","window-created","21889"
"cmd","15","pty-create-begin","157770"
"cmd","15","environment-build-begin","166793"
"cmd","15","child-spawned","175386"
"cmd","15","shell-integration-preparation-end","157732"
"cmd","15","shell-ready","295906"
"cmd","15","workspace-restore-end","6612"
"cmd","15","fonts-ready","50044"
"cmd","15","workspace-restore-begin","6543"
"cmd","15","window-shown","157565"
"cmd","15","first-frame-presented","135290"
"cmd","15","config-loaded","6649"
"cmd","15","session-preparation-begin","157684"
"cmd","15","adapter-selected","88102"
"cmd","15","first-shell-text-processed","200605"
"cmd","15","gpu-started","50066"
"cmd","15","session-config-ready","157752"
"cmd","15","child-spawn-requested","167218"
"cmd","15","application-started","435"
